product_sku,quantity_sold,date
LAP-001,3,2023-01-26
LAP-001,1,2023-01-27
LAP-001,4,2023-01-28
LAP-001,1,2023-01-29
LAP-001,3,2023-01-31
LAP-001,1,2023-02-01
LAP-001,1,2023-02-02
LAP-001,2,2023-02-03
LAP-001,4,2023-02-04
LAP-001,5,2023-02-05
LAP-001,1,2023-02-07
LAP-001,2,2023-02-08
LAP-001,3,2023-02-10
LAP-001,3,2023-02-12
LAP-001,2,2023-02-14
LAP-001,1,2023-02-15
LAP-001,5,2023-02-16
LAP-001,3,2023-02-17
LAP-001,3,2023-02-18
LAP-001,3,2023-02-19
LAP-001,1,2023-02-20
LAP-001,1,2023-02-21
LAP-001,4,2023-02-22
LAP-001,4,2023-02-23
LAP-001,2,2023-02-24
LAP-001,2,2023-02-25
LAP-001,2,2023-02-27
LAP-001,2,2023-02-28
LAP-001,2,2023-03-01
LAP-001,3,2023-03-02
LAP-001,1,2023-03-03
LAP-001,1,2023-03-04
LAP-001,3,2023-03-05
LAP-001,4,2023-03-06
LAP-001,6,2023-03-07
LAP-001,1,2023-03-08
LAP-001,2,2023-03-09
LAP-001,1,2023-03-10
LAP-001,1,2023-03-11
LAP-001,1,2023-03-14
LAP-001,4,2023-03-15
LAP-001,2,2023-03-16
LAP-001,2,2023-03-17
LAP-001,4,2023-03-18
LAP-001,5,2023-03-19
LAP-001,1,2023-03-20
LAP-001,2,2023-03-21
LAP-001,2,2023-03-22
LAP-001,2,2023-03-23
LAP-001,3,2023-03-24
LAP-001,1,2023-03-25
LAP-001,1,2023-03-26
LAP-001,1,2023-03-27
LAP-001,2,2023-03-28
LAP-001,2,2023-03-29
LAP-001,5,2023-03-30
LAP-001,3,2023-03-31
LAP-001,5,2023-04-01
LAP-001,1,2023-04-02
LAP-001,2,2023-04-04
LAP-001,2,2023-04-06
LAP-001,3,2023-04-07
LAP-001,2,2023-04-08
LAP-001,1,2023-04-09
LAP-001,5,2023-04-10
LAP-001,4,2023-04-12
LAP-001,2,2023-04-13
LAP-001,2,2023-04-14
LAP-001,5,2023-04-15
LAP-001,3,2023-04-16
LAP-001,4,2023-04-17
LAP-001,1,2023-04-19
LAP-001,2,2023-04-20
LAP-001,2,2023-04-21
LAP-001,2,2023-04-22
LAP-001,2,2023-04-23
LAP-001,2,2023-04-24
LAP-001,5,2023-04-26
LAP-001,5,2023-04-27
LAP-001,3,2023-04-28
LAP-001,2,2023-04-30
LAP-001,2,2023-05-01
LAP-001,1,2023-05-02
LAP-001,1,2023-05-03
LAP-001,3,2023-05-04
LAP-001,2,2023-05-05
LAP-001,3,2023-05-06
LAP-001,4,2023-05-07
LAP-001,2,2023-05-08
LAP-001,1,2023-05-09
LAP-001,3,2023-05-10
LAP-001,1,2023-05-12
LAP-001,1,2023-05-13
LAP-001,2,2023-05-14
LAP-001,4,2023-05-15
LAP-001,3,2023-05-16
LAP-001,3,2023-05-17
LAP-001,2,2023-05-18
LAP-001,1,2023-05-19
LAP-001,5,2023-05-21
LAP-001,5,2023-05-22
LAP-001,2,2023-05-24
LAP-001,2,2023-05-25
LAP-001,1,2023-05-27
LAP-001,2,2023-05-28
LAP-001,1,2023-05-29
LAP-001,1,2023-05-30
LAP-001,2,2023-05-31
LAP-001,2,2023-06-01
LAP-001,6,2023-06-02
LAP-001,3,2023-06-03
LAP-001,2,2023-06-04
LAP-001,3,2023-06-05
LAP-001,1,2023-06-07
LAP-001,1,2023-06-08
LAP-001,2,2023-06-09
LAP-001,2,2023-06-10
LAP-001,1,2023-06-11
LAP-001,2,2023-06-12
LAP-001,1,2023-06-13
LAP-001,1,2023-06-14
LAP-001,5,2023-06-15
LAP-001,2,2023-06-16
LAP-001,3,2023-06-17
LAP-001,1,2023-06-18
LAP-001,3,2023-06-19
LAP-001,2,2023-06-20
LAP-001,1,2023-06-22
LAP-001,5,2023-06-23
LAP-001,1,2023-06-25
LAP-001,1,2023-06-26
LAP-001,1,2023-06-27
LAP-001,2,2023-06-28
LAP-001,1,2023-06-29
LAP-001,2,2023-06-30
LAP-001,1,2023-07-01
LAP-001,4,2023-07-02
LAP-001,4,2023-07-03
LAP-001,3,2023-07-04
LAP-001,2,2023-07-05
LAP-001,4,2023-07-06
LAP-001,2,2023-07-07
LAP-001,5,2023-07-10
LAP-001,2,2023-07-11
LAP-001,2,2023-07-12
LAP-001,1,2023-07-13
LAP-001,3,2023-07-14
LAP-001,2,2023-07-15
LAP-001,2,2023-07-16
LAP-001,1,2023-07-17
LAP-001,1,2023-07-18
LAP-001,1,2023-07-20
LAP-001,2,2023-07-21
LAP-001,1,2023-07-22
LAP-001,1,2023-07-23
LAP-001,1,2023-07-24
LAP-001,3,2023-07-25
LAP-001,1,2023-07-26
LAP-001,1,2023-07-27
LAP-001,3,2023-07-28
LAP-001,3,2023-07-29
LAP-001,1,2023-07-30
LAP-001,3,2023-07-31
LAP-001,4,2023-08-01
LAP-001,2,2023-08-02
LAP-001,1,2023-08-03
LAP-001,5,2023-08-07
LAP-001,2,2023-08-08
LAP-001,1,2023-08-09
LAP-001,1,2023-08-10
LAP-001,2,2023-08-11
LAP-001,1,2023-08-12
LAP-001,3,2023-08-13
LAP-001,1,2023-08-15
LAP-001,2,2023-08-16
LAP-001,3,2023-08-17
LAP-001,4,2023-08-18
LAP-001,2,2023-08-20
LAP-001,3,2023-08-21
LAP-001,4,2023-08-22
LAP-001,1,2023-08-23
LAP-001,2,2023-08-24
LAP-001,2,2023-08-25
LAP-001,1,2023-08-26
LAP-001,3,2023-08-27
LAP-001,2,2023-08-28
LAP-001,2,2023-08-29
LAP-001,5,2023-08-30
LAP-001,3,2023-09-01
LAP-001,2,2023-09-02
LAP-001,3,2023-09-03
LAP-001,1,2023-09-04
LAP-001,4,2023-09-05
LAP-001,1,2023-09-06
LAP-001,5,2023-09-07
LAP-001,2,2023-09-08
LAP-001,3,2023-09-09
LAP-001,4,2023-09-10
LAP-001,2,2023-09-11
LAP-001,2,2023-09-12
LAP-001,3,2023-09-14
LAP-001,2,2023-09-16
LAP-001,4,2023-09-18
LAP-001,4,2023-09-19
LAP-001,1,2023-09-21
LAP-001,2,2023-09-23
LAP-001,3,2023-09-24
LAP-001,2,2023-09-25
LAP-001,2,2023-09-26
LAP-001,1,2023-09-28
LAP-001,2,2023-09-30
LAP-001,2,2023-10-01
LAP-001,3,2023-10-02
LAP-001,2,2023-10-03
LAP-001,3,2023-10-05
LAP-001,2,2023-10-06
LAP-001,3,2023-10-07
LAP-001,1,2023-10-08
LAP-001,2,2023-10-09
LAP-001,2,2023-10-10
LAP-001,3,2023-10-11
LAP-001,4,2023-10-12
LAP-001,2,2023-10-13
LAP-001,3,2023-10-14
LAP-001,2,2023-10-15
LAP-001,2,2023-10-16
LAP-001,3,2023-10-18
LAP-001,3,2023-10-19
LAP-001,2,2023-10-20
LAP-001,1,2023-10-21
LAP-001,3,2023-10-23
LAP-001,1,2023-10-24
LAP-001,2,2023-10-25
LAP-001,2,2023-10-26
LAP-001,2,2023-10-28
LAP-001,3,2023-10-29
LAP-001,1,2023-10-30
LAP-001,2,2023-10-31
LAP-001,2,2023-11-01
LAP-001,1,2023-11-03
LAP-001,4,2023-11-04
LAP-001,2,2023-11-06
LAP-001,1,2023-11-07
LAP-001,1,2023-11-08
LAP-001,2,2023-11-09
LAP-001,2,2023-11-10
LAP-001,3,2023-11-11
LAP-001,3,2023-11-12
LAP-001,1,2023-11-13
LAP-001,1,2023-11-14
LAP-001,3,2023-11-15
LAP-001,1,2023-11-16
LAP-001,1,2023-11-17
LAP-001,2,2023-11-18
LAP-001,1,2023-11-19
LAP-001,3,2023-11-20
LAP-001,1,2023-11-21
LAP-001,1,2023-11-22
LAP-001,4,2023-11-23
LAP-001,1,2023-11-24
LAP-001,2,2023-11-25
LAP-001,1,2023-11-26
LAP-001,2,2023-11-27
LAP-001,4,2023-11-28
LAP-001,1,2023-11-29
LAP-001,1,2023-11-30
LAP-001,3,2023-12-01
LAP-001,1,2023-12-02
LAP-001,4,2023-12-03
LAP-001,4,2023-12-05
LAP-001,3,2023-12-06
LAP-001,4,2023-12-07
LAP-001,2,2023-12-08
LAP-001,1,2023-12-09
LAP-001,1,2023-12-11
LAP-001,2,2023-12-12
LAP-001,2,2023-12-13
LAP-001,3,2023-12-14
LAP-001,3,2023-12-15
LAP-001,1,2023-12-16
LAP-001,1,2023-12-17
LAP-001,2,2023-12-18
LAP-001,2,2023-12-19
LAP-001,1,2023-12-20
LAP-001,5,2023-12-21
LAP-001,2,2023-12-22
LAP-001,2,2023-12-23
LAP-001,3,2023-12-26
LAP-001,3,2023-12-27
LAP-001,1,2023-12-29
LAP-001,2,2023-12-30
LAP-001,1,2023-12-31
LAP-001,3,2024-01-01
LAP-001,4,2024-01-03
LAP-001,1,2024-01-04
LAP-001,2,2024-01-05
LAP-001,4,2024-01-06
LAP-001,1,2024-01-07
LAP-001,1,2024-01-08
LAP-001,2,2024-01-09
LAP-001,3,2024-01-11
LAP-001,7,2024-01-12
LAP-001,2,2024-01-14
LAP-001,1,2024-01-15
LAP-001,1,2024-01-16
LAP-001,2,2024-01-17
LAP-001,2,2024-01-18
LAP-001,4,2024-01-19
LAP-001,2,2024-01-20
LAP-001,2,2024-01-21
LAP-001,2,2024-01-22
LAP-001,3,2024-01-23
LAP-001,1,2024-01-24
LAP-001,2,2024-01-25
LAP-001,5,2024-01-26
LAP-001,3,2024-01-27
LAP-001,1,2024-01-28
LAP-001,3,2024-01-29
LAP-001,2,2024-01-30
LAP-001,4,2024-01-31
LAP-001,4,2024-02-01
LAP-001,3,2024-02-02
LAP-001,2,2024-02-03
LAP-001,5,2024-02-04
LAP-001,1,2024-02-05
LAP-001,3,2024-02-07
LAP-001,1,2024-02-08
LAP-001,1,2024-02-10
LAP-001,3,2024-02-11
LAP-001,1,2024-02-12
LAP-001,2,2024-02-13
LAP-001,5,2024-02-14
LAP-001,2,2024-02-15
LAP-001,3,2024-02-16
LAP-001,3,2024-02-17
LAP-001,1,2024-02-19
LAP-001,4,2024-02-20
LAP-001,1,2024-02-21
LAP-001,1,2024-02-22
LAP-001,5,2024-02-24
LAP-001,5,2024-02-25
LAP-001,4,2024-02-27
LAP-001,2,2024-02-29
LAP-001,1,2024-03-01
LAP-001,4,2024-03-03
LAP-001,1,2024-03-05
LAP-001,3,2024-03-06
LAP-001,4,2024-03-07
LAP-001,1,2024-03-08
LAP-001,3,2024-03-09
LAP-001,1,2024-03-10
LAP-001,2,2024-03-11
LAP-001,1,2024-03-12
LAP-001,1,2024-03-13
LAP-001,1,2024-03-15
LAP-001,1,2024-03-16
LAP-001,3,2024-03-18
LAP-001,2,2024-03-19
LAP-001,2,2024-03-20
LAP-001,2,2024-03-23
LAP-001,3,2024-03-24
LAP-001,1,2024-03-25
LAP-001,5,2024-03-26
LAP-001,3,2024-03-27
LAP-001,4,2024-03-29
LAP-001,3,2024-03-31
LAP-001,1,2024-04-01
LAP-001,1,2024-04-02
LAP-001,2,2024-04-03
LAP-001,2,2024-04-05
LAP-001,1,2024-04-08
LAP-001,2,2024-04-09
LAP-001,3,2024-04-11
LAP-001,3,2024-04-13
LAP-001,2,2024-04-14
LAP-001,3,2024-04-15
LAP-001,5,2024-04-16
LAP-001,1,2024-04-17
LAP-001,1,2024-04-18
LAP-001,1,2024-04-20
LAP-001,1,2024-04-22
LAP-001,3,2024-04-23
LAP-001,1,2024-04-24
LAP-001,1,2024-04-25
LAP-001,2,2024-04-26
LAP-001,1,2024-04-27
LAP-001,2,2024-04-28
LAP-001,2,2024-04-29
LAP-001,1,2024-04-30
LAP-001,1,2024-05-01
LAP-001,2,2024-05-02
LAP-001,1,2024-05-03
LAP-001,5,2024-05-04
LAP-001,1,2024-05-05
LAP-001,4,2024-05-06
LAP-001,3,2024-05-08
LAP-001,1,2024-05-09
LAP-001,3,2024-05-10
LAP-001,1,2024-05-12
LAP-001,2,2024-05-13
LAP-001,3,2024-05-15
LAP-001,3,2024-05-16
LAP-001,2,2024-05-17
LAP-001,3,2024-05-18
LAP-001,1,2024-05-19
LAP-001,1,2024-05-20
LAP-001,1,2024-05-21
LAP-001,1,2024-05-22
LAP-001,3,2024-05-23
LAP-001,3,2024-05-24
LAP-001,2,2024-05-26
LAP-001,2,2024-05-28
LAP-001,1,2024-05-29
LAP-001,2,2024-05-31
LAP-001,3,2024-06-02
LAP-001,2,2024-06-03
LAP-001,1,2024-06-04
LAP-001,2,2024-06-05
LAP-001,2,2024-06-06
LAP-001,4,2024-06-07
LAP-001,2,2024-06-08
LAP-001,1,2024-06-09
LAP-001,1,2024-06-10
LAP-001,2,2024-06-12
LAP-001,2,2024-06-13
LAP-001,3,2024-06-15
LAP-001,2,2024-06-16
LAP-001,1,2024-06-17
LAP-001,3,2024-06-18
LAP-001,2,2024-06-19
LAP-001,2,2024-06-20
LAP-001,1,2024-06-21
LAP-001,1,2024-06-22
LAP-001,1,2024-06-23
LAP-001,3,2024-06-24
LAP-001,1,2024-06-25
LAP-001,3,2024-06-26
LAP-001,1,2024-06-27
LAP-001,2,2024-06-28
LAP-001,7,2024-06-29
LAP-001,2,2024-06-30
LAP-001,3,2024-07-01
LAP-001,6,2024-07-02
LAP-001,2,2024-07-03
LAP-001,2,2024-07-04
LAP-001,1,2024-07-05
LAP-001,2,2024-07-06
LAP-001,2,2024-07-07
LAP-001,1,2024-07-08
LAP-001,1,2024-07-09
LAP-001,2,2024-07-10
LAP-001,5,2024-07-11
LAP-001,1,2024-07-12
LAP-001,3,2024-07-13
LAP-001,1,2024-07-14
LAP-001,2,2024-07-15
LAP-001,1,2024-07-16
LAP-001,1,2024-07-17
LAP-001,3,2024-07-18
LAP-001,2,2024-07-19
LAP-001,4,2024-07-20
LAP-001,1,2024-07-21
LAP-001,3,2024-07-22
LAP-001,2,2024-07-23
LAP-001,2,2024-07-24
LAP-001,3,2024-07-26
LAP-001,1,2024-07-27
LAP-001,1,2024-07-28
LAP-001,1,2024-07-29
LAP-001,2,2024-07-30
LAP-001,1,2024-07-31
LAP-001,3,2024-08-01
LAP-001,2,2024-08-02
LAP-001,1,2024-08-03
LAP-001,1,2024-08-04
LAP-001,4,2024-08-05
LAP-001,4,2024-08-07
LAP-001,2,2024-08-08
LAP-001,3,2024-08-09
LAP-001,3,2024-08-11
LAP-001,4,2024-08-13
LAP-001,1,2024-08-14
LAP-001,1,2024-08-15
LAP-001,1,2024-08-16
LAP-001,1,2024-08-17
LAP-001,3,2024-08-18
LAP-001,2,2024-08-19
LAP-001,4,2024-08-20
LAP-001,2,2024-08-21
LAP-001,1,2024-08-22
LAP-001,4,2024-08-23
LAP-001,3,2024-08-24
LAP-001,1,2024-08-25
LAP-001,1,2024-08-26
LAP-001,1,2024-08-27
LAP-001,2,2024-08-28
LAP-001,2,2024-08-29
LAP-001,2,2024-08-30
LAP-001,2,2024-08-31
LAP-001,5,2024-09-01
LAP-001,1,2024-09-02
LAP-001,1,2024-09-03
LAP-001,2,2024-09-04
LAP-001,5,2024-09-05
LAP-001,3,2024-09-07
LAP-001,4,2024-09-08
LAP-001,1,2024-09-09
LAP-001,2,2024-09-10
LAP-001,2,2024-09-11
LAP-001,1,2024-09-12
LAP-001,1,2024-09-13
LAP-001,1,2024-09-14
LAP-001,1,2024-09-16
LAP-001,2,2024-09-17
LAP-001,4,2024-09-18
LAP-001,2,2024-09-19
LAP-001,4,2024-09-20
LAP-001,1,2024-09-21
LAP-001,2,2024-09-22
LAP-001,2,2024-09-23
LAP-001,2,2024-09-24
LAP-001,1,2024-09-25
LAP-001,2,2024-09-26
LAP-001,1,2024-09-27
LAP-001,2,2024-09-28
LAP-001,1,2024-09-29
LAP-001,1,2024-09-30
LAP-001,4,2024-10-01
LAP-001,2,2024-10-02
LAP-001,2,2024-10-04
LAP-001,2,2024-10-05
LAP-001,3,2024-10-06
LAP-001,1,2024-10-07
LAP-001,2,2024-10-08
LAP-001,2,2024-10-09
LAP-001,4,2024-10-10
LAP-001,2,2024-10-11
LAP-001,1,2024-10-12
LAP-001,5,2024-10-14
LAP-001,1,2024-10-15
LAP-001,3,2024-10-16
LAP-001,1,2024-10-17
LAP-001,1,2024-10-18
LAP-001,3,2024-10-19
LAP-001,5,2024-10-22
LAP-001,2,2024-10-23
LAP-001,4,2024-10-24
LAP-001,1,2024-10-25
LAP-001,3,2024-10-26
LAP-001,1,2024-10-27
LAP-001,1,2024-10-28
LAP-001,3,2024-10-29
LAP-001,1,2024-10-30
LAP-001,3,2024-10-31
LAP-001,2,2024-11-01
LAP-001,1,2024-11-02
LAP-001,2,2024-11-03
LAP-001,2,2024-11-05
LAP-001,2,2024-11-06
LAP-001,3,2024-11-07
LAP-001,1,2024-11-08
LAP-001,2,2024-11-09
LAP-001,3,2024-11-11
LAP-001,1,2024-11-12
LAP-001,3,2024-11-13
LAP-001,3,2024-11-14
LAP-001,3,2024-11-15
LAP-001,4,2024-11-16
LAP-001,4,2024-11-17
LAP-001,3,2024-11-18
LAP-001,5,2024-11-19
LAP-001,3,2024-11-20
LAP-001,3,2024-11-22
LAP-001,5,2024-11-23
LAP-001,2,2024-11-24
LAP-001,3,2024-11-25
LAP-001,3,2024-11-26
LAP-001,2,2024-11-27
LAP-001,1,2024-11-28
LAP-001,2,2024-11-29
LAP-001,2,2024-11-30
LAP-001,1,2024-12-01
LAP-001,1,2024-12-02
LAP-001,2,2024-12-03
LAP-001,5,2024-12-04
LAP-001,1,2024-12-05
LAP-001,3,2024-12-06
LAP-001,3,2024-12-07
LAP-001,1,2024-12-08
LAP-001,3,2024-12-09
LAP-001,1,2024-12-10
LAP-001,1,2024-12-11
LAP-001,2,2024-12-12
LAP-001,1,2024-12-13
LAP-001,3,2024-12-14
LAP-001,2,2024-12-15
LAP-001,4,2024-12-16
LAP-001,1,2024-12-17
LAP-001,1,2024-12-18
LAP-001,1,2024-12-19
LAP-001,2,2024-12-20
LAP-001,3,2024-12-21
LAP-001,1,2024-12-22
LAP-001,2,2024-12-23
LAP-001,2,2024-12-25
LAP-001,3,2024-12-26
LAP-001,1,2024-12-27
LAP-001,2,2024-12-29
LAP-001,2,2024-12-30
LAP-001,1,2024-12-31
LAP-001,3,2025-01-01
LAP-001,6,2025-01-02
LAP-001,3,2025-01-03
LAP-001,1,2025-01-05
LAP-001,1,2025-01-06
LAP-001,2,2025-01-08
LAP-001,2,2025-01-10
LAP-001,1,2025-01-11
LAP-001,1,2025-01-12
LAP-001,2,2025-01-13
LAP-001,1,2025-01-14
LAP-001,3,2025-01-15
LAP-001,2,2025-01-16
LAP-001,4,2025-01-17
LAP-001,1,2025-01-18
LAP-001,3,2025-01-19
LAP-001,2,2025-01-20
LAP-001,3,2025-01-21
LAP-001,5,2025-01-22
LAP-001,2,2025-01-23
LAP-001,2,2025-01-24
LAP-001,4,2025-01-25
LAP-001,2,2025-01-28
LAP-001,2,2025-01-31
LAP-001,2,2025-02-01
LAP-001,3,2025-02-02
LAP-001,2,2025-02-03
LAP-001,1,2025-02-04
LAP-001,3,2025-02-05
LAP-001,1,2025-02-07
LAP-001,3,2025-02-08
LAP-001,3,2025-02-09
LAP-001,2,2025-02-10
LAP-001,3,2025-02-11
LAP-001,5,2025-02-12
LAP-001,5,2025-02-13
LAP-001,1,2025-02-14
LAP-001,2,2025-02-15
LAP-001,2,2025-02-16
LAP-001,1,2025-02-17
LAP-001,1,2025-02-18
LAP-001,3,2025-02-19
LAP-001,3,2025-02-20
LAP-001,3,2025-02-21
LAP-001,1,2025-02-22
LAP-001,5,2025-02-23
LAP-001,3,2025-02-24
LAP-001,2,2025-02-25
LAP-001,3,2025-02-26
LAP-001,2,2025-02-27
LAP-001,1,2025-02-28
LAP-001,2,2025-03-01
LAP-001,4,2025-03-02
LAP-001,1,2025-03-03
LAP-001,2,2025-03-04
LAP-001,3,2025-03-05
LAP-001,7,2025-03-06
LAP-001,2,2025-03-07
LAP-001,3,2025-03-08
LAP-001,1,2025-03-09
LAP-001,4,2025-03-10
LAP-001,2,2025-03-12
LAP-001,2,2025-03-14
LAP-001,1,2025-03-15
LAP-001,1,2025-03-16
LAP-001,2,2025-03-17
LAP-001,1,2025-03-18
LAP-001,1,2025-03-19
LAP-001,2,2025-03-20
LAP-001,1,2025-03-21
LAP-001,3,2025-03-22
LAP-001,4,2025-03-23
LAP-001,2,2025-03-24
LAP-001,2,2025-03-25
LAP-001,2,2025-03-26
LAP-001,4,2025-03-27
LAP-001,2,2025-03-29
LAP-001,3,2025-03-30
LAP-001,6,2025-03-31
LAP-001,3,2025-04-01
LAP-001,2,2025-04-02
LAP-001,2,2025-04-03
LAP-001,3,2025-04-04
LAP-001,1,2025-04-05
LAP-001,4,2025-04-06
LAP-001,4,2025-04-07
LAP-001,2,2025-04-08
LAP-001,1,2025-04-10
LAP-001,2,2025-04-11
LAP-001,2,2025-04-12
LAP-001,2,2025-04-14
LAP-001,3,2025-04-15
LAP-001,1,2025-04-16
LAP-001,2,2025-04-17
LAP-001,2,2025-04-19
LAP-001,4,2025-04-20
LAP-001,1,2025-04-21
LAP-001,3,2025-04-22
LAP-001,3,2025-04-23
LAP-001,2,2025-04-24
LAP-001,1,2025-04-26
LAP-001,1,2025-04-27
LAP-001,4,2025-04-28
LAP-001,7,2025-04-29
LAP-001,2,2025-04-30
LAP-001,2,2025-05-01
LAP-001,2,2025-05-02
LAP-001,1,2025-05-03
LAP-001,3,2025-05-04
LAP-001,4,2025-05-05
LAP-001,2,2025-05-06
LAP-001,1,2025-05-07
LAP-001,1,2025-05-08
LAP-001,2,2025-05-09
LAP-001,2,2025-05-10
LAP-001,2,2025-05-11
LAP-001,3,2025-05-12
LAP-001,4,2025-05-13
LAP-001,2,2025-05-14
LAP-001,1,2025-05-15
LAP-001,1,2025-05-16
LAP-001,1,2025-05-17
LAP-001,5,2025-05-18
LAP-001,1,2025-05-19
LAP-001,1,2025-05-20
LAP-001,4,2025-05-21
LAP-001,1,2025-05-22
LAP-001,2,2025-05-23
LAP-001,2,2025-05-24
LAP-001,1,2025-05-25
LAP-001,2,2025-05-26
LAP-001,2,2025-05-27
LAP-001,1,2025-05-28
LAP-001,2,2025-05-29
LAP-001,1,2025-06-01
LAP-001,3,2025-06-02
LAP-001,2,2025-06-03
LAP-001,3,2025-06-04
LAP-001,3,2025-06-05
LAP-001,2,2025-06-06
LAP-001,1,2025-06-07
LAP-001,1,2025-06-08
LAP-001,1,2025-06-09
LAP-001,2,2025-06-11
LAP-001,1,2025-06-12
LAP-001,4,2025-06-13
LAP-001,2,2025-06-14
LAP-001,3,2025-06-15
LAP-001,2,2025-06-16
LAP-001,2,2025-06-17
LAP-001,1,2025-06-18
LAP-001,2,2025-06-19
LAP-001,2,2025-06-20
LAP-001,2,2025-06-21
LAP-001,1,2025-06-22
LAP-001,1,2025-06-23
LAP-001,1,2025-06-24
LAP-001,1,2025-06-25
LAP-001,1,2025-06-26
LAP-001,3,2025-06-28
LAP-001,2,2025-06-29
LAP-001,7,2025-06-30
LAP-001,1,2025-07-01
LAP-001,4,2025-07-03
LAP-001,2,2025-07-04
LAP-001,1,2025-07-05
LAP-001,5,2025-07-06
LAP-001,2,2025-07-07
LAP-001,4,2025-07-08
LAP-001,2,2025-07-09
LAP-001,3,2025-07-10
LAP-001,3,2025-07-11
LAP-001,3,2025-07-12
LAP-001,5,2025-07-14
LAP-001,2,2025-07-15
LAP-001,3,2025-07-16
LAP-001,2,2025-07-18
LAP-001,3,2025-07-19
LAP-001,1,2025-07-20
LAP-001,1,2025-07-22
LAP-001,2,2025-07-23
LAP-001,3,2025-07-24
LAP-001,2,2025-07-26
LAP-001,1,2025-07-28
LAP-001,2,2025-07-29
LAP-001,1,2025-07-30
LAP-001,2,2025-07-31
LAP-001,2,2025-08-01
LAP-001,2,2025-08-03
LAP-001,4,2025-08-04
LAP-001,2,2025-08-05
LAP-001,1,2025-08-06
LAP-001,1,2025-08-07
LAP-001,2,2025-08-08
LAP-001,1,2025-08-09
LAP-001,4,2025-08-10
LAP-001,3,2025-08-11
LAP-001,1,2025-08-12
LAP-001,1,2025-08-13
LAP-001,1,2025-08-14
LAP-001,2,2025-08-15
LAP-001,4,2025-08-17
LAP-001,2,2025-08-18
LAP-001,2,2025-08-19
LAP-001,1,2025-08-21
LAP-001,1,2025-08-22
LAP-001,5,2025-08-23
LAP-001,2,2025-08-24
LAP-001,2,2025-08-25
LAP-001,1,2025-08-26
LAP-001,1,2025-08-27
LAP-001,3,2025-08-28
LAP-001,1,2025-08-29
LAP-001,3,2025-08-30
LAP-001,2,2025-08-31
LAP-001,3,2025-09-01
LAP-001,2,2025-09-02
LAP-001,4,2025-09-03
LAP-001,3,2025-09-05
LAP-001,4,2025-09-06
LAP-001,3,2025-09-07
LAP-001,3,2025-09-08
LAP-001,2,2025-09-09
LAP-001,3,2025-09-10
LAP-001,4,2025-09-11
LAP-001,1,2025-09-12
LAP-001,1,2025-09-13
LAP-001,2,2025-09-14
LAP-001,2,2025-09-15
LAP-001,3,2025-09-16
LAP-001,2,2025-09-17
LAP-001,3,2025-09-18
LAP-001,1,2025-09-19
LAP-001,5,2025-09-20
LAP-001,4,2025-09-21
LAP-001,3,2025-09-22
LAP-001,4,2025-09-23
LAP-001,3,2025-09-24
LAP-001,1,2025-09-26
LAP-001,1,2025-09-28
LAP-001,5,2025-09-29
LAP-001,2,2025-09-30
LAP-001,3,2025-10-01
LAP-001,2,2025-10-02
LAP-001,2,2025-10-03
LAP-001,3,2025-10-04
LAP-001,1,2025-10-05
LAP-001,3,2025-10-06
LAP-001,2,2025-10-07
LAP-001,4,2025-10-08
LAP-001,3,2025-10-09
LAP-001,1,2025-10-10
LAP-001,1,2025-10-11
LAP-001,2,2025-10-12
LAP-001,3,2025-10-13
LAP-001,1,2025-10-14
LAP-001,2,2025-10-15
LAP-001,3,2025-10-16
LAP-001,6,2025-10-17
LAP-001,3,2025-10-18
LAP-001,2,2025-10-19
LAP-001,1,2025-10-20
LAP-001,2,2025-10-21
LAP-001,2,2025-10-22
LAP-001,2,2025-10-23
LAP-001,3,2025-10-24
LAP-001,3,2025-10-26
LAP-001,4,2025-10-27
LAP-001,3,2025-10-28
LAP-001,1,2025-10-29
LAP-001,3,2025-10-30
LAP-001,2,2025-10-31
LAP-001,1,2025-11-01
LAP-001,3,2025-11-03
LAP-001,3,2025-11-04
LAP-001,3,2025-11-05
LAP-001,2,2025-11-06
LAP-001,4,2025-11-07
LAP-001,3,2025-11-08
LAP-001,1,2025-11-10
LAP-001,2,2025-11-11
LAP-001,2,2025-11-13
LAP-001,2,2025-11-14
LAP-001,2,2025-11-17
LAP-001,1,2025-11-18
LAP-001,2,2025-11-21
LAP-001,5,2025-11-22
LAP-001,4,2025-11-23
LAP-001,2,2025-11-24
LAP-001,1,2025-11-25
LAP-001,4,2025-11-26
LAP-001,3,2025-11-27
LAP-001,1,2025-11-28
LAP-001,3,2025-11-29
LAP-001,3,2025-11-30
LAP-001,2,2025-12-01
LAP-001,2,2025-12-02
LAP-001,1,2025-12-03
LAP-001,2,2025-12-04
LAP-001,2,2025-12-05
LAP-001,1,2025-12-06
LAP-001,2,2025-12-07
LAP-001,1,2025-12-08
LAP-001,4,2025-12-09
LAP-001,3,2025-12-10
LAP-001,1,2025-12-11
LAP-001,4,2025-12-12
LAP-001,3,2025-12-13
LAP-001,2,2025-12-14
LAP-001,2,2025-12-15
LAP-001,2,2025-12-16
LAP-001,3,2025-12-17
LAP-001,1,2025-12-18
LAP-001,4,2025-12-19
LAP-001,2,2025-12-21
LAP-001,3,2025-12-23
LAP-001,1,2025-12-24
LAP-001,2,2025-12-25
LAP-001,4,2025-12-26
LAP-001,3,2025-12-28
LAP-001,3,2025-12-29
LAP-001,1,2025-12-30
LAP-001,2,2025-12-31
LAP-001,2,2026-01-01
LAP-001,4,2026-01-02
LAP-001,1,2026-01-03
LAP-001,5,2026-01-06
LAP-001,1,2026-01-07
LAP-001,4,2026-01-09
LAP-001,2,2026-01-10
LAP-001,1,2026-01-11
LAP-001,1,2026-01-12
LAP-001,2,2026-01-15
LAP-001,2,2026-01-16
LAP-001,2,2026-01-17
LAP-001,1,2026-01-18
LAP-001,3,2026-01-19
LAP-001,1,2026-01-20
LAP-001,1,2026-01-21
LAP-001,6,2026-01-22
LAP-001,1,2026-01-23
LAP-001,4,2026-01-25
MON-002,8,2023-01-26
MON-002,5,2023-01-27
MON-002,3,2023-01-28
MON-002,10,2023-01-29
MON-002,5,2023-01-31
MON-002,1,2023-02-01
MON-002,6,2023-02-02
MON-002,4,2023-02-03
MON-002,5,2023-02-04
MON-002,1,2023-02-05
MON-002,4,2023-02-07
MON-002,3,2023-02-08
MON-002,3,2023-02-09
MON-002,6,2023-02-10
MON-002,3,2023-02-11
MON-002,3,2023-02-12
MON-002,5,2023-02-13
MON-002,4,2023-02-14
MON-002,1,2023-02-15
MON-002,3,2023-02-16
MON-002,5,2023-02-17
MON-002,3,2023-02-18
MON-002,7,2023-02-19
MON-002,5,2023-02-20
MON-002,6,2023-02-21
MON-002,4,2023-02-22
MON-002,2,2023-02-23
MON-002,3,2023-02-24
MON-002,5,2023-02-25
MON-002,6,2023-02-26
MON-002,4,2023-02-27
MON-002,3,2023-02-28
MON-002,1,2023-03-01
MON-002,2,2023-03-02
MON-002,2,2023-03-03
MON-002,3,2023-03-04
MON-002,8,2023-03-05
MON-002,2,2023-03-06
MON-002,2,2023-03-07
MON-002,2,2023-03-08
MON-002,1,2023-03-09
MON-002,2,2023-03-10
MON-002,3,2023-03-11
MON-002,3,2023-03-12
MON-002,2,2023-03-13
MON-002,4,2023-03-14
MON-002,6,2023-03-15
MON-002,2,2023-03-16
MON-002,5,2023-03-17
MON-002,3,2023-03-18
MON-002,4,2023-03-19
MON-002,1,2023-03-20
MON-002,4,2023-03-21
MON-002,2,2023-03-22
MON-002,3,2023-03-23
MON-002,5,2023-03-24
MON-002,4,2023-03-25
MON-002,5,2023-03-26
MON-002,1,2023-03-27
MON-002,4,2023-03-28
MON-002,5,2023-03-29
MON-002,2,2023-03-30
MON-002,2,2023-03-31
MON-002,2,2023-04-01
MON-002,4,2023-04-02
MON-002,3,2023-04-03
MON-002,3,2023-04-04
MON-002,2,2023-04-06
MON-002,3,2023-04-07
MON-002,2,2023-04-08
MON-002,3,2023-04-09
MON-002,5,2023-04-10
MON-002,5,2023-04-12
MON-002,2,2023-04-13
MON-002,2,2023-04-14
MON-002,4,2023-04-15
MON-002,4,2023-04-16
MON-002,3,2023-04-17
MON-002,6,2023-04-18
MON-002,2,2023-04-19
MON-002,2,2023-04-20
MON-002,3,2023-04-21
MON-002,2,2023-04-22
MON-002,4,2023-04-23
MON-002,5,2023-04-24
MON-002,2,2023-04-25
MON-002,2,2023-04-26
MON-002,5,2023-04-27
MON-002,2,2023-04-28
MON-002,4,2023-04-29
MON-002,1,2023-04-30
MON-002,1,2023-05-01
MON-002,2,2023-05-02
MON-002,3,2023-05-03
MON-002,5,2023-05-04
MON-002,2,2023-05-05
MON-002,3,2023-05-06
MON-002,1,2023-05-07
MON-002,5,2023-05-08
MON-002,1,2023-05-09
MON-002,1,2023-05-11
MON-002,1,2023-05-12
MON-002,2,2023-05-13
MON-002,4,2023-05-14
MON-002,5,2023-05-15
MON-002,3,2023-05-16
MON-002,3,2023-05-17
MON-002,3,2023-05-18
MON-002,4,2023-05-19
MON-002,5,2023-05-20
MON-002,4,2023-05-21
MON-002,3,2023-05-22
MON-002,1,2023-05-23
MON-002,3,2023-05-24
MON-002,2,2023-05-25
MON-002,4,2023-05-26
MON-002,1,2023-05-27
MON-002,1,2023-05-28
MON-002,1,2023-05-29
MON-002,5,2023-05-30
MON-002,2,2023-05-31
MON-002,4,2023-06-02
MON-002,2,2023-06-03
MON-002,4,2023-06-04
MON-002,6,2023-06-05
MON-002,2,2023-06-06
MON-002,2,2023-06-07
MON-002,3,2023-06-08
MON-002,2,2023-06-09
MON-002,5,2023-06-10
MON-002,3,2023-06-11
MON-002,7,2023-06-12
MON-002,1,2023-06-13
MON-002,1,2023-06-14
MON-002,2,2023-06-15
MON-002,1,2023-06-16
MON-002,5,2023-06-17
MON-002,1,2023-06-18
MON-002,3,2023-06-19
MON-002,2,2023-06-21
MON-002,4,2023-06-22
MON-002,2,2023-06-23
MON-002,6,2023-06-24
MON-002,3,2023-06-26
MON-002,6,2023-06-27
MON-002,1,2023-06-28
MON-002,6,2023-06-29
MON-002,3,2023-06-30
MON-002,4,2023-07-01
MON-002,3,2023-07-02
MON-002,3,2023-07-03
MON-002,6,2023-07-04
MON-002,2,2023-07-05
MON-002,1,2023-07-06
MON-002,5,2023-07-07
MON-002,3,2023-07-08
MON-002,2,2023-07-09
MON-002,2,2023-07-10
MON-002,5,2023-07-11
MON-002,8,2023-07-12
MON-002,2,2023-07-13
MON-002,2,2023-07-14
MON-002,5,2023-07-15
MON-002,1,2023-07-16
MON-002,1,2023-07-17
MON-002,5,2023-07-18
MON-002,6,2023-07-19
MON-002,3,2023-07-21
MON-002,2,2023-07-22
MON-002,3,2023-07-23
MON-002,1,2023-07-24
MON-002,5,2023-07-25
MON-002,1,2023-07-26
MON-002,3,2023-07-27
MON-002,1,2023-07-28
MON-002,4,2023-07-29
MON-002,2,2023-07-30
MON-002,4,2023-07-31
MON-002,4,2023-08-01
MON-002,3,2023-08-02
MON-002,1,2023-08-03
MON-002,2,2023-08-04
MON-002,1,2023-08-05
MON-002,3,2023-08-06
MON-002,2,2023-08-07
MON-002,3,2023-08-08
MON-002,5,2023-08-09
MON-002,2,2023-08-10
MON-002,5,2023-08-11
MON-002,5,2023-08-12
MON-002,5,2023-08-13
MON-002,2,2023-08-14
MON-002,6,2023-08-15
MON-002,4,2023-08-16
MON-002,2,2023-08-17
MON-002,2,2023-08-18
MON-002,2,2023-08-19
MON-002,4,2023-08-20
MON-002,3,2023-08-21
MON-002,3,2023-08-22
MON-002,1,2023-08-23
MON-002,2,2023-08-24
MON-002,2,2023-08-25
MON-002,6,2023-08-26
MON-002,7,2023-08-27
MON-002,3,2023-08-28
MON-002,3,2023-08-29
MON-002,5,2023-08-30
MON-002,2,2023-08-31
MON-002,3,2023-09-01
MON-002,1,2023-09-02
MON-002,5,2023-09-03
MON-002,4,2023-09-04
MON-002,6,2023-09-05
MON-002,1,2023-09-06
MON-002,2,2023-09-07
MON-002,3,2023-09-08
MON-002,3,2023-09-09
MON-002,4,2023-09-10
MON-002,2,2023-09-11
MON-002,2,2023-09-12
MON-002,5,2023-09-13
MON-002,2,2023-09-14
MON-002,7,2023-09-15
MON-002,3,2023-09-16
MON-002,3,2023-09-17
MON-002,2,2023-09-18
MON-002,5,2023-09-19
MON-002,4,2023-09-20
MON-002,5,2023-09-22
MON-002,4,2023-09-23
MON-002,2,2023-09-24
MON-002,3,2023-09-25
MON-002,6,2023-09-26
MON-002,4,2023-09-27
MON-002,1,2023-09-28
MON-002,1,2023-09-29
MON-002,2,2023-09-30
MON-002,3,2023-10-01
MON-002,2,2023-10-02
MON-002,1,2023-10-03
MON-002,4,2023-10-05
MON-002,2,2023-10-06
MON-002,3,2023-10-07
MON-002,4,2023-10-08
MON-002,3,2023-10-09
MON-002,2,2023-10-10
MON-002,7,2023-10-11
MON-002,3,2023-10-12
MON-002,5,2023-10-13
MON-002,4,2023-10-14
MON-002,1,2023-10-15
MON-002,3,2023-10-16
MON-002,3,2023-10-17
MON-002,3,2023-10-19
MON-002,2,2023-10-20
MON-002,3,2023-10-21
MON-002,1,2023-10-23
MON-002,7,2023-10-24
MON-002,5,2023-10-25
MON-002,3,2023-10-26
MON-002,2,2023-10-27
MON-002,8,2023-10-28
MON-002,1,2023-10-30
MON-002,2,2023-10-31
MON-002,4,2023-11-01
MON-002,3,2023-11-02
MON-002,2,2023-11-03
MON-002,1,2023-11-04
MON-002,1,2023-11-05
MON-002,6,2023-11-06
MON-002,2,2023-11-07
MON-002,3,2023-11-08
MON-002,4,2023-11-09
MON-002,1,2023-11-10
MON-002,2,2023-11-11
MON-002,3,2023-11-12
MON-002,3,2023-11-13
MON-002,4,2023-11-15
MON-002,4,2023-11-16
MON-002,3,2023-11-17
MON-002,1,2023-11-18
MON-002,3,2023-11-19
MON-002,6,2023-11-20
MON-002,2,2023-11-21
MON-002,5,2023-11-23
MON-002,7,2023-11-24
MON-002,2,2023-11-25
MON-002,8,2023-11-26
MON-002,7,2023-11-27
MON-002,3,2023-11-28
MON-002,1,2023-11-29
MON-002,3,2023-11-30
MON-002,4,2023-12-01
MON-002,2,2023-12-02
MON-002,3,2023-12-03
MON-002,5,2023-12-04
MON-002,1,2023-12-05
MON-002,2,2023-12-06
MON-002,4,2023-12-07
MON-002,1,2023-12-08
MON-002,3,2023-12-09
MON-002,3,2023-12-11
MON-002,3,2023-12-12
MON-002,2,2023-12-13
MON-002,6,2023-12-14
MON-002,1,2023-12-15
MON-002,2,2023-12-16
MON-002,2,2023-12-18
MON-002,3,2023-12-19
MON-002,2,2023-12-20
MON-002,5,2023-12-21
MON-002,3,2023-12-23
MON-002,6,2023-12-24
MON-002,2,2023-12-25
MON-002,3,2023-12-26
MON-002,1,2023-12-27
MON-002,3,2023-12-28
MON-002,3,2023-12-29
MON-002,2,2023-12-30
MON-002,5,2023-12-31
MON-002,4,2024-01-01
MON-002,4,2024-01-02
MON-002,4,2024-01-03
MON-002,2,2024-01-04
MON-002,1,2024-01-05
MON-002,6,2024-01-06
MON-002,1,2024-01-07
MON-002,1,2024-01-08
MON-002,5,2024-01-09
MON-002,3,2024-01-10
MON-002,3,2024-01-11
MON-002,2,2024-01-12
MON-002,2,2024-01-13
MON-002,1,2024-01-14
MON-002,4,2024-01-15
MON-002,2,2024-01-16
MON-002,2,2024-01-17
MON-002,4,2024-01-18
MON-002,4,2024-01-19
MON-002,3,2024-01-20
MON-002,1,2024-01-21
MON-002,2,2024-01-22
MON-002,1,2024-01-23
MON-002,2,2024-01-24
MON-002,2,2024-01-25
MON-002,4,2024-01-26
MON-002,2,2024-01-27
MON-002,2,2024-01-28
MON-002,5,2024-01-29
MON-002,2,2024-01-30
MON-002,1,2024-01-31
MON-002,3,2024-02-01
MON-002,4,2024-02-02
MON-002,3,2024-02-03
MON-002,7,2024-02-04
MON-002,5,2024-02-05
MON-002,3,2024-02-06
MON-002,2,2024-02-07
MON-002,2,2024-02-08
MON-002,3,2024-02-09
MON-002,2,2024-02-10
MON-002,4,2024-02-11
MON-002,2,2024-02-12
MON-002,2,2024-02-13
MON-002,2,2024-02-14
MON-002,4,2024-02-15
MON-002,5,2024-02-16
MON-002,3,2024-02-17
MON-002,1,2024-02-18
MON-002,3,2024-02-19
MON-002,5,2024-02-20
MON-002,3,2024-02-21
MON-002,3,2024-02-22
MON-002,3,2024-02-23
MON-002,2,2024-02-24
MON-002,4,2024-02-25
MON-002,1,2024-02-26
MON-002,2,2024-02-27
MON-002,3,2024-02-28
MON-002,5,2024-02-29
MON-002,3,2024-03-01
MON-002,6,2024-03-02
MON-002,3,2024-03-03
MON-002,5,2024-03-04
MON-002,5,2024-03-05
MON-002,4,2024-03-06
MON-002,3,2024-03-07
MON-002,5,2024-03-08
MON-002,3,2024-03-09
MON-002,6,2024-03-10
MON-002,2,2024-03-11
MON-002,3,2024-03-12
MON-002,1,2024-03-13
MON-002,5,2024-03-14
MON-002,2,2024-03-15
MON-002,3,2024-03-16
MON-002,2,2024-03-17
MON-002,7,2024-03-18
MON-002,1,2024-03-19
MON-002,3,2024-03-20
MON-002,5,2024-03-21
MON-002,1,2024-03-22
MON-002,4,2024-03-23
MON-002,3,2024-03-24
MON-002,3,2024-03-25
MON-002,4,2024-03-26
MON-002,1,2024-03-27
MON-002,1,2024-03-28
MON-002,4,2024-03-29
MON-002,2,2024-03-30
MON-002,2,2024-03-31
MON-002,2,2024-04-01
MON-002,1,2024-04-02
MON-002,3,2024-04-03
MON-002,2,2024-04-04
MON-002,4,2024-04-06
MON-002,2,2024-04-07
MON-002,5,2024-04-08
MON-002,1,2024-04-09
MON-002,1,2024-04-10
MON-002,5,2024-04-11
MON-002,4,2024-04-12
MON-002,3,2024-04-13
MON-002,6,2024-04-14
MON-002,3,2024-04-15
MON-002,2,2024-04-16
MON-002,3,2024-04-17
MON-002,4,2024-04-18
MON-002,5,2024-04-19
MON-002,3,2024-04-20
MON-002,8,2024-04-21
MON-002,3,2024-04-22
MON-002,3,2024-04-23
MON-002,2,2024-04-24
MON-002,1,2024-04-25
MON-002,5,2024-04-26
MON-002,4,2024-04-27
MON-002,2,2024-04-29
MON-002,6,2024-04-30
MON-002,3,2024-05-01
MON-002,2,2024-05-02
MON-002,3,2024-05-03
MON-002,4,2024-05-04
MON-002,5,2024-05-05
MON-002,3,2024-05-06
MON-002,3,2024-05-07
MON-002,3,2024-05-08
MON-002,5,2024-05-09
MON-002,4,2024-05-10
MON-002,1,2024-05-11
MON-002,4,2024-05-12
MON-002,3,2024-05-13
MON-002,3,2024-05-14
MON-002,4,2024-05-15
MON-002,5,2024-05-16
MON-002,1,2024-05-17
MON-002,1,2024-05-18
MON-002,1,2024-05-19
MON-002,3,2024-05-20
MON-002,6,2024-05-21
MON-002,4,2024-05-22
MON-002,6,2024-05-23
MON-002,6,2024-05-24
MON-002,4,2024-05-25
MON-002,3,2024-05-26
MON-002,4,2024-05-27
MON-002,4,2024-05-28
MON-002,2,2024-05-29
MON-002,5,2024-05-30
MON-002,2,2024-05-31
MON-002,2,2024-06-01
MON-002,3,2024-06-02
MON-002,3,2024-06-03
MON-002,4,2024-06-04
MON-002,4,2024-06-05
MON-002,3,2024-06-06
MON-002,6,2024-06-07
MON-002,1,2024-06-08
MON-002,6,2024-06-09
MON-002,2,2024-06-10
MON-002,1,2024-06-11
MON-002,3,2024-06-12
MON-002,3,2024-06-13
MON-002,6,2024-06-14
MON-002,3,2024-06-15
MON-002,3,2024-06-16
MON-002,5,2024-06-17
MON-002,6,2024-06-18
MON-002,2,2024-06-19
MON-002,4,2024-06-20
MON-002,3,2024-06-21
MON-002,6,2024-06-22
MON-002,2,2024-06-23
MON-002,3,2024-06-24
MON-002,2,2024-06-25
MON-002,2,2024-06-26
MON-002,3,2024-06-27
MON-002,5,2024-06-28
MON-002,1,2024-06-29
MON-002,3,2024-06-30
MON-002,4,2024-07-01
MON-002,4,2024-07-02
MON-002,4,2024-07-03
MON-002,3,2024-07-04
MON-002,5,2024-07-05
MON-002,2,2024-07-06
MON-002,4,2024-07-07
MON-002,2,2024-07-08
MON-002,10,2024-07-09
MON-002,1,2024-07-10
MON-002,3,2024-07-11
MON-002,3,2024-07-12
MON-002,4,2024-07-13
MON-002,1,2024-07-14
MON-002,5,2024-07-15
MON-002,5,2024-07-16
MON-002,5,2024-07-17
MON-002,4,2024-07-19
MON-002,2,2024-07-20
MON-002,4,2024-07-21
MON-002,1,2024-07-22
MON-002,4,2024-07-23
MON-002,2,2024-07-24
MON-002,2,2024-07-25
MON-002,3,2024-07-26
MON-002,1,2024-07-27
MON-002,4,2024-07-28
MON-002,1,2024-07-29
MON-002,2,2024-07-30
MON-002,7,2024-07-31
MON-002,2,2024-08-01
MON-002,3,2024-08-02
MON-002,3,2024-08-03
MON-002,4,2024-08-04
MON-002,3,2024-08-05
MON-002,2,2024-08-07
MON-002,4,2024-08-08
MON-002,4,2024-08-09
MON-002,2,2024-08-10
MON-002,5,2024-08-11
MON-002,2,2024-08-12
MON-002,3,2024-08-13
MON-002,1,2024-08-14
MON-002,6,2024-08-15
MON-002,5,2024-08-16
MON-002,7,2024-08-17
MON-002,3,2024-08-18
MON-002,5,2024-08-20
MON-002,2,2024-08-21
MON-002,2,2024-08-22
MON-002,4,2024-08-23
MON-002,2,2024-08-24
MON-002,5,2024-08-25
MON-002,2,2024-08-26
MON-002,3,2024-08-27
MON-002,2,2024-08-28
MON-002,5,2024-08-29
MON-002,4,2024-08-30
MON-002,3,2024-08-31
MON-002,2,2024-09-01
MON-002,3,2024-09-02
MON-002,4,2024-09-03
MON-002,4,2024-09-04
MON-002,5,2024-09-05
MON-002,1,2024-09-06
MON-002,6,2024-09-07
MON-002,2,2024-09-08
MON-002,1,2024-09-09
MON-002,1,2024-09-10
MON-002,4,2024-09-11
MON-002,3,2024-09-13
MON-002,8,2024-09-14
MON-002,3,2024-09-15
MON-002,4,2024-09-16
MON-002,5,2024-09-17
MON-002,1,2024-09-18
MON-002,2,2024-09-19
MON-002,3,2024-09-20
MON-002,4,2024-09-22
MON-002,1,2024-09-23
MON-002,3,2024-09-24
MON-002,1,2024-09-25
MON-002,2,2024-09-26
MON-002,2,2024-09-27
MON-002,2,2024-09-28
MON-002,3,2024-09-29
MON-002,2,2024-09-30
MON-002,1,2024-10-01
MON-002,2,2024-10-02
MON-002,4,2024-10-03
MON-002,5,2024-10-04
MON-002,2,2024-10-05
MON-002,5,2024-10-06
MON-002,1,2024-10-07
MON-002,2,2024-10-08
MON-002,4,2024-10-09
MON-002,1,2024-10-10
MON-002,3,2024-10-11
MON-002,3,2024-10-12
MON-002,1,2024-10-13
MON-002,3,2024-10-14
MON-002,4,2024-10-15
MON-002,2,2024-10-16
MON-002,3,2024-10-17
MON-002,4,2024-10-18
MON-002,3,2024-10-20
MON-002,3,2024-10-21
MON-002,5,2024-10-22
MON-002,2,2024-10-23
MON-002,3,2024-10-24
MON-002,4,2024-10-25
MON-002,3,2024-10-26
MON-002,1,2024-10-27
MON-002,1,2024-10-28
MON-002,2,2024-10-29
MON-002,1,2024-10-30
MON-002,4,2024-10-31
MON-002,3,2024-11-01
MON-002,8,2024-11-02
MON-002,1,2024-11-03
MON-002,6,2024-11-05
MON-002,2,2024-11-06
MON-002,2,2024-11-07
MON-002,4,2024-11-09
MON-002,3,2024-11-11
MON-002,1,2024-11-12
MON-002,3,2024-11-13
MON-002,1,2024-11-14
MON-002,4,2024-11-15
MON-002,1,2024-11-17
MON-002,2,2024-11-18
MON-002,2,2024-11-19
MON-002,1,2024-11-20
MON-002,3,2024-11-21
MON-002,5,2024-11-22
MON-002,1,2024-11-23
MON-002,3,2024-11-24
MON-002,1,2024-11-25
MON-002,6,2024-11-26
MON-002,4,2024-11-27
MON-002,4,2024-11-28
MON-002,3,2024-11-29
MON-002,1,2024-11-30
MON-002,5,2024-12-01
MON-002,2,2024-12-02
MON-002,5,2024-12-03
MON-002,3,2024-12-04
MON-002,7,2024-12-05
MON-002,1,2024-12-06
MON-002,2,2024-12-07
MON-002,2,2024-12-08
MON-002,5,2024-12-09
MON-002,2,2024-12-10
MON-002,3,2024-12-12
MON-002,6,2024-12-13
MON-002,1,2024-12-14
MON-002,2,2024-12-15
MON-002,2,2024-12-16
MON-002,4,2024-12-18
MON-002,3,2024-12-19
MON-002,2,2024-12-20
MON-002,4,2024-12-21
MON-002,4,2024-12-22
MON-002,5,2024-12-23
MON-002,2,2024-12-24
MON-002,2,2024-12-25
MON-002,5,2024-12-26
MON-002,3,2024-12-27
MON-002,1,2024-12-28
MON-002,2,2024-12-29
MON-002,2,2024-12-30
MON-002,5,2024-12-31
MON-002,7,2025-01-01
MON-002,2,2025-01-02
MON-002,6,2025-01-03
MON-002,1,2025-01-04
MON-002,4,2025-01-05
MON-002,6,2025-01-06
MON-002,3,2025-01-07
MON-002,4,2025-01-08
MON-002,3,2025-01-09
MON-002,4,2025-01-10
MON-002,2,2025-01-11
MON-002,2,2025-01-12
MON-002,3,2025-01-13
MON-002,1,2025-01-14
MON-002,5,2025-01-15
MON-002,2,2025-01-16
MON-002,5,2025-01-17
MON-002,3,2025-01-18
MON-002,3,2025-01-19
MON-002,4,2025-01-20
MON-002,2,2025-01-21
MON-002,5,2025-01-22
MON-002,3,2025-01-23
MON-002,2,2025-01-24
MON-002,2,2025-01-25
MON-002,6,2025-01-26
MON-002,3,2025-01-27
MON-002,6,2025-01-28
MON-002,1,2025-01-29
MON-002,1,2025-01-30
MON-002,5,2025-01-31
MON-002,2,2025-02-01
MON-002,1,2025-02-02
MON-002,6,2025-02-03
MON-002,2,2025-02-04
MON-002,4,2025-02-05
MON-002,2,2025-02-06
MON-002,2,2025-02-07
MON-002,6,2025-02-08
MON-002,1,2025-02-09
MON-002,4,2025-02-10
MON-002,3,2025-02-11
MON-002,4,2025-02-12
MON-002,1,2025-02-13
MON-002,4,2025-02-14
MON-002,4,2025-02-15
MON-002,2,2025-02-16
MON-002,9,2025-02-17
MON-002,5,2025-02-18
MON-002,4,2025-02-19
MON-002,1,2025-02-20
MON-002,4,2025-02-22
MON-002,1,2025-02-23
MON-002,1,2025-02-24
MON-002,1,2025-02-25
MON-002,1,2025-02-26
MON-002,3,2025-02-27
MON-002,6,2025-02-28
MON-002,5,2025-03-01
MON-002,3,2025-03-02
MON-002,2,2025-03-03
MON-002,4,2025-03-04
MON-002,3,2025-03-05
MON-002,3,2025-03-06
MON-002,4,2025-03-07
MON-002,4,2025-03-08
MON-002,2,2025-03-09
MON-002,4,2025-03-10
MON-002,4,2025-03-11
MON-002,4,2025-03-12
MON-002,4,2025-03-13
MON-002,3,2025-03-14
MON-002,3,2025-03-15
MON-002,2,2025-03-16
MON-002,2,2025-03-17
MON-002,4,2025-03-18
MON-002,4,2025-03-19
MON-002,3,2025-03-20
MON-002,7,2025-03-21
MON-002,3,2025-03-22
MON-002,6,2025-03-23
MON-002,3,2025-03-24
MON-002,5,2025-03-25
MON-002,3,2025-03-26
MON-002,2,2025-03-27
MON-002,5,2025-03-28
MON-002,5,2025-03-29
MON-002,2,2025-03-30
MON-002,3,2025-03-31
MON-002,5,2025-04-01
MON-002,4,2025-04-02
MON-002,3,2025-04-03
MON-002,4,2025-04-04
MON-002,2,2025-04-05
MON-002,2,2025-04-06
MON-002,2,2025-04-07
MON-002,2,2025-04-08
MON-002,2,2025-04-09
MON-002,6,2025-04-10
MON-002,4,2025-04-11
MON-002,4,2025-04-12
MON-002,1,2025-04-13
MON-002,2,2025-04-14
MON-002,3,2025-04-15
MON-002,2,2025-04-16
MON-002,2,2025-04-17
MON-002,5,2025-04-18
MON-002,3,2025-04-19
MON-002,1,2025-04-20
MON-002,2,2025-04-21
MON-002,4,2025-04-22
MON-002,2,2025-04-23
MON-002,5,2025-04-24
MON-002,1,2025-04-25
MON-002,6,2025-04-27
MON-002,2,2025-04-28
MON-002,1,2025-04-29
MON-002,3,2025-04-30
MON-002,4,2025-05-01
MON-002,2,2025-05-02
MON-002,2,2025-05-03
MON-002,6,2025-05-04
MON-002,3,2025-05-05
MON-002,3,2025-05-06
MON-002,4,2025-05-07
MON-002,3,2025-05-08
MON-002,4,2025-05-10
MON-002,2,2025-05-11
MON-002,2,2025-05-12
MON-002,2,2025-05-13
MON-002,3,2025-05-14
MON-002,2,2025-05-15
MON-002,5,2025-05-16
MON-002,2,2025-05-17
MON-002,5,2025-05-18
MON-002,5,2025-05-19
MON-002,1,2025-05-20
MON-002,4,2025-05-21
MON-002,4,2025-05-22
MON-002,4,2025-05-23
MON-002,3,2025-05-24
MON-002,3,2025-05-25
MON-002,3,2025-05-26
MON-002,3,2025-05-27
MON-002,5,2025-05-28
MON-002,2,2025-05-29
MON-002,4,2025-05-30
MON-002,3,2025-05-31
MON-002,3,2025-06-01
MON-002,2,2025-06-02
MON-002,2,2025-06-03
MON-002,2,2025-06-04
MON-002,3,2025-06-05
MON-002,6,2025-06-06
MON-002,2,2025-06-07
MON-002,2,2025-06-08
MON-002,1,2025-06-09
MON-002,6,2025-06-10
MON-002,7,2025-06-11
MON-002,4,2025-06-12
MON-002,2,2025-06-13
MON-002,4,2025-06-14
MON-002,3,2025-06-15
MON-002,3,2025-06-16
MON-002,4,2025-06-17
MON-002,5,2025-06-18
MON-002,4,2025-06-19
MON-002,3,2025-06-20
MON-002,6,2025-06-21
MON-002,3,2025-06-22
MON-002,3,2025-06-23
MON-002,3,2025-06-24
MON-002,8,2025-06-26
MON-002,4,2025-06-27
MON-002,2,2025-06-28
MON-002,2,2025-06-29
MON-002,5,2025-06-30
MON-002,3,2025-07-01
MON-002,3,2025-07-02
MON-002,2,2025-07-03
MON-002,3,2025-07-04
MON-002,2,2025-07-05
MON-002,4,2025-07-06
MON-002,6,2025-07-07
MON-002,1,2025-07-08
MON-002,4,2025-07-09
MON-002,4,2025-07-10
MON-002,2,2025-07-11
MON-002,3,2025-07-12
MON-002,2,2025-07-13
MON-002,2,2025-07-14
MON-002,1,2025-07-15
MON-002,5,2025-07-16
MON-002,2,2025-07-17
MON-002,2,2025-07-18
MON-002,4,2025-07-19
MON-002,1,2025-07-20
MON-002,2,2025-07-22
MON-002,4,2025-07-23
MON-002,5,2025-07-24
MON-002,5,2025-07-25
MON-002,4,2025-07-26
MON-002,4,2025-07-27
MON-002,1,2025-07-28
MON-002,4,2025-07-29
MON-002,1,2025-07-30
MON-002,4,2025-07-31
MON-002,3,2025-08-01
MON-002,4,2025-08-02
MON-002,3,2025-08-03
MON-002,1,2025-08-04
MON-002,2,2025-08-05
MON-002,3,2025-08-06
MON-002,5,2025-08-07
MON-002,1,2025-08-08
MON-002,2,2025-08-09
MON-002,3,2025-08-10
MON-002,3,2025-08-11
MON-002,4,2025-08-12
MON-002,1,2025-08-13
MON-002,2,2025-08-14
MON-002,2,2025-08-15
MON-002,1,2025-08-16
MON-002,2,2025-08-17
MON-002,1,2025-08-18
MON-002,3,2025-08-19
MON-002,3,2025-08-20
MON-002,1,2025-08-21
MON-002,3,2025-08-23
MON-002,3,2025-08-24
MON-002,4,2025-08-25
MON-002,3,2025-08-26
MON-002,2,2025-08-27
MON-002,2,2025-08-28
MON-002,4,2025-08-29
MON-002,1,2025-08-30
MON-002,3,2025-08-31
MON-002,6,2025-09-01
MON-002,5,2025-09-02
MON-002,3,2025-09-03
MON-002,3,2025-09-04
MON-002,1,2025-09-05
MON-002,2,2025-09-06
MON-002,1,2025-09-07
MON-002,2,2025-09-08
MON-002,2,2025-09-09
MON-002,2,2025-09-11
MON-002,1,2025-09-12
MON-002,6,2025-09-13
MON-002,2,2025-09-14
MON-002,1,2025-09-15
MON-002,3,2025-09-16
MON-002,4,2025-09-17
MON-002,1,2025-09-18
MON-002,1,2025-09-19
MON-002,2,2025-09-20
MON-002,2,2025-09-21
MON-002,4,2025-09-22
MON-002,4,2025-09-24
MON-002,3,2025-09-25
MON-002,6,2025-09-26
MON-002,4,2025-09-27
MON-002,3,2025-09-28
MON-002,3,2025-09-29
MON-002,1,2025-09-30
MON-002,2,2025-10-01
MON-002,1,2025-10-02
MON-002,1,2025-10-03
MON-002,5,2025-10-04
MON-002,4,2025-10-06
MON-002,1,2025-10-07
MON-002,5,2025-10-08
MON-002,4,2025-10-09
MON-002,3,2025-10-10
MON-002,5,2025-10-11
MON-002,5,2025-10-12
MON-002,5,2025-10-13
MON-002,3,2025-10-14
MON-002,1,2025-10-15
MON-002,3,2025-10-16
MON-002,4,2025-10-17
MON-002,3,2025-10-18
MON-002,5,2025-10-19
MON-002,7,2025-10-20
MON-002,3,2025-10-21
MON-002,4,2025-10-22
MON-002,4,2025-10-23
MON-002,3,2025-10-24
MON-002,5,2025-10-25
MON-002,5,2025-10-26
MON-002,4,2025-10-27
MON-002,2,2025-10-28
MON-002,3,2025-10-29
MON-002,3,2025-10-30
MON-002,2,2025-10-31
MON-002,4,2025-11-01
MON-002,2,2025-11-02
MON-002,3,2025-11-03
MON-002,4,2025-11-04
MON-002,3,2025-11-05
MON-002,1,2025-11-06
MON-002,5,2025-11-07
MON-002,1,2025-11-08
MON-002,1,2025-11-09
MON-002,2,2025-11-11
MON-002,1,2025-11-12
MON-002,3,2025-11-13
MON-002,4,2025-11-14
MON-002,5,2025-11-15
MON-002,2,2025-11-16
MON-002,3,2025-11-17
MON-002,7,2025-11-18
MON-002,7,2025-11-19
MON-002,3,2025-11-20
MON-002,4,2025-11-21
MON-002,2,2025-11-22
MON-002,4,2025-11-23
MON-002,4,2025-11-25
MON-002,2,2025-11-26
MON-002,3,2025-11-27
MON-002,2,2025-11-28
MON-002,5,2025-11-29
MON-002,2,2025-11-30
MON-002,6,2025-12-01
MON-002,5,2025-12-02
MON-002,1,2025-12-03
MON-002,1,2025-12-04
MON-002,4,2025-12-05
MON-002,3,2025-12-06
MON-002,2,2025-12-07
MON-002,7,2025-12-09
MON-002,4,2025-12-10
MON-002,2,2025-12-11
MON-002,2,2025-12-12
MON-002,6,2025-12-13
MON-002,2,2025-12-14
MON-002,2,2025-12-15
MON-002,3,2025-12-16
MON-002,5,2025-12-17
MON-002,3,2025-12-18
MON-002,3,2025-12-19
MON-002,4,2025-12-20
MON-002,2,2025-12-21
MON-002,5,2025-12-22
MON-002,1,2025-12-23
MON-002,4,2025-12-24
MON-002,2,2025-12-25
MON-002,2,2025-12-26
MON-002,4,2025-12-27
MON-002,1,2025-12-28
MON-002,7,2025-12-29
MON-002,1,2025-12-30
MON-002,6,2026-01-01
MON-002,5,2026-01-02
MON-002,1,2026-01-03
MON-002,5,2026-01-05
MON-002,5,2026-01-06
MON-002,1,2026-01-07
MON-002,1,2026-01-08
MON-002,3,2026-01-10
MON-002,1,2026-01-11
MON-002,2,2026-01-12
MON-002,2,2026-01-13
MON-002,7,2026-01-14
MON-002,5,2026-01-15
MON-002,1,2026-01-16
MON-002,2,2026-01-17
MON-002,3,2026-01-18
MON-002,7,2026-01-19
MON-002,3,2026-01-20
MON-002,2,2026-01-22
MON-002,3,2026-01-23
MON-002,1,2026-01-24
MON-002,4,2026-01-25
MSE-003,6,2023-01-26
MSE-003,4,2023-01-27
MSE-003,6,2023-01-28
MSE-003,6,2023-01-29
MSE-003,3,2023-01-30
MSE-003,7,2023-01-31
MSE-003,6,2023-02-01
MSE-003,4,2023-02-02
MSE-003,6,2023-02-03
MSE-003,3,2023-02-04
MSE-003,6,2023-02-05
MSE-003,2,2023-02-06
MSE-003,4,2023-02-07
MSE-003,3,2023-02-08
MSE-003,6,2023-02-09
MSE-003,6,2023-02-10
MSE-003,7,2023-02-11
MSE-003,5,2023-02-12
MSE-003,7,2023-02-13
MSE-003,1,2023-02-14
MSE-003,3,2023-02-15
MSE-003,5,2023-02-16
MSE-003,8,2023-02-17
MSE-003,4,2023-02-18
MSE-003,5,2023-02-19
MSE-003,4,2023-02-20
MSE-003,7,2023-02-21
MSE-003,3,2023-02-22
MSE-003,3,2023-02-23
MSE-003,5,2023-02-24
MSE-003,3,2023-02-25
MSE-003,3,2023-02-26
MSE-003,6,2023-02-27
MSE-003,2,2023-02-28
MSE-003,4,2023-03-01
MSE-003,4,2023-03-02
MSE-003,4,2023-03-03
MSE-003,1,2023-03-04
MSE-003,8,2023-03-05
MSE-003,8,2023-03-06
MSE-003,4,2023-03-07
MSE-003,4,2023-03-08
MSE-003,5,2023-03-09
MSE-003,5,2023-03-10
MSE-003,5,2023-03-11
MSE-003,5,2023-03-12
MSE-003,5,2023-03-13
MSE-003,8,2023-03-14
MSE-003,3,2023-03-15
MSE-003,6,2023-03-16
MSE-003,8,2023-03-17
MSE-003,6,2023-03-18
MSE-003,5,2023-03-19
MSE-003,3,2023-03-20
MSE-003,11,2023-03-21
MSE-003,3,2023-03-22
MSE-003,12,2023-03-23
MSE-003,6,2023-03-24
MSE-003,6,2023-03-25
MSE-003,6,2023-03-26
MSE-003,8,2023-03-27
MSE-003,4,2023-03-28
MSE-003,2,2023-03-29
MSE-003,8,2023-03-30
MSE-003,11,2023-03-31
MSE-003,2,2023-04-01
MSE-003,10,2023-04-02
MSE-003,8,2023-04-03
MSE-003,3,2023-04-04
MSE-003,3,2023-04-05
MSE-003,8,2023-04-06
MSE-003,6,2023-04-07
MSE-003,3,2023-04-08
MSE-003,4,2023-04-09
MSE-003,3,2023-04-11
MSE-003,6,2023-04-12
MSE-003,2,2023-04-13
MSE-003,7,2023-04-14
MSE-003,4,2023-04-15
MSE-003,1,2023-04-16
MSE-003,4,2023-04-17
MSE-003,6,2023-04-18
MSE-003,6,2023-04-19
MSE-003,6,2023-04-20
MSE-003,5,2023-04-21
MSE-003,3,2023-04-22
MSE-003,4,2023-04-23
MSE-003,10,2023-04-24
MSE-003,7,2023-04-25
MSE-003,9,2023-04-26
MSE-003,3,2023-04-27
MSE-003,5,2023-04-28
MSE-003,4,2023-04-29
MSE-003,4,2023-04-30
MSE-003,4,2023-05-01
MSE-003,7,2023-05-02
MSE-003,2,2023-05-03
MSE-003,2,2023-05-04
MSE-003,5,2023-05-05
MSE-003,10,2023-05-06
MSE-003,6,2023-05-07
MSE-003,2,2023-05-08
MSE-003,6,2023-05-09
MSE-003,5,2023-05-10
MSE-003,5,2023-05-11
MSE-003,6,2023-05-13
MSE-003,5,2023-05-14
MSE-003,6,2023-05-15
MSE-003,7,2023-05-16
MSE-003,7,2023-05-17
MSE-003,9,2023-05-18
MSE-003,4,2023-05-19
MSE-003,2,2023-05-20
MSE-003,4,2023-05-21
MSE-003,6,2023-05-22
MSE-003,4,2023-05-23
MSE-003,5,2023-05-24
MSE-003,6,2023-05-25
MSE-003,4,2023-05-26
MSE-003,5,2023-05-27
MSE-003,6,2023-05-28
MSE-003,5,2023-05-29
MSE-003,6,2023-05-30
MSE-003,5,2023-05-31
MSE-003,3,2023-06-01
MSE-003,7,2023-06-02
MSE-003,7,2023-06-03
MSE-003,9,2023-06-04
MSE-003,7,2023-06-05
MSE-003,4,2023-06-06
MSE-003,6,2023-06-07
MSE-003,4,2023-06-08
MSE-003,5,2023-06-09
MSE-003,2,2023-06-10
MSE-003,6,2023-06-11
MSE-003,7,2023-06-12
MSE-003,4,2023-06-13
MSE-003,5,2023-06-14
MSE-003,4,2023-06-15
MSE-003,3,2023-06-16
MSE-003,5,2023-06-17
MSE-003,7,2023-06-18
MSE-003,2,2023-06-19
MSE-003,2,2023-06-20
MSE-003,5,2023-06-21
MSE-003,4,2023-06-22
MSE-003,8,2023-06-23
MSE-003,4,2023-06-24
MSE-003,1,2023-06-25
MSE-003,7,2023-06-26
MSE-003,2,2023-06-27
MSE-003,3,2023-06-29
MSE-003,5,2023-06-30
MSE-003,9,2023-07-01
MSE-003,3,2023-07-02
MSE-003,4,2023-07-03
MSE-003,7,2023-07-04
MSE-003,8,2023-07-05
MSE-003,5,2023-07-06
MSE-003,6,2023-07-07
MSE-003,6,2023-07-08
MSE-003,5,2023-07-09
MSE-003,8,2023-07-10
MSE-003,3,2023-07-11
MSE-003,4,2023-07-12
MSE-003,4,2023-07-13
MSE-003,7,2023-07-14
MSE-003,3,2023-07-15
MSE-003,8,2023-07-16
MSE-003,8,2023-07-17
MSE-003,6,2023-07-18
MSE-003,4,2023-07-19
MSE-003,3,2023-07-20
MSE-003,5,2023-07-21
MSE-003,7,2023-07-22
MSE-003,4,2023-07-23
MSE-003,1,2023-07-24
MSE-003,3,2023-07-25
MSE-003,2,2023-07-26
MSE-003,1,2023-07-27
MSE-003,3,2023-07-28
MSE-003,4,2023-07-29
MSE-003,4,2023-07-30
MSE-003,2,2023-07-31
MSE-003,5,2023-08-01
MSE-003,5,2023-08-02
MSE-003,6,2023-08-03
MSE-003,7,2023-08-04
MSE-003,3,2023-08-05
MSE-003,8,2023-08-06
MSE-003,12,2023-08-07
MSE-003,3,2023-08-08
MSE-003,3,2023-08-09
MSE-003,8,2023-08-10
MSE-003,3,2023-08-11
MSE-003,1,2023-08-12
MSE-003,6,2023-08-13
MSE-003,4,2023-08-14
MSE-003,6,2023-08-15
MSE-003,5,2023-08-16
MSE-003,8,2023-08-17
MSE-003,6,2023-08-18
MSE-003,5,2023-08-19
MSE-003,2,2023-08-20
MSE-003,10,2023-08-21
MSE-003,3,2023-08-22
MSE-003,6,2023-08-23
MSE-003,5,2023-08-24
MSE-003,6,2023-08-25
MSE-003,4,2023-08-26
MSE-003,6,2023-08-27
MSE-003,6,2023-08-28
MSE-003,7,2023-08-29
MSE-003,4,2023-08-30
MSE-003,6,2023-08-31
MSE-003,5,2023-09-01
MSE-003,2,2023-09-02
MSE-003,7,2023-09-03
MSE-003,7,2023-09-04
MSE-003,6,2023-09-05
MSE-003,7,2023-09-06
MSE-003,7,2023-09-07
MSE-003,5,2023-09-08
MSE-003,5,2023-09-09
MSE-003,8,2023-09-10
MSE-003,6,2023-09-11
MSE-003,6,2023-09-12
MSE-003,6,2023-09-13
MSE-003,7,2023-09-14
MSE-003,5,2023-09-15
MSE-003,5,2023-09-16
MSE-003,8,2023-09-17
MSE-003,4,2023-09-18
MSE-003,3,2023-09-19
MSE-003,2,2023-09-20
MSE-003,7,2023-09-21
MSE-003,7,2023-09-22
MSE-003,2,2023-09-23
MSE-003,3,2023-09-24
MSE-003,7,2023-09-25
MSE-003,5,2023-09-26
MSE-003,9,2023-09-27
MSE-003,5,2023-09-28
MSE-003,5,2023-09-29
MSE-003,6,2023-09-30
MSE-003,2,2023-10-01
MSE-003,4,2023-10-02
MSE-003,6,2023-10-03
MSE-003,5,2023-10-04
MSE-003,1,2023-10-05
MSE-003,6,2023-10-06
MSE-003,8,2023-10-07
MSE-003,3,2023-10-08
MSE-003,9,2023-10-09
MSE-003,8,2023-10-10
MSE-003,3,2023-10-11
MSE-003,3,2023-10-12
MSE-003,4,2023-10-13
MSE-003,2,2023-10-14
MSE-003,5,2023-10-15
MSE-003,5,2023-10-16
MSE-003,4,2023-10-17
MSE-003,4,2023-10-18
MSE-003,2,2023-10-19
MSE-003,1,2023-10-20
MSE-003,7,2023-10-21
MSE-003,4,2023-10-22
MSE-003,5,2023-10-23
MSE-003,6,2023-10-24
MSE-003,6,2023-10-25
MSE-003,5,2023-10-26
MSE-003,8,2023-10-27
MSE-003,8,2023-10-28
MSE-003,6,2023-10-29
MSE-003,5,2023-10-30
MSE-003,9,2023-10-31
MSE-003,7,2023-11-01
MSE-003,3,2023-11-02
MSE-003,10,2023-11-03
MSE-003,5,2023-11-04
MSE-003,3,2023-11-05
MSE-003,6,2023-11-06
MSE-003,4,2023-11-07
MSE-003,6,2023-11-08
MSE-003,11,2023-11-09
MSE-003,3,2023-11-10
MSE-003,3,2023-11-11
MSE-003,6,2023-11-12
MSE-003,8,2023-11-13
MSE-003,1,2023-11-14
MSE-003,5,2023-11-15
MSE-003,8,2023-11-16
MSE-003,8,2023-11-17
MSE-003,10,2023-11-18
MSE-003,5,2023-11-19
MSE-003,3,2023-11-20
MSE-003,5,2023-11-21
MSE-003,9,2023-11-22
MSE-003,6,2023-11-24
MSE-003,5,2023-11-25
MSE-003,7,2023-11-26
MSE-003,10,2023-11-27
MSE-003,6,2023-11-28
MSE-003,7,2023-11-29
MSE-003,5,2023-11-30
MSE-003,4,2023-12-01
MSE-003,5,2023-12-02
MSE-003,4,2023-12-03
MSE-003,9,2023-12-04
MSE-003,7,2023-12-05
MSE-003,5,2023-12-06
MSE-003,4,2023-12-07
MSE-003,6,2023-12-08
MSE-003,9,2023-12-09
MSE-003,5,2023-12-10
MSE-003,6,2023-12-11
MSE-003,4,2023-12-12
MSE-003,6,2023-12-13
MSE-003,3,2023-12-14
MSE-003,4,2023-12-15
MSE-003,5,2023-12-16
MSE-003,5,2023-12-17
MSE-003,3,2023-12-18
MSE-003,5,2023-12-19
MSE-003,7,2023-12-20
MSE-003,8,2023-12-21
MSE-003,2,2023-12-22
MSE-003,5,2023-12-23
MSE-003,6,2023-12-24
MSE-003,3,2023-12-25
MSE-003,5,2023-12-26
MSE-003,2,2023-12-27
MSE-003,3,2023-12-29
MSE-003,4,2023-12-30
MSE-003,3,2023-12-31
MSE-003,6,2024-01-01
MSE-003,3,2024-01-03
MSE-003,7,2024-01-04
MSE-003,5,2024-01-05
MSE-003,7,2024-01-06
MSE-003,3,2024-01-07
MSE-003,9,2024-01-08
MSE-003,6,2024-01-09
MSE-003,3,2024-01-10
MSE-003,4,2024-01-11
MSE-003,6,2024-01-12
MSE-003,3,2024-01-13
MSE-003,5,2024-01-14
MSE-003,5,2024-01-15
MSE-003,3,2024-01-16
MSE-003,2,2024-01-17
MSE-003,3,2024-01-18
MSE-003,10,2024-01-19
MSE-003,5,2024-01-20
MSE-003,3,2024-01-21
MSE-003,4,2024-01-22
MSE-003,4,2024-01-23
MSE-003,6,2024-01-24
MSE-003,9,2024-01-25
MSE-003,4,2024-01-26
MSE-003,6,2024-01-27
MSE-003,7,2024-01-28
MSE-003,6,2024-01-29
MSE-003,4,2024-01-30
MSE-003,6,2024-01-31
MSE-003,7,2024-02-02
MSE-003,8,2024-02-03
MSE-003,7,2024-02-04
MSE-003,5,2024-02-05
MSE-003,4,2024-02-06
MSE-003,7,2024-02-07
MSE-003,2,2024-02-08
MSE-003,4,2024-02-09
MSE-003,1,2024-02-10
MSE-003,3,2024-02-11
MSE-003,1,2024-02-12
MSE-003,7,2024-02-13
MSE-003,11,2024-02-14
MSE-003,11,2024-02-15
MSE-003,6,2024-02-16
MSE-003,7,2024-02-17
MSE-003,5,2024-02-18
MSE-003,5,2024-02-19
MSE-003,4,2024-02-20
MSE-003,1,2024-02-21
MSE-003,3,2024-02-22
MSE-003,5,2024-02-23
MSE-003,5,2024-02-24
MSE-003,3,2024-02-25
MSE-003,4,2024-02-26
MSE-003,9,2024-02-27
MSE-003,6,2024-02-28
MSE-003,7,2024-02-29
MSE-003,4,2024-03-01
MSE-003,3,2024-03-02
MSE-003,6,2024-03-03
MSE-003,9,2024-03-04
MSE-003,4,2024-03-05
MSE-003,4,2024-03-06
MSE-003,4,2024-03-07
MSE-003,3,2024-03-08
MSE-003,9,2024-03-09
MSE-003,9,2024-03-10
MSE-003,10,2024-03-11
MSE-003,2,2024-03-12
MSE-003,9,2024-03-13
MSE-003,2,2024-03-14
MSE-003,5,2024-03-15
MSE-003,5,2024-03-16
MSE-003,8,2024-03-17
MSE-003,4,2024-03-18
MSE-003,3,2024-03-19
MSE-003,1,2024-03-20
MSE-003,6,2024-03-21
MSE-003,2,2024-03-22
MSE-003,4,2024-03-23
MSE-003,5,2024-03-24
MSE-003,3,2024-03-25
MSE-003,7,2024-03-26
MSE-003,6,2024-03-27
MSE-003,4,2024-03-28
MSE-003,5,2024-03-29
MSE-003,4,2024-03-30
MSE-003,3,2024-03-31
MSE-003,6,2024-04-01
MSE-003,1,2024-04-02
MSE-003,7,2024-04-03
MSE-003,13,2024-04-04
MSE-003,5,2024-04-05
MSE-003,10,2024-04-06
MSE-003,6,2024-04-07
MSE-003,5,2024-04-08
MSE-003,5,2024-04-09
MSE-003,3,2024-04-10
MSE-003,5,2024-04-11
MSE-003,7,2024-04-12
MSE-003,5,2024-04-13
MSE-003,8,2024-04-14
MSE-003,6,2024-04-15
MSE-003,3,2024-04-16
MSE-003,10,2024-04-17
MSE-003,5,2024-04-18
MSE-003,3,2024-04-19
MSE-003,5,2024-04-20
MSE-003,6,2024-04-21
MSE-003,4,2024-04-22
MSE-003,8,2024-04-23
MSE-003,5,2024-04-24
MSE-003,6,2024-04-25
MSE-003,1,2024-04-26
MSE-003,4,2024-04-27
MSE-003,7,2024-04-28
MSE-003,5,2024-04-29
MSE-003,7,2024-04-30
MSE-003,4,2024-05-01
MSE-003,9,2024-05-02
MSE-003,3,2024-05-03
MSE-003,5,2024-05-04
MSE-003,4,2024-05-05
MSE-003,4,2024-05-06
MSE-003,6,2024-05-07
MSE-003,4,2024-05-08
MSE-003,3,2024-05-09
MSE-003,3,2024-05-10
MSE-003,3,2024-05-11
MSE-003,6,2024-05-12
MSE-003,6,2024-05-13
MSE-003,7,2024-05-14
MSE-003,4,2024-05-15
MSE-003,7,2024-05-16
MSE-003,6,2024-05-17
MSE-003,3,2024-05-18
MSE-003,6,2024-05-19
MSE-003,3,2024-05-20
MSE-003,3,2024-05-21
MSE-003,3,2024-05-22
MSE-003,9,2024-05-23
MSE-003,3,2024-05-24
MSE-003,8,2024-05-25
MSE-003,6,2024-05-26
MSE-003,6,2024-05-27
MSE-003,5,2024-05-28
MSE-003,5,2024-05-29
MSE-003,7,2024-05-30
MSE-003,6,2024-05-31
MSE-003,4,2024-06-01
MSE-003,5,2024-06-02
MSE-003,4,2024-06-03
MSE-003,4,2024-06-04
MSE-003,4,2024-06-05
MSE-003,5,2024-06-06
MSE-003,3,2024-06-07
MSE-003,4,2024-06-08
MSE-003,3,2024-06-09
MSE-003,3,2024-06-10
MSE-003,6,2024-06-11
MSE-003,3,2024-06-12
MSE-003,8,2024-06-13
MSE-003,6,2024-06-14
MSE-003,5,2024-06-15
MSE-003,4,2024-06-16
MSE-003,4,2024-06-17
MSE-003,7,2024-06-18
MSE-003,4,2024-06-19
MSE-003,6,2024-06-20
MSE-003,2,2024-06-21
MSE-003,8,2024-06-22
MSE-003,3,2024-06-23
MSE-003,10,2024-06-24
MSE-003,3,2024-06-25
MSE-003,4,2024-06-26
MSE-003,2,2024-06-27
MSE-003,8,2024-06-28
MSE-003,5,2024-06-29
MSE-003,6,2024-06-30
MSE-003,5,2024-07-01
MSE-003,7,2024-07-02
MSE-003,5,2024-07-03
MSE-003,3,2024-07-04
MSE-003,4,2024-07-05
MSE-003,3,2024-07-06
MSE-003,9,2024-07-07
MSE-003,5,2024-07-08
MSE-003,7,2024-07-09
MSE-003,1,2024-07-10
MSE-003,6,2024-07-11
MSE-003,6,2024-07-12
MSE-003,5,2024-07-13
MSE-003,2,2024-07-14
MSE-003,3,2024-07-15
MSE-003,5,2024-07-16
MSE-003,4,2024-07-17
MSE-003,5,2024-07-18
MSE-003,4,2024-07-20
MSE-003,2,2024-07-21
MSE-003,5,2024-07-22
MSE-003,7,2024-07-23
MSE-003,7,2024-07-24
MSE-003,6,2024-07-25
MSE-003,10,2024-07-26
MSE-003,4,2024-07-27
MSE-003,9,2024-07-28
MSE-003,14,2024-07-29
MSE-003,2,2024-07-30
MSE-003,6,2024-07-31
MSE-003,6,2024-08-01
MSE-003,7,2024-08-02
MSE-003,3,2024-08-03
MSE-003,4,2024-08-04
MSE-003,9,2024-08-05
MSE-003,5,2024-08-06
MSE-003,9,2024-08-07
MSE-003,3,2024-08-08
MSE-003,4,2024-08-09
MSE-003,2,2024-08-10
MSE-003,5,2024-08-11
MSE-003,2,2024-08-12
MSE-003,5,2024-08-13
MSE-003,4,2024-08-14
MSE-003,4,2024-08-15
MSE-003,4,2024-08-16
MSE-003,6,2024-08-17
MSE-003,5,2024-08-18
MSE-003,2,2024-08-19
MSE-003,4,2024-08-20
MSE-003,4,2024-08-21
MSE-003,7,2024-08-22
MSE-003,6,2024-08-23
MSE-003,7,2024-08-24
MSE-003,9,2024-08-25
MSE-003,4,2024-08-26
MSE-003,4,2024-08-27
MSE-003,7,2024-08-28
MSE-003,4,2024-08-29
MSE-003,5,2024-08-30
MSE-003,6,2024-08-31
MSE-003,3,2024-09-01
MSE-003,6,2024-09-02
MSE-003,9,2024-09-03
MSE-003,8,2024-09-04
MSE-003,7,2024-09-05
MSE-003,8,2024-09-06
MSE-003,5,2024-09-07
MSE-003,7,2024-09-08
MSE-003,5,2024-09-09
MSE-003,3,2024-09-10
MSE-003,3,2024-09-11
MSE-003,4,2024-09-12
MSE-003,5,2024-09-13
MSE-003,3,2024-09-14
MSE-003,4,2024-09-15
MSE-003,3,2024-09-16
MSE-003,5,2024-09-17
MSE-003,7,2024-09-18
MSE-003,5,2024-09-19
MSE-003,6,2024-09-20
MSE-003,5,2024-09-21
MSE-003,6,2024-09-22
MSE-003,5,2024-09-23
MSE-003,4,2024-09-24
MSE-003,4,2024-09-25
MSE-003,8,2024-09-26
MSE-003,6,2024-09-27
MSE-003,5,2024-09-28
MSE-003,4,2024-09-29
MSE-003,6,2024-09-30
MSE-003,2,2024-10-01
MSE-003,5,2024-10-02
MSE-003,7,2024-10-03
MSE-003,9,2024-10-04
MSE-003,5,2024-10-05
MSE-003,13,2024-10-06
MSE-003,5,2024-10-07
MSE-003,4,2024-10-08
MSE-003,7,2024-10-09
MSE-003,7,2024-10-10
MSE-003,3,2024-10-11
MSE-003,8,2024-10-12
MSE-003,8,2024-10-13
MSE-003,4,2024-10-14
MSE-003,7,2024-10-15
MSE-003,2,2024-10-16
MSE-003,6,2024-10-17
MSE-003,5,2024-10-18
MSE-003,5,2024-10-19
MSE-003,6,2024-10-20
MSE-003,5,2024-10-21
MSE-003,9,2024-10-22
MSE-003,7,2024-10-23
MSE-003,7,2024-10-24
MSE-003,5,2024-10-25
MSE-003,4,2024-10-26
MSE-003,8,2024-10-28
MSE-003,6,2024-10-29
MSE-003,6,2024-10-30
MSE-003,4,2024-10-31
MSE-003,3,2024-11-01
MSE-003,3,2024-11-02
MSE-003,5,2024-11-03
MSE-003,5,2024-11-04
MSE-003,4,2024-11-05
MSE-003,7,2024-11-06
MSE-003,6,2024-11-07
MSE-003,6,2024-11-08
MSE-003,2,2024-11-09
MSE-003,4,2024-11-10
MSE-003,2,2024-11-11
MSE-003,5,2024-11-12
MSE-003,8,2024-11-13
MSE-003,4,2024-11-14
MSE-003,3,2024-11-15
MSE-003,8,2024-11-16
MSE-003,6,2024-11-17
MSE-003,9,2024-11-18
MSE-003,5,2024-11-19
MSE-003,4,2024-11-20
MSE-003,7,2024-11-21
MSE-003,3,2024-11-22
MSE-003,5,2024-11-23
MSE-003,2,2024-11-24
MSE-003,5,2024-11-25
MSE-003,4,2024-11-26
MSE-003,4,2024-11-27
MSE-003,6,2024-11-28
MSE-003,6,2024-11-29
MSE-003,2,2024-11-30
MSE-003,1,2024-12-01
MSE-003,7,2024-12-02
MSE-003,7,2024-12-03
MSE-003,10,2024-12-04
MSE-003,8,2024-12-05
MSE-003,9,2024-12-06
MSE-003,3,2024-12-07
MSE-003,5,2024-12-08
MSE-003,5,2024-12-09
MSE-003,5,2024-12-10
MSE-003,7,2024-12-11
MSE-003,7,2024-12-12
MSE-003,7,2024-12-13
MSE-003,3,2024-12-14
MSE-003,6,2024-12-15
MSE-003,4,2024-12-16
MSE-003,7,2024-12-17
MSE-003,8,2024-12-18
MSE-003,9,2024-12-19
MSE-003,4,2024-12-20
MSE-003,4,2024-12-21
MSE-003,6,2024-12-22
MSE-003,10,2024-12-23
MSE-003,8,2024-12-24
MSE-003,3,2024-12-25
MSE-003,7,2024-12-26
MSE-003,7,2024-12-27
MSE-003,8,2024-12-28
MSE-003,5,2024-12-29
MSE-003,5,2024-12-30
MSE-003,3,2024-12-31
MSE-003,2,2025-01-01
MSE-003,5,2025-01-02
MSE-003,6,2025-01-03
MSE-003,8,2025-01-04
MSE-003,2,2025-01-05
MSE-003,7,2025-01-06
MSE-003,9,2025-01-07
MSE-003,6,2025-01-08
MSE-003,3,2025-01-09
MSE-003,6,2025-01-10
MSE-003,1,2025-01-11
MSE-003,5,2025-01-12
MSE-003,5,2025-01-13
MSE-003,6,2025-01-14
MSE-003,4,2025-01-15
MSE-003,2,2025-01-16
MSE-003,5,2025-01-17
MSE-003,10,2025-01-18
MSE-003,3,2025-01-19
MSE-003,10,2025-01-20
MSE-003,10,2025-01-21
MSE-003,6,2025-01-22
MSE-003,6,2025-01-23
MSE-003,5,2025-01-24
MSE-003,4,2025-01-25
MSE-003,3,2025-01-26
MSE-003,6,2025-01-27
MSE-003,4,2025-01-28
MSE-003,5,2025-01-29
MSE-003,8,2025-01-30
MSE-003,7,2025-01-31
MSE-003,4,2025-02-01
MSE-003,2,2025-02-02
MSE-003,1,2025-02-03
MSE-003,3,2025-02-04
MSE-003,4,2025-02-05
MSE-003,3,2025-02-06
MSE-003,3,2025-02-07
MSE-003,4,2025-02-08
MSE-003,4,2025-02-09
MSE-003,5,2025-02-10
MSE-003,5,2025-02-11
MSE-003,8,2025-02-12
MSE-003,3,2025-02-13
MSE-003,9,2025-02-14
MSE-003,2,2025-02-15
MSE-003,3,2025-02-16
MSE-003,6,2025-02-17
MSE-003,5,2025-02-18
MSE-003,4,2025-02-19
MSE-003,8,2025-02-20
MSE-003,10,2025-02-21
MSE-003,2,2025-02-22
MSE-003,7,2025-02-23
MSE-003,4,2025-02-24
MSE-003,3,2025-02-25
MSE-003,3,2025-02-26
MSE-003,6,2025-02-27
MSE-003,3,2025-02-28
MSE-003,4,2025-03-01
MSE-003,3,2025-03-02
MSE-003,5,2025-03-03
MSE-003,5,2025-03-04
MSE-003,7,2025-03-05
MSE-003,4,2025-03-06
MSE-003,3,2025-03-07
MSE-003,4,2025-03-08
MSE-003,6,2025-03-09
MSE-003,9,2025-03-10
MSE-003,4,2025-03-11
MSE-003,6,2025-03-12
MSE-003,3,2025-03-13
MSE-003,5,2025-03-14
MSE-003,4,2025-03-15
MSE-003,10,2025-03-16
MSE-003,9,2025-03-17
MSE-003,2,2025-03-18
MSE-003,1,2025-03-19
MSE-003,4,2025-03-20
MSE-003,4,2025-03-21
MSE-003,8,2025-03-22
MSE-003,4,2025-03-23
MSE-003,3,2025-03-24
MSE-003,7,2025-03-25
MSE-003,8,2025-03-26
MSE-003,3,2025-03-27
MSE-003,5,2025-03-28
MSE-003,6,2025-03-29
MSE-003,9,2025-03-30
MSE-003,3,2025-03-31
MSE-003,4,2025-04-01
MSE-003,4,2025-04-02
MSE-003,8,2025-04-03
MSE-003,8,2025-04-04
MSE-003,9,2025-04-05
MSE-003,5,2025-04-06
MSE-003,7,2025-04-07
MSE-003,2,2025-04-08
MSE-003,6,2025-04-09
MSE-003,6,2025-04-10
MSE-003,9,2025-04-11
MSE-003,3,2025-04-12
MSE-003,6,2025-04-13
MSE-003,4,2025-04-14
MSE-003,5,2025-04-15
MSE-003,6,2025-04-16
MSE-003,3,2025-04-17
MSE-003,6,2025-04-18
MSE-003,6,2025-04-19
MSE-003,4,2025-04-20
MSE-003,4,2025-04-21
MSE-003,7,2025-04-22
MSE-003,6,2025-04-23
MSE-003,7,2025-04-24
MSE-003,4,2025-04-25
MSE-003,5,2025-04-26
MSE-003,3,2025-04-27
MSE-003,4,2025-04-28
MSE-003,7,2025-04-29
MSE-003,5,2025-04-30
MSE-003,2,2025-05-01
MSE-003,4,2025-05-02
MSE-003,6,2025-05-03
MSE-003,3,2025-05-04
MSE-003,3,2025-05-05
MSE-003,3,2025-05-06
MSE-003,8,2025-05-07
MSE-003,4,2025-05-08
MSE-003,7,2025-05-09
MSE-003,11,2025-05-10
MSE-003,4,2025-05-11
MSE-003,4,2025-05-12
MSE-003,4,2025-05-13
MSE-003,3,2025-05-14
MSE-003,5,2025-05-15
MSE-003,2,2025-05-16
MSE-003,5,2025-05-17
MSE-003,5,2025-05-18
MSE-003,2,2025-05-19
MSE-003,3,2025-05-20
MSE-003,5,2025-05-21
MSE-003,6,2025-05-22
MSE-003,11,2025-05-23
MSE-003,9,2025-05-24
MSE-003,7,2025-05-25
MSE-003,5,2025-05-26
MSE-003,8,2025-05-28
MSE-003,4,2025-05-29
MSE-003,5,2025-05-30
MSE-003,4,2025-05-31
MSE-003,6,2025-06-01
MSE-003,7,2025-06-02
MSE-003,4,2025-06-03
MSE-003,2,2025-06-04
MSE-003,4,2025-06-05
MSE-003,9,2025-06-06
MSE-003,5,2025-06-07
MSE-003,6,2025-06-08
MSE-003,4,2025-06-09
MSE-003,3,2025-06-10
MSE-003,7,2025-06-11
MSE-003,7,2025-06-12
MSE-003,8,2025-06-13
MSE-003,11,2025-06-14
MSE-003,5,2025-06-15
MSE-003,8,2025-06-16
MSE-003,2,2025-06-17
MSE-003,7,2025-06-18
MSE-003,1,2025-06-19
MSE-003,1,2025-06-20
MSE-003,6,2025-06-21
MSE-003,3,2025-06-22
MSE-003,3,2025-06-23
MSE-003,4,2025-06-24
MSE-003,5,2025-06-26
MSE-003,3,2025-06-27
MSE-003,9,2025-06-28
MSE-003,4,2025-06-29
MSE-003,7,2025-06-30
MSE-003,2,2025-07-01
MSE-003,2,2025-07-02
MSE-003,4,2025-07-03
MSE-003,6,2025-07-04
MSE-003,4,2025-07-05
MSE-003,7,2025-07-06
MSE-003,6,2025-07-07
MSE-003,10,2025-07-08
MSE-003,6,2025-07-09
MSE-003,2,2025-07-10
MSE-003,5,2025-07-11
MSE-003,4,2025-07-12
MSE-003,2,2025-07-13
MSE-003,3,2025-07-14
MSE-003,3,2025-07-15
MSE-003,4,2025-07-16
MSE-003,6,2025-07-17
MSE-003,3,2025-07-18
MSE-003,7,2025-07-19
MSE-003,3,2025-07-20
MSE-003,3,2025-07-21
MSE-003,6,2025-07-22
MSE-003,3,2025-07-23
MSE-003,4,2025-07-24
MSE-003,5,2025-07-25
MSE-003,6,2025-07-26
MSE-003,1,2025-07-27
MSE-003,7,2025-07-28
MSE-003,6,2025-07-29
MSE-003,8,2025-07-30
MSE-003,5,2025-07-31
MSE-003,3,2025-08-01
MSE-003,8,2025-08-02
MSE-003,6,2025-08-03
MSE-003,4,2025-08-04
MSE-003,6,2025-08-05
MSE-003,7,2025-08-06
MSE-003,4,2025-08-07
MSE-003,4,2025-08-08
MSE-003,3,2025-08-09
MSE-003,3,2025-08-10
MSE-003,3,2025-08-11
MSE-003,4,2025-08-12
MSE-003,8,2025-08-13
MSE-003,7,2025-08-14
MSE-003,6,2025-08-15
MSE-003,6,2025-08-16
MSE-003,3,2025-08-17
MSE-003,5,2025-08-18
MSE-003,1,2025-08-19
MSE-003,7,2025-08-20
MSE-003,6,2025-08-21
MSE-003,5,2025-08-22
MSE-003,8,2025-08-23
MSE-003,9,2025-08-24
MSE-003,1,2025-08-25
MSE-003,3,2025-08-26
MSE-003,5,2025-08-27
MSE-003,6,2025-08-28
MSE-003,2,2025-08-29
MSE-003,6,2025-08-30
MSE-003,3,2025-08-31
MSE-003,2,2025-09-01
MSE-003,4,2025-09-02
MSE-003,6,2025-09-03
MSE-003,3,2025-09-04
MSE-003,4,2025-09-05
MSE-003,4,2025-09-06
MSE-003,4,2025-09-07
MSE-003,3,2025-09-08
MSE-003,4,2025-09-09
MSE-003,1,2025-09-10
MSE-003,10,2025-09-11
MSE-003,3,2025-09-12
MSE-003,3,2025-09-13
MSE-003,5,2025-09-14
MSE-003,8,2025-09-15
MSE-003,4,2025-09-16
MSE-003,6,2025-09-17
MSE-003,8,2025-09-18
MSE-003,7,2025-09-19
MSE-003,10,2025-09-20
MSE-003,7,2025-09-21
MSE-003,1,2025-09-22
MSE-003,9,2025-09-23
MSE-003,4,2025-09-24
MSE-003,5,2025-09-25
MSE-003,7,2025-09-26
MSE-003,10,2025-09-27
MSE-003,5,2025-09-28
MSE-003,13,2025-09-29
MSE-003,4,2025-09-30
MSE-003,3,2025-10-01
MSE-003,7,2025-10-02
MSE-003,7,2025-10-03
MSE-003,2,2025-10-04
MSE-003,9,2025-10-05
MSE-003,4,2025-10-06
MSE-003,6,2025-10-07
MSE-003,4,2025-10-08
MSE-003,4,2025-10-09
MSE-003,3,2025-10-10
MSE-003,4,2025-10-11
MSE-003,6,2025-10-12
MSE-003,5,2025-10-13
MSE-003,8,2025-10-14
MSE-003,3,2025-10-15
MSE-003,4,2025-10-16
MSE-003,5,2025-10-17
MSE-003,2,2025-10-18
MSE-003,5,2025-10-19
MSE-003,4,2025-10-20
MSE-003,3,2025-10-21
MSE-003,8,2025-10-22
MSE-003,4,2025-10-23
MSE-003,5,2025-10-24
MSE-003,6,2025-10-25
MSE-003,6,2025-10-26
MSE-003,3,2025-10-27
MSE-003,4,2025-10-28
MSE-003,4,2025-10-29
MSE-003,2,2025-10-30
MSE-003,5,2025-10-31
MSE-003,3,2025-11-01
MSE-003,6,2025-11-02
MSE-003,4,2025-11-03
MSE-003,5,2025-11-04
MSE-003,9,2025-11-05
MSE-003,6,2025-11-06
MSE-003,3,2025-11-07
MSE-003,3,2025-11-08
MSE-003,8,2025-11-09
MSE-003,9,2025-11-10
MSE-003,6,2025-11-11
MSE-003,4,2025-11-12
MSE-003,7,2025-11-13
MSE-003,4,2025-11-14
MSE-003,7,2025-11-15
MSE-003,4,2025-11-16
MSE-003,6,2025-11-17
MSE-003,4,2025-11-18
MSE-003,6,2025-11-19
MSE-003,6,2025-11-20
MSE-003,8,2025-11-21
MSE-003,8,2025-11-22
MSE-003,3,2025-11-23
MSE-003,5,2025-11-24
MSE-003,11,2025-11-25
MSE-003,2,2025-11-26
MSE-003,4,2025-11-27
MSE-003,5,2025-11-28
MSE-003,1,2025-11-29
MSE-003,5,2025-11-30
MSE-003,5,2025-12-01
MSE-003,4,2025-12-02
MSE-003,6,2025-12-03
MSE-003,6,2025-12-04
MSE-003,9,2025-12-05
MSE-003,6,2025-12-06
MSE-003,6,2025-12-07
MSE-003,7,2025-12-08
MSE-003,1,2025-12-09
MSE-003,7,2025-12-10
MSE-003,3,2025-12-11
MSE-003,7,2025-12-12
MSE-003,6,2025-12-13
MSE-003,5,2025-12-14
MSE-003,3,2025-12-15
MSE-003,5,2025-12-16
MSE-003,4,2025-12-17
MSE-003,3,2025-12-19
MSE-003,2,2025-12-20
MSE-003,9,2025-12-21
MSE-003,8,2025-12-22
MSE-003,4,2025-12-23
MSE-003,3,2025-12-24
MSE-003,6,2025-12-25
MSE-003,5,2025-12-26
MSE-003,3,2025-12-27
MSE-003,4,2025-12-28
MSE-003,4,2025-12-29
MSE-003,7,2025-12-30
MSE-003,7,2025-12-31
MSE-003,1,2026-01-01
MSE-003,1,2026-01-02
MSE-003,3,2026-01-03
MSE-003,8,2026-01-04
MSE-003,8,2026-01-05
MSE-003,4,2026-01-06
MSE-003,5,2026-01-07
MSE-003,4,2026-01-08
MSE-003,3,2026-01-09
MSE-003,2,2026-01-10
MSE-003,5,2026-01-11
MSE-003,5,2026-01-12
MSE-003,7,2026-01-13
MSE-003,7,2026-01-14
MSE-003,5,2026-01-15
MSE-003,9,2026-01-16
MSE-003,4,2026-01-17
MSE-003,1,2026-01-18
MSE-003,3,2026-01-19
MSE-003,2,2026-01-20
MSE-003,3,2026-01-21
MSE-003,5,2026-01-22
MSE-003,11,2026-01-23
MSE-003,2,2026-01-24
MSE-003,3,2026-01-25
KBD-004,3,2023-01-26
KBD-004,3,2023-01-27
KBD-004,4,2023-01-28
KBD-004,3,2023-01-29
KBD-004,5,2023-01-30
KBD-004,8,2023-01-31
KBD-004,5,2023-02-01
KBD-004,5,2023-02-02
KBD-004,3,2023-02-03
KBD-004,5,2023-02-04
KBD-004,2,2023-02-05
KBD-004,8,2023-02-06
KBD-004,6,2023-02-07
KBD-004,4,2023-02-08
KBD-004,4,2023-02-09
KBD-004,2,2023-02-10
KBD-004,8,2023-02-11
KBD-004,1,2023-02-12
KBD-004,7,2023-02-13
KBD-004,9,2023-02-14
KBD-004,4,2023-02-15
KBD-004,5,2023-02-16
KBD-004,3,2023-02-17
KBD-004,7,2023-02-18
KBD-004,4,2023-02-19
KBD-004,3,2023-02-20
KBD-004,7,2023-02-21
KBD-004,4,2023-02-22
KBD-004,10,2023-02-23
KBD-004,1,2023-02-24
KBD-004,4,2023-02-25
KBD-004,10,2023-02-26
KBD-004,1,2023-02-27
KBD-004,2,2023-02-28
KBD-004,3,2023-03-01
KBD-004,1,2023-03-02
KBD-004,4,2023-03-03
KBD-004,4,2023-03-04
KBD-004,3,2023-03-05
KBD-004,2,2023-03-06
KBD-004,5,2023-03-07
KBD-004,3,2023-03-08
KBD-004,4,2023-03-10
KBD-004,2,2023-03-11
KBD-004,5,2023-03-12
KBD-004,3,2023-03-13
KBD-004,4,2023-03-14
KBD-004,6,2023-03-15
KBD-004,4,2023-03-16
KBD-004,7,2023-03-17
KBD-004,3,2023-03-18
KBD-004,3,2023-03-19
KBD-004,4,2023-03-20
KBD-004,5,2023-03-21
KBD-004,5,2023-03-22
KBD-004,6,2023-03-23
KBD-004,3,2023-03-24
KBD-004,3,2023-03-25
KBD-004,6,2023-03-26
KBD-004,7,2023-03-27
KBD-004,4,2023-03-28
KBD-004,3,2023-03-29
KBD-004,1,2023-03-30
KBD-004,3,2023-03-31
KBD-004,6,2023-04-01
KBD-004,2,2023-04-02
KBD-004,6,2023-04-03
KBD-004,5,2023-04-04
KBD-004,8,2023-04-05
KBD-004,4,2023-04-06
KBD-004,1,2023-04-07
KBD-004,3,2023-04-08
KBD-004,5,2023-04-09
KBD-004,7,2023-04-10
KBD-004,7,2023-04-11
KBD-004,6,2023-04-12
KBD-004,6,2023-04-13
KBD-004,3,2023-04-14
KBD-004,1,2023-04-15
KBD-004,9,2023-04-16
KBD-004,12,2023-04-17
KBD-004,3,2023-04-18
KBD-004,3,2023-04-19
KBD-004,5,2023-04-20
KBD-004,5,2023-04-21
KBD-004,7,2023-04-22
KBD-004,4,2023-04-23
KBD-004,7,2023-04-24
KBD-004,2,2023-04-26
KBD-004,1,2023-04-27
KBD-004,5,2023-04-28
KBD-004,3,2023-04-29
KBD-004,4,2023-04-30
KBD-004,8,2023-05-01
KBD-004,2,2023-05-02
KBD-004,3,2023-05-03
KBD-004,2,2023-05-04
KBD-004,2,2023-05-05
KBD-004,6,2023-05-06
KBD-004,3,2023-05-07
KBD-004,3,2023-05-08
KBD-004,4,2023-05-09
KBD-004,3,2023-05-10
KBD-004,8,2023-05-11
KBD-004,4,2023-05-12
KBD-004,1,2023-05-13
KBD-004,3,2023-05-14
KBD-004,3,2023-05-15
KBD-004,3,2023-05-16
KBD-004,8,2023-05-17
KBD-004,4,2023-05-18
KBD-004,5,2023-05-19
KBD-004,4,2023-05-20
KBD-004,6,2023-05-21
KBD-004,4,2023-05-22
KBD-004,2,2023-05-23
KBD-004,2,2023-05-24
KBD-004,4,2023-05-25
KBD-004,6,2023-05-26
KBD-004,5,2023-05-27
KBD-004,5,2023-05-28
KBD-004,4,2023-05-29
KBD-004,3,2023-05-30
KBD-004,8,2023-05-31
KBD-004,5,2023-06-01
KBD-004,1,2023-06-02
KBD-004,1,2023-06-03
KBD-004,3,2023-06-04
KBD-004,4,2023-06-05
KBD-004,2,2023-06-06
KBD-004,9,2023-06-07
KBD-004,6,2023-06-08
KBD-004,2,2023-06-09
KBD-004,8,2023-06-10
KBD-004,4,2023-06-11
KBD-004,6,2023-06-12
KBD-004,3,2023-06-13
KBD-004,5,2023-06-14
KBD-004,8,2023-06-15
KBD-004,7,2023-06-16
KBD-004,7,2023-06-17
KBD-004,5,2023-06-18
KBD-004,2,2023-06-19
KBD-004,2,2023-06-20
KBD-004,5,2023-06-21
KBD-004,5,2023-06-22
KBD-004,6,2023-06-23
KBD-004,2,2023-06-24
KBD-004,2,2023-06-25
KBD-004,5,2023-06-26
KBD-004,2,2023-06-27
KBD-004,2,2023-06-28
KBD-004,5,2023-06-29
KBD-004,5,2023-06-30
KBD-004,3,2023-07-01
KBD-004,2,2023-07-02
KBD-004,4,2023-07-03
KBD-004,2,2023-07-04
KBD-004,2,2023-07-05
KBD-004,1,2023-07-06
KBD-004,4,2023-07-07
KBD-004,7,2023-07-08
KBD-004,6,2023-07-09
KBD-004,4,2023-07-10
KBD-004,7,2023-07-11
KBD-004,5,2023-07-12
KBD-004,5,2023-07-13
KBD-004,7,2023-07-15
KBD-004,5,2023-07-16
KBD-004,4,2023-07-17
KBD-004,4,2023-07-18
KBD-004,3,2023-07-19
KBD-004,5,2023-07-20
KBD-004,3,2023-07-21
KBD-004,4,2023-07-22
KBD-004,1,2023-07-23
KBD-004,4,2023-07-24
KBD-004,5,2023-07-25
KBD-004,2,2023-07-26
KBD-004,4,2023-07-27
KBD-004,3,2023-07-28
KBD-004,7,2023-07-29
KBD-004,4,2023-07-30
KBD-004,4,2023-07-31
KBD-004,4,2023-08-01
KBD-004,2,2023-08-02
KBD-004,4,2023-08-03
KBD-004,2,2023-08-04
KBD-004,4,2023-08-05
KBD-004,3,2023-08-06
KBD-004,3,2023-08-07
KBD-004,2,2023-08-08
KBD-004,5,2023-08-09
KBD-004,5,2023-08-10
KBD-004,2,2023-08-11
KBD-004,4,2023-08-12
KBD-004,1,2023-08-13
KBD-004,3,2023-08-14
KBD-004,2,2023-08-15
KBD-004,6,2023-08-16
KBD-004,5,2023-08-17
KBD-004,2,2023-08-18
KBD-004,2,2023-08-19
KBD-004,5,2023-08-20
KBD-004,8,2023-08-21
KBD-004,2,2023-08-22
KBD-004,3,2023-08-23
KBD-004,3,2023-08-24
KBD-004,3,2023-08-25
KBD-004,5,2023-08-26
KBD-004,5,2023-08-27
KBD-004,2,2023-08-28
KBD-004,2,2023-08-29
KBD-004,4,2023-08-30
KBD-004,7,2023-08-31
KBD-004,4,2023-09-01
KBD-004,2,2023-09-02
KBD-004,3,2023-09-03
KBD-004,2,2023-09-04
KBD-004,7,2023-09-05
KBD-004,3,2023-09-06
KBD-004,2,2023-09-08
KBD-004,6,2023-09-09
KBD-004,6,2023-09-10
KBD-004,6,2023-09-11
KBD-004,3,2023-09-12
KBD-004,6,2023-09-13
KBD-004,2,2023-09-14
KBD-004,2,2023-09-15
KBD-004,5,2023-09-16
KBD-004,6,2023-09-17
KBD-004,5,2023-09-19
KBD-004,7,2023-09-20
KBD-004,1,2023-09-21
KBD-004,4,2023-09-22
KBD-004,1,2023-09-23
KBD-004,9,2023-09-24
KBD-004,2,2023-09-25
KBD-004,8,2023-09-26
KBD-004,5,2023-09-27
KBD-004,6,2023-09-28
KBD-004,4,2023-09-29
KBD-004,2,2023-09-30
KBD-004,7,2023-10-01
KBD-004,4,2023-10-02
KBD-004,2,2023-10-03
KBD-004,1,2023-10-04
KBD-004,4,2023-10-05
KBD-004,5,2023-10-06
KBD-004,5,2023-10-08
KBD-004,5,2023-10-09
KBD-004,4,2023-10-10
KBD-004,1,2023-10-11
KBD-004,4,2023-10-12
KBD-004,5,2023-10-13
KBD-004,2,2023-10-14
KBD-004,4,2023-10-15
KBD-004,3,2023-10-16
KBD-004,6,2023-10-17
KBD-004,6,2023-10-18
KBD-004,6,2023-10-19
KBD-004,2,2023-10-20
KBD-004,6,2023-10-21
KBD-004,5,2023-10-22
KBD-004,5,2023-10-23
KBD-004,6,2023-10-24
KBD-004,3,2023-10-25
KBD-004,10,2023-10-26
KBD-004,5,2023-10-27
KBD-004,4,2023-10-28
KBD-004,1,2023-10-29
KBD-004,1,2023-10-30
KBD-004,3,2023-10-31
KBD-004,1,2023-11-01
KBD-004,3,2023-11-02
KBD-004,5,2023-11-03
KBD-004,6,2023-11-04
KBD-004,2,2023-11-05
KBD-004,2,2023-11-06
KBD-004,5,2023-11-07
KBD-004,4,2023-11-08
KBD-004,3,2023-11-09
KBD-004,13,2023-11-10
KBD-004,3,2023-11-11
KBD-004,3,2023-11-12
KBD-004,5,2023-11-13
KBD-004,3,2023-11-14
KBD-004,5,2023-11-15
KBD-004,2,2023-11-16
KBD-004,1,2023-11-17
KBD-004,5,2023-11-18
KBD-004,4,2023-11-19
KBD-004,7,2023-11-21
KBD-004,3,2023-11-22
KBD-004,5,2023-11-23
KBD-004,6,2023-11-24
KBD-004,2,2023-11-25
KBD-004,3,2023-11-26
KBD-004,2,2023-11-27
KBD-004,3,2023-11-28
KBD-004,2,2023-11-29
KBD-004,1,2023-11-30
KBD-004,1,2023-12-01
KBD-004,6,2023-12-02
KBD-004,3,2023-12-03
KBD-004,6,2023-12-04
KBD-004,8,2023-12-05
KBD-004,2,2023-12-06
KBD-004,3,2023-12-07
KBD-004,3,2023-12-08
KBD-004,8,2023-12-09
KBD-004,1,2023-12-10
KBD-004,2,2023-12-11
KBD-004,1,2023-12-12
KBD-004,5,2023-12-13
KBD-004,4,2023-12-14
KBD-004,3,2023-12-15
KBD-004,1,2023-12-16
KBD-004,5,2023-12-17
KBD-004,1,2023-12-18
KBD-004,5,2023-12-19
KBD-004,3,2023-12-20
KBD-004,5,2023-12-21
KBD-004,1,2023-12-22
KBD-004,7,2023-12-23
KBD-004,3,2023-12-24
KBD-004,2,2023-12-25
KBD-004,4,2023-12-26
KBD-004,6,2023-12-27
KBD-004,3,2023-12-28
KBD-004,2,2023-12-29
KBD-004,3,2023-12-30
KBD-004,8,2023-12-31
KBD-004,2,2024-01-01
KBD-004,5,2024-01-02
KBD-004,4,2024-01-03
KBD-004,2,2024-01-04
KBD-004,5,2024-01-05
KBD-004,8,2024-01-06
KBD-004,1,2024-01-07
KBD-004,3,2024-01-08
KBD-004,2,2024-01-09
KBD-004,3,2024-01-10
KBD-004,4,2024-01-11
KBD-004,5,2024-01-12
KBD-004,2,2024-01-13
KBD-004,3,2024-01-14
KBD-004,5,2024-01-15
KBD-004,3,2024-01-16
KBD-004,7,2024-01-17
KBD-004,2,2024-01-18
KBD-004,6,2024-01-19
KBD-004,3,2024-01-20
KBD-004,6,2024-01-21
KBD-004,5,2024-01-22
KBD-004,8,2024-01-23
KBD-004,6,2024-01-24
KBD-004,2,2024-01-25
KBD-004,2,2024-01-26
KBD-004,5,2024-01-27
KBD-004,3,2024-01-28
KBD-004,6,2024-01-29
KBD-004,4,2024-01-30
KBD-004,4,2024-01-31
KBD-004,6,2024-02-01
KBD-004,6,2024-02-02
KBD-004,2,2024-02-03
KBD-004,3,2024-02-04
KBD-004,5,2024-02-05
KBD-004,6,2024-02-07
KBD-004,4,2024-02-08
KBD-004,8,2024-02-09
KBD-004,3,2024-02-10
KBD-004,3,2024-02-11
KBD-004,3,2024-02-12
KBD-004,3,2024-02-13
KBD-004,7,2024-02-14
KBD-004,5,2024-02-15
KBD-004,1,2024-02-16
KBD-004,3,2024-02-17
KBD-004,2,2024-02-18
KBD-004,3,2024-02-19
KBD-004,1,2024-02-20
KBD-004,2,2024-02-21
KBD-004,1,2024-02-22
KBD-004,3,2024-02-23
KBD-004,3,2024-02-24
KBD-004,5,2024-02-25
KBD-004,1,2024-02-26
KBD-004,5,2024-02-27
KBD-004,4,2024-02-28
KBD-004,4,2024-02-29
KBD-004,4,2024-03-01
KBD-004,3,2024-03-03
KBD-004,4,2024-03-04
KBD-004,5,2024-03-05
KBD-004,3,2024-03-06
KBD-004,2,2024-03-07
KBD-004,3,2024-03-08
KBD-004,5,2024-03-09
KBD-004,2,2024-03-10
KBD-004,2,2024-03-11
KBD-004,7,2024-03-12
KBD-004,2,2024-03-14
KBD-004,4,2024-03-15
KBD-004,3,2024-03-16
KBD-004,6,2024-03-17
KBD-004,4,2024-03-18
KBD-004,3,2024-03-19
KBD-004,5,2024-03-20
KBD-004,6,2024-03-21
KBD-004,2,2024-03-22
KBD-004,2,2024-03-23
KBD-004,4,2024-03-24
KBD-004,1,2024-03-25
KBD-004,7,2024-03-26
KBD-004,8,2024-03-27
KBD-004,6,2024-03-28
KBD-004,8,2024-03-29
KBD-004,3,2024-03-30
KBD-004,4,2024-03-31
KBD-004,2,2024-04-01
KBD-004,3,2024-04-02
KBD-004,5,2024-04-03
KBD-004,2,2024-04-04
KBD-004,4,2024-04-05
KBD-004,1,2024-04-06
KBD-004,5,2024-04-07
KBD-004,5,2024-04-09
KBD-004,3,2024-04-10
KBD-004,3,2024-04-12
KBD-004,2,2024-04-13
KBD-004,8,2024-04-14
KBD-004,3,2024-04-15
KBD-004,3,2024-04-16
KBD-004,3,2024-04-17
KBD-004,4,2024-04-18
KBD-004,4,2024-04-19
KBD-004,4,2024-04-20
KBD-004,4,2024-04-21
KBD-004,3,2024-04-22
KBD-004,6,2024-04-23
KBD-004,4,2024-04-24
KBD-004,6,2024-04-25
KBD-004,5,2024-04-26
KBD-004,6,2024-04-27
KBD-004,9,2024-04-28
KBD-004,4,2024-04-29
KBD-004,7,2024-04-30
KBD-004,5,2024-05-01
KBD-004,8,2024-05-02
KBD-004,1,2024-05-03
KBD-004,5,2024-05-04
KBD-004,4,2024-05-05
KBD-004,6,2024-05-07
KBD-004,11,2024-05-08
KBD-004,3,2024-05-09
KBD-004,3,2024-05-10
KBD-004,4,2024-05-11
KBD-004,3,2024-05-12
KBD-004,5,2024-05-13
KBD-004,3,2024-05-14
KBD-004,4,2024-05-15
KBD-004,5,2024-05-16
KBD-004,3,2024-05-17
KBD-004,3,2024-05-18
KBD-004,3,2024-05-19
KBD-004,3,2024-05-20
KBD-004,11,2024-05-21
KBD-004,3,2024-05-22
KBD-004,1,2024-05-23
KBD-004,4,2024-05-24
KBD-004,2,2024-05-25
KBD-004,6,2024-05-26
KBD-004,1,2024-05-27
KBD-004,7,2024-05-28
KBD-004,6,2024-05-29
KBD-004,4,2024-05-30
KBD-004,3,2024-05-31
KBD-004,6,2024-06-01
KBD-004,4,2024-06-02
KBD-004,5,2024-06-03
KBD-004,4,2024-06-04
KBD-004,9,2024-06-05
KBD-004,4,2024-06-06
KBD-004,1,2024-06-07
KBD-004,6,2024-06-08
KBD-004,7,2024-06-09
KBD-004,6,2024-06-10
KBD-004,5,2024-06-11
KBD-004,5,2024-06-12
KBD-004,2,2024-06-13
KBD-004,2,2024-06-14
KBD-004,4,2024-06-15
KBD-004,6,2024-06-16
KBD-004,7,2024-06-17
KBD-004,3,2024-06-18
KBD-004,5,2024-06-19
KBD-004,1,2024-06-20
KBD-004,2,2024-06-21
KBD-004,1,2024-06-22
KBD-004,3,2024-06-23
KBD-004,3,2024-06-24
KBD-004,5,2024-06-25
KBD-004,3,2024-06-26
KBD-004,2,2024-06-27
KBD-004,4,2024-06-28
KBD-004,2,2024-06-30
KBD-004,2,2024-07-01
KBD-004,4,2024-07-02
KBD-004,6,2024-07-03
KBD-004,3,2024-07-04
KBD-004,2,2024-07-05
KBD-004,2,2024-07-06
KBD-004,4,2024-07-07
KBD-004,6,2024-07-08
KBD-004,4,2024-07-09
KBD-004,6,2024-07-10
KBD-004,2,2024-07-11
KBD-004,5,2024-07-12
KBD-004,4,2024-07-13
KBD-004,7,2024-07-14
KBD-004,7,2024-07-15
KBD-004,3,2024-07-16
KBD-004,4,2024-07-17
KBD-004,5,2024-07-18
KBD-004,6,2024-07-19
KBD-004,3,2024-07-20
KBD-004,5,2024-07-21
KBD-004,2,2024-07-22
KBD-004,6,2024-07-23
KBD-004,7,2024-07-24
KBD-004,2,2024-07-25
KBD-004,3,2024-07-26
KBD-004,7,2024-07-27
KBD-004,2,2024-07-28
KBD-004,2,2024-07-29
KBD-004,4,2024-07-30
KBD-004,4,2024-07-31
KBD-004,6,2024-08-01
KBD-004,7,2024-08-02
KBD-004,1,2024-08-03
KBD-004,1,2024-08-04
KBD-004,7,2024-08-05
KBD-004,4,2024-08-06
KBD-004,7,2024-08-07
KBD-004,9,2024-08-08
KBD-004,5,2024-08-09
KBD-004,5,2024-08-10
KBD-004,2,2024-08-11
KBD-004,9,2024-08-12
KBD-004,6,2024-08-13
KBD-004,6,2024-08-14
KBD-004,2,2024-08-15
KBD-004,8,2024-08-16
KBD-004,6,2024-08-17
KBD-004,5,2024-08-18
KBD-004,1,2024-08-19
KBD-004,3,2024-08-20
KBD-004,5,2024-08-21
KBD-004,3,2024-08-22
KBD-004,6,2024-08-23
KBD-004,3,2024-08-24
KBD-004,3,2024-08-25
KBD-004,4,2024-08-26
KBD-004,4,2024-08-27
KBD-004,6,2024-08-28
KBD-004,7,2024-08-29
KBD-004,4,2024-08-30
KBD-004,7,2024-08-31
KBD-004,4,2024-09-01
KBD-004,7,2024-09-02
KBD-004,5,2024-09-03
KBD-004,6,2024-09-04
KBD-004,7,2024-09-05
KBD-004,1,2024-09-06
KBD-004,4,2024-09-07
KBD-004,1,2024-09-08
KBD-004,4,2024-09-09
KBD-004,4,2024-09-10
KBD-004,3,2024-09-11
KBD-004,2,2024-09-12
KBD-004,1,2024-09-13
KBD-004,4,2024-09-14
KBD-004,5,2024-09-15
KBD-004,6,2024-09-16
KBD-004,6,2024-09-17
KBD-004,4,2024-09-18
KBD-004,5,2024-09-19
KBD-004,3,2024-09-20
KBD-004,6,2024-09-21
KBD-004,3,2024-09-22
KBD-004,5,2024-09-23
KBD-004,3,2024-09-24
KBD-004,9,2024-09-25
KBD-004,8,2024-09-26
KBD-004,4,2024-09-27
KBD-004,3,2024-09-28
KBD-004,5,2024-09-29
KBD-004,5,2024-09-30
KBD-004,10,2024-10-01
KBD-004,5,2024-10-02
KBD-004,6,2024-10-03
KBD-004,5,2024-10-04
KBD-004,1,2024-10-05
KBD-004,7,2024-10-06
KBD-004,5,2024-10-07
KBD-004,1,2024-10-08
KBD-004,5,2024-10-10
KBD-004,2,2024-10-11
KBD-004,3,2024-10-12
KBD-004,3,2024-10-13
KBD-004,1,2024-10-14
KBD-004,3,2024-10-15
KBD-004,5,2024-10-16
KBD-004,6,2024-10-17
KBD-004,2,2024-10-18
KBD-004,3,2024-10-19
KBD-004,3,2024-10-20
KBD-004,2,2024-10-21
KBD-004,3,2024-10-22
KBD-004,5,2024-10-23
KBD-004,6,2024-10-24
KBD-004,4,2024-10-25
KBD-004,5,2024-10-26
KBD-004,7,2024-10-27
KBD-004,6,2024-10-28
KBD-004,8,2024-10-29
KBD-004,2,2024-10-30
KBD-004,5,2024-10-31
KBD-004,3,2024-11-01
KBD-004,1,2024-11-02
KBD-004,4,2024-11-03
KBD-004,1,2024-11-04
KBD-004,3,2024-11-05
KBD-004,3,2024-11-06
KBD-004,2,2024-11-07
KBD-004,1,2024-11-08
KBD-004,5,2024-11-09
KBD-004,5,2024-11-10
KBD-004,3,2024-11-11
KBD-004,4,2024-11-13
KBD-004,5,2024-11-14
KBD-004,5,2024-11-15
KBD-004,2,2024-11-17
KBD-004,2,2024-11-18
KBD-004,3,2024-11-19
KBD-004,2,2024-11-20
KBD-004,3,2024-11-21
KBD-004,4,2024-11-22
KBD-004,1,2024-11-23
KBD-004,4,2024-11-24
KBD-004,7,2024-11-25
KBD-004,4,2024-11-26
KBD-004,7,2024-11-27
KBD-004,9,2024-11-28
KBD-004,2,2024-11-30
KBD-004,3,2024-12-01
KBD-004,6,2024-12-02
KBD-004,3,2024-12-03
KBD-004,7,2024-12-04
KBD-004,3,2024-12-05
KBD-004,5,2024-12-06
KBD-004,4,2024-12-07
KBD-004,5,2024-12-08
KBD-004,3,2024-12-09
KBD-004,3,2024-12-10
KBD-004,4,2024-12-11
KBD-004,3,2024-12-12
KBD-004,5,2024-12-13
KBD-004,1,2024-12-14
KBD-004,4,2024-12-15
KBD-004,6,2024-12-16
KBD-004,9,2024-12-17
KBD-004,6,2024-12-18
KBD-004,3,2024-12-19
KBD-004,2,2024-12-20
KBD-004,2,2024-12-21
KBD-004,6,2024-12-22
KBD-004,3,2024-12-23
KBD-004,3,2024-12-24
KBD-004,2,2024-12-25
KBD-004,5,2024-12-26
KBD-004,1,2024-12-27
KBD-004,5,2024-12-28
KBD-004,7,2024-12-29
KBD-004,4,2024-12-30
KBD-004,7,2024-12-31
KBD-004,3,2025-01-01
KBD-004,5,2025-01-03
KBD-004,6,2025-01-04
KBD-004,5,2025-01-05
KBD-004,4,2025-01-06
KBD-004,2,2025-01-07
KBD-004,5,2025-01-08
KBD-004,7,2025-01-09
KBD-004,1,2025-01-10
KBD-004,6,2025-01-11
KBD-004,4,2025-01-12
KBD-004,4,2025-01-13
KBD-004,3,2025-01-14
KBD-004,3,2025-01-15
KBD-004,4,2025-01-16
KBD-004,8,2025-01-17
KBD-004,3,2025-01-18
KBD-004,4,2025-01-19
KBD-004,2,2025-01-20
KBD-004,6,2025-01-21
KBD-004,6,2025-01-22
KBD-004,6,2025-01-23
KBD-004,6,2025-01-24
KBD-004,5,2025-01-25
KBD-004,3,2025-01-26
KBD-004,5,2025-01-27
KBD-004,4,2025-01-28
KBD-004,3,2025-01-29
KBD-004,6,2025-01-30
KBD-004,7,2025-01-31
KBD-004,3,2025-02-01
KBD-004,3,2025-02-02
KBD-004,6,2025-02-03
KBD-004,3,2025-02-04
KBD-004,3,2025-02-05
KBD-004,3,2025-02-06
KBD-004,4,2025-02-07
KBD-004,1,2025-02-08
KBD-004,2,2025-02-09
KBD-004,4,2025-02-10
KBD-004,2,2025-02-11
KBD-004,8,2025-02-12
KBD-004,5,2025-02-13
KBD-004,2,2025-02-14
KBD-004,5,2025-02-15
KBD-004,1,2025-02-16
KBD-004,7,2025-02-17
KBD-004,6,2025-02-18
KBD-004,1,2025-02-19
KBD-004,2,2025-02-20
KBD-004,6,2025-02-21
KBD-004,3,2025-02-22
KBD-004,6,2025-02-23
KBD-004,1,2025-02-24
KBD-004,2,2025-02-25
KBD-004,5,2025-02-26
KBD-004,2,2025-02-27
KBD-004,2,2025-02-28
KBD-004,7,2025-03-01
KBD-004,3,2025-03-02
KBD-004,4,2025-03-03
KBD-004,1,2025-03-04
KBD-004,3,2025-03-05
KBD-004,5,2025-03-06
KBD-004,6,2025-03-07
KBD-004,6,2025-03-08
KBD-004,4,2025-03-09
KBD-004,2,2025-03-10
KBD-004,5,2025-03-11
KBD-004,7,2025-03-12
KBD-004,3,2025-03-13
KBD-004,5,2025-03-14
KBD-004,6,2025-03-15
KBD-004,3,2025-03-16
KBD-004,3,2025-03-17
KBD-004,4,2025-03-18
KBD-004,7,2025-03-19
KBD-004,4,2025-03-20
KBD-004,4,2025-03-21
KBD-004,2,2025-03-22
KBD-004,2,2025-03-23
KBD-004,4,2025-03-24
KBD-004,7,2025-03-25
KBD-004,5,2025-03-26
KBD-004,3,2025-03-27
KBD-004,8,2025-03-29
KBD-004,2,2025-03-30
KBD-004,4,2025-03-31
KBD-004,2,2025-04-01
KBD-004,3,2025-04-02
KBD-004,2,2025-04-03
KBD-004,1,2025-04-04
KBD-004,5,2025-04-05
KBD-004,6,2025-04-06
KBD-004,6,2025-04-07
KBD-004,5,2025-04-08
KBD-004,5,2025-04-09
KBD-004,7,2025-04-10
KBD-004,6,2025-04-11
KBD-004,4,2025-04-12
KBD-004,4,2025-04-13
KBD-004,3,2025-04-14
KBD-004,2,2025-04-15
KBD-004,4,2025-04-16
KBD-004,3,2025-04-17
KBD-004,5,2025-04-18
KBD-004,2,2025-04-19
KBD-004,2,2025-04-20
KBD-004,3,2025-04-21
KBD-004,5,2025-04-22
KBD-004,8,2025-04-23
KBD-004,5,2025-04-24
KBD-004,6,2025-04-25
KBD-004,8,2025-04-26
KBD-004,3,2025-04-27
KBD-004,4,2025-04-29
KBD-004,2,2025-04-30
KBD-004,3,2025-05-01
KBD-004,4,2025-05-02
KBD-004,4,2025-05-05
KBD-004,4,2025-05-06
KBD-004,4,2025-05-07
KBD-004,6,2025-05-08
KBD-004,1,2025-05-09
KBD-004,6,2025-05-10
KBD-004,1,2025-05-11
KBD-004,1,2025-05-12
KBD-004,5,2025-05-13
KBD-004,3,2025-05-14
KBD-004,7,2025-05-15
KBD-004,1,2025-05-17
KBD-004,1,2025-05-18
KBD-004,8,2025-05-19
KBD-004,4,2025-05-20
KBD-004,2,2025-05-21
KBD-004,3,2025-05-22
KBD-004,1,2025-05-23
KBD-004,2,2025-05-24
KBD-004,6,2025-05-25
KBD-004,2,2025-05-26
KBD-004,2,2025-05-27
KBD-004,4,2025-05-28
KBD-004,3,2025-05-29
KBD-004,1,2025-05-30
KBD-004,9,2025-05-31
KBD-004,5,2025-06-02
KBD-004,3,2025-06-03
KBD-004,5,2025-06-04
KBD-004,2,2025-06-05
KBD-004,2,2025-06-06
KBD-004,3,2025-06-07
KBD-004,5,2025-06-08
KBD-004,1,2025-06-09
KBD-004,3,2025-06-10
KBD-004,2,2025-06-11
KBD-004,4,2025-06-12
KBD-004,3,2025-06-13
KBD-004,4,2025-06-14
KBD-004,2,2025-06-15
KBD-004,5,2025-06-16
KBD-004,1,2025-06-17
KBD-004,5,2025-06-18
KBD-004,2,2025-06-19
KBD-004,5,2025-06-20
KBD-004,4,2025-06-21
KBD-004,3,2025-06-22
KBD-004,5,2025-06-23
KBD-004,4,2025-06-24
KBD-004,7,2025-06-25
KBD-004,8,2025-06-26
KBD-004,3,2025-06-27
KBD-004,3,2025-06-28
KBD-004,7,2025-06-29
KBD-004,5,2025-06-30
KBD-004,3,2025-07-01
KBD-004,3,2025-07-02
KBD-004,2,2025-07-03
KBD-004,2,2025-07-05
KBD-004,5,2025-07-06
KBD-004,5,2025-07-07
KBD-004,2,2025-07-08
KBD-004,2,2025-07-09
KBD-004,7,2025-07-10
KBD-004,3,2025-07-11
KBD-004,5,2025-07-12
KBD-004,2,2025-07-13
KBD-004,4,2025-07-14
KBD-004,6,2025-07-15
KBD-004,5,2025-07-16
KBD-004,8,2025-07-17
KBD-004,3,2025-07-18
KBD-004,3,2025-07-19
KBD-004,2,2025-07-20
KBD-004,1,2025-07-21
KBD-004,7,2025-07-22
KBD-004,3,2025-07-23
KBD-004,1,2025-07-24
KBD-004,7,2025-07-25
KBD-004,5,2025-07-26
KBD-004,2,2025-07-27
KBD-004,4,2025-07-28
KBD-004,3,2025-07-29
KBD-004,4,2025-07-30
KBD-004,7,2025-07-31
KBD-004,2,2025-08-01
KBD-004,4,2025-08-02
KBD-004,5,2025-08-03
KBD-004,4,2025-08-04
KBD-004,1,2025-08-05
KBD-004,2,2025-08-06
KBD-004,4,2025-08-07
KBD-004,3,2025-08-08
KBD-004,4,2025-08-09
KBD-004,9,2025-08-10
KBD-004,5,2025-08-11
KBD-004,3,2025-08-12
KBD-004,6,2025-08-13
KBD-004,3,2025-08-14
KBD-004,4,2025-08-15
KBD-004,8,2025-08-16
KBD-004,5,2025-08-17
KBD-004,4,2025-08-18
KBD-004,5,2025-08-19
KBD-004,1,2025-08-20
KBD-004,5,2025-08-21
KBD-004,3,2025-08-22
KBD-004,9,2025-08-23
KBD-004,5,2025-08-24
KBD-004,5,2025-08-25
KBD-004,5,2025-08-26
KBD-004,2,2025-08-27
KBD-004,3,2025-08-28
KBD-004,4,2025-08-29
KBD-004,1,2025-08-30
KBD-004,3,2025-08-31
KBD-004,3,2025-09-01
KBD-004,4,2025-09-02
KBD-004,3,2025-09-03
KBD-004,7,2025-09-04
KBD-004,6,2025-09-05
KBD-004,3,2025-09-06
KBD-004,2,2025-09-07
KBD-004,4,2025-09-08
KBD-004,5,2025-09-09
KBD-004,1,2025-09-10
KBD-004,7,2025-09-11
KBD-004,5,2025-09-12
KBD-004,5,2025-09-13
KBD-004,5,2025-09-14
KBD-004,2,2025-09-15
KBD-004,6,2025-09-16
KBD-004,3,2025-09-17
KBD-004,5,2025-09-18
KBD-004,7,2025-09-19
KBD-004,6,2025-09-20
KBD-004,1,2025-09-21
KBD-004,3,2025-09-22
KBD-004,4,2025-09-23
KBD-004,3,2025-09-24
KBD-004,7,2025-09-26
KBD-004,6,2025-09-27
KBD-004,4,2025-09-28
KBD-004,4,2025-09-29
KBD-004,1,2025-09-30
KBD-004,4,2025-10-01
KBD-004,6,2025-10-02
KBD-004,4,2025-10-03
KBD-004,2,2025-10-04
KBD-004,3,2025-10-05
KBD-004,3,2025-10-06
KBD-004,3,2025-10-07
KBD-004,5,2025-10-08
KBD-004,2,2025-10-09
KBD-004,11,2025-10-10
KBD-004,3,2025-10-11
KBD-004,3,2025-10-12
KBD-004,7,2025-10-13
KBD-004,3,2025-10-14
KBD-004,6,2025-10-15
KBD-004,3,2025-10-16
KBD-004,3,2025-10-17
KBD-004,4,2025-10-18
KBD-004,2,2025-10-19
KBD-004,7,2025-10-20
KBD-004,8,2025-10-21
KBD-004,3,2025-10-22
KBD-004,1,2025-10-23
KBD-004,2,2025-10-24
KBD-004,5,2025-10-25
KBD-004,1,2025-10-26
KBD-004,2,2025-10-27
KBD-004,1,2025-10-28
KBD-004,1,2025-10-29
KBD-004,4,2025-10-30
KBD-004,4,2025-10-31
KBD-004,4,2025-11-01
KBD-004,4,2025-11-02
KBD-004,3,2025-11-03
KBD-004,3,2025-11-04
KBD-004,3,2025-11-05
KBD-004,6,2025-11-06
KBD-004,6,2025-11-07
KBD-004,2,2025-11-08
KBD-004,1,2025-11-09
KBD-004,2,2025-11-10
KBD-004,5,2025-11-11
KBD-004,2,2025-11-12
KBD-004,6,2025-11-13
KBD-004,3,2025-11-14
KBD-004,6,2025-11-15
KBD-004,7,2025-11-16
KBD-004,3,2025-11-17
KBD-004,6,2025-11-18
KBD-004,3,2025-11-19
KBD-004,7,2025-11-20
KBD-004,6,2025-11-21
KBD-004,5,2025-11-22
KBD-004,2,2025-11-23
KBD-004,1,2025-11-24
KBD-004,5,2025-11-25
KBD-004,5,2025-11-26
KBD-004,2,2025-11-27
KBD-004,4,2025-11-28
KBD-004,2,2025-11-29
KBD-004,4,2025-11-30
KBD-004,1,2025-12-01
KBD-004,5,2025-12-02
KBD-004,6,2025-12-03
KBD-004,4,2025-12-04
KBD-004,1,2025-12-05
KBD-004,3,2025-12-06
KBD-004,3,2025-12-07
KBD-004,2,2025-12-08
KBD-004,5,2025-12-09
KBD-004,6,2025-12-10
KBD-004,3,2025-12-11
KBD-004,2,2025-12-12
KBD-004,2,2025-12-13
KBD-004,5,2025-12-14
KBD-004,3,2025-12-15
KBD-004,7,2025-12-16
KBD-004,5,2025-12-17
KBD-004,5,2025-12-18
KBD-004,9,2025-12-19
KBD-004,4,2025-12-21
KBD-004,4,2025-12-22
KBD-004,6,2025-12-23
KBD-004,6,2025-12-24
KBD-004,5,2025-12-25
KBD-004,5,2025-12-26
KBD-004,3,2025-12-27
KBD-004,3,2025-12-28
KBD-004,2,2025-12-29
KBD-004,2,2025-12-30
KBD-004,1,2025-12-31
KBD-004,3,2026-01-01
KBD-004,4,2026-01-03
KBD-004,1,2026-01-04
KBD-004,6,2026-01-05
KBD-004,1,2026-01-06
KBD-004,8,2026-01-07
KBD-004,8,2026-01-08
KBD-004,4,2026-01-09
KBD-004,3,2026-01-10
KBD-004,3,2026-01-11
KBD-004,4,2026-01-12
KBD-004,5,2026-01-13
KBD-004,5,2026-01-14
KBD-004,3,2026-01-15
KBD-004,9,2026-01-16
KBD-004,8,2026-01-17
KBD-004,7,2026-01-18
KBD-004,4,2026-01-19
KBD-004,6,2026-01-20
KBD-004,5,2026-01-21
KBD-004,4,2026-01-22
KBD-004,8,2026-01-23
KBD-004,6,2026-01-24
KBD-004,4,2026-01-25
CHR-005,1,2023-01-27
CHR-005,1,2023-01-28
CHR-005,1,2023-01-29
CHR-005,1,2023-01-30
CHR-005,2,2023-01-31
CHR-005,1,2023-02-04
CHR-005,1,2023-02-06
CHR-005,1,2023-02-08
CHR-005,1,2023-02-10
CHR-005,2,2023-02-11
CHR-005,1,2023-02-12
CHR-005,1,2023-02-14
CHR-005,3,2023-02-15
CHR-005,1,2023-02-16
CHR-005,2,2023-02-17
CHR-005,1,2023-02-20
CHR-005,1,2023-02-21
CHR-005,1,2023-02-23
CHR-005,1,2023-02-24
CHR-005,1,2023-02-25
CHR-005,1,2023-02-26
CHR-005,4,2023-02-27
CHR-005,2,2023-02-28
CHR-005,1,2023-03-03
CHR-005,4,2023-03-05
CHR-005,3,2023-03-06
CHR-005,1,2023-03-10
CHR-005,2,2023-03-11
CHR-005,2,2023-03-12
CHR-005,1,2023-03-15
CHR-005,1,2023-03-17
CHR-005,1,2023-03-18
CHR-005,3,2023-03-19
CHR-005,2,2023-03-21
CHR-005,2,2023-03-24
CHR-005,4,2023-03-25
CHR-005,1,2023-03-26
CHR-005,1,2023-03-27
CHR-005,1,2023-03-28
CHR-005,2,2023-03-29
CHR-005,1,2023-03-31
CHR-005,1,2023-04-01
CHR-005,1,2023-04-03
CHR-005,1,2023-04-06
CHR-005,2,2023-04-08
CHR-005,1,2023-04-11
CHR-005,2,2023-04-12
CHR-005,1,2023-04-13
CHR-005,1,2023-04-14
CHR-005,1,2023-04-16
CHR-005,2,2023-04-17
CHR-005,1,2023-04-18
CHR-005,1,2023-04-20
CHR-005,1,2023-04-21
CHR-005,1,2023-04-24
CHR-005,1,2023-04-25
CHR-005,1,2023-04-26
CHR-005,1,2023-04-27
CHR-005,2,2023-04-28
CHR-005,1,2023-04-29
CHR-005,1,2023-05-01
CHR-005,3,2023-05-02
CHR-005,1,2023-05-03
CHR-005,1,2023-05-04
CHR-005,1,2023-05-05
CHR-005,2,2023-05-07
CHR-005,2,2023-05-08
CHR-005,1,2023-05-11
CHR-005,2,2023-05-12
CHR-005,2,2023-05-14
CHR-005,3,2023-05-15
CHR-005,2,2023-05-16
CHR-005,1,2023-05-17
CHR-005,2,2023-05-18
CHR-005,1,2023-05-19
CHR-005,3,2023-05-22
CHR-005,1,2023-05-23
CHR-005,1,2023-05-25
CHR-005,2,2023-05-26
CHR-005,1,2023-05-27
CHR-005,2,2023-05-29
CHR-005,1,2023-05-30
CHR-005,1,2023-05-31
CHR-005,2,2023-06-03
CHR-005,1,2023-06-04
CHR-005,1,2023-06-05
CHR-005,1,2023-06-06
CHR-005,4,2023-06-07
CHR-005,3,2023-06-09
CHR-005,4,2023-06-10
CHR-005,1,2023-06-11
CHR-005,2,2023-06-12
CHR-005,1,2023-06-13
CHR-005,1,2023-06-14
CHR-005,1,2023-06-15
CHR-005,2,2023-06-16
CHR-005,2,2023-06-17
CHR-005,1,2023-06-18
CHR-005,1,2023-06-22
CHR-005,1,2023-06-23
CHR-005,1,2023-06-24
CHR-005,1,2023-06-26
CHR-005,1,2023-06-27
CHR-005,1,2023-06-28
CHR-005,2,2023-06-30
CHR-005,1,2023-07-01
CHR-005,1,2023-07-04
CHR-005,2,2023-07-06
CHR-005,3,2023-07-07
CHR-005,1,2023-07-08
CHR-005,1,2023-07-09
CHR-005,3,2023-07-10
CHR-005,4,2023-07-11
CHR-005,1,2023-07-12
CHR-005,2,2023-07-15
CHR-005,2,2023-07-16
CHR-005,2,2023-07-17
CHR-005,3,2023-07-18
CHR-005,1,2023-07-19
CHR-005,1,2023-07-20
CHR-005,1,2023-07-22
CHR-005,1,2023-07-23
CHR-005,1,2023-07-24
CHR-005,2,2023-07-26
CHR-005,1,2023-07-27
CHR-005,2,2023-07-28
CHR-005,2,2023-08-01
CHR-005,1,2023-08-02
CHR-005,2,2023-08-04
CHR-005,1,2023-08-05
CHR-005,2,2023-08-06
CHR-005,3,2023-08-07
CHR-005,1,2023-08-08
CHR-005,1,2023-08-10
CHR-005,1,2023-08-11
CHR-005,1,2023-08-14
CHR-005,2,2023-08-15
CHR-005,1,2023-08-17
CHR-005,1,2023-08-18
CHR-005,1,2023-08-19
CHR-005,1,2023-08-21
CHR-005,1,2023-08-22
CHR-005,1,2023-08-24
CHR-005,3,2023-08-25
CHR-005,1,2023-08-26
CHR-005,2,2023-08-27
CHR-005,1,2023-08-28
CHR-005,1,2023-08-29
CHR-005,1,2023-08-30
CHR-005,2,2023-09-02
CHR-005,1,2023-09-03
CHR-005,2,2023-09-04
CHR-005,1,2023-09-11
CHR-005,3,2023-09-14
CHR-005,2,2023-09-16
CHR-005,2,2023-09-17
CHR-005,1,2023-09-18
CHR-005,1,2023-09-19
CHR-005,4,2023-09-20
CHR-005,3,2023-09-21
CHR-005,1,2023-09-22
CHR-005,1,2023-09-23
CHR-005,1,2023-09-26
CHR-005,1,2023-09-27
CHR-005,1,2023-09-28
CHR-005,1,2023-09-29
CHR-005,1,2023-10-01
CHR-005,1,2023-10-03
CHR-005,1,2023-10-06
CHR-005,2,2023-10-08
CHR-005,1,2023-10-09
CHR-005,2,2023-10-11
CHR-005,1,2023-10-12
CHR-005,5,2023-10-13
CHR-005,2,2023-10-17
CHR-005,1,2023-10-18
CHR-005,1,2023-10-19
CHR-005,1,2023-10-21
CHR-005,1,2023-10-23
CHR-005,1,2023-10-24
CHR-005,2,2023-10-26
CHR-005,2,2023-10-27
CHR-005,2,2023-11-01
CHR-005,1,2023-11-02
CHR-005,2,2023-11-03
CHR-005,1,2023-11-04
CHR-005,1,2023-11-05
CHR-005,2,2023-11-06
CHR-005,1,2023-11-08
CHR-005,1,2023-11-11
CHR-005,1,2023-11-12
CHR-005,2,2023-11-14
CHR-005,1,2023-11-17
CHR-005,1,2023-11-18
CHR-005,1,2023-11-19
CHR-005,1,2023-11-21
CHR-005,3,2023-11-24
CHR-005,2,2023-11-25
CHR-005,1,2023-11-26
CHR-005,1,2023-11-30
CHR-005,2,2023-12-01
CHR-005,1,2023-12-02
CHR-005,1,2023-12-04
CHR-005,2,2023-12-07
CHR-005,1,2023-12-08
CHR-005,2,2023-12-09
CHR-005,2,2023-12-10
CHR-005,2,2023-12-13
CHR-005,1,2023-12-14
CHR-005,1,2023-12-15
CHR-005,4,2023-12-16
CHR-005,1,2023-12-17
CHR-005,2,2023-12-18
CHR-005,2,2023-12-20
CHR-005,1,2023-12-21
CHR-005,1,2023-12-22
CHR-005,1,2023-12-24
CHR-005,1,2023-12-25
CHR-005,1,2023-12-26
CHR-005,2,2023-12-27
CHR-005,4,2023-12-28
CHR-005,2,2023-12-30
CHR-005,1,2024-01-02
CHR-005,2,2024-01-05
CHR-005,1,2024-01-07
CHR-005,1,2024-01-08
CHR-005,2,2024-01-09
CHR-005,1,2024-01-10
CHR-005,1,2024-01-13
CHR-005,1,2024-01-15
CHR-005,1,2024-01-17
CHR-005,3,2024-01-19
CHR-005,1,2024-01-20
CHR-005,1,2024-01-23
CHR-005,1,2024-01-24
CHR-005,1,2024-01-25
CHR-005,4,2024-01-28
CHR-005,1,2024-01-29
CHR-005,1,2024-01-30
CHR-005,1,2024-01-31
CHR-005,1,2024-02-01
CHR-005,2,2024-02-03
CHR-005,2,2024-02-07
CHR-005,1,2024-02-08
CHR-005,1,2024-02-11
CHR-005,2,2024-02-13
CHR-005,1,2024-02-14
CHR-005,2,2024-02-18
CHR-005,1,2024-02-20
CHR-005,2,2024-02-21
CHR-005,1,2024-02-22
CHR-005,1,2024-02-23
CHR-005,1,2024-02-24
CHR-005,1,2024-02-25
CHR-005,1,2024-02-27
CHR-005,1,2024-02-29
CHR-005,1,2024-03-02
CHR-005,3,2024-03-07
CHR-005,1,2024-03-09
CHR-005,2,2024-03-10
CHR-005,1,2024-03-12
CHR-005,2,2024-03-13
CHR-005,2,2024-03-14
CHR-005,1,2024-03-16
CHR-005,2,2024-03-17
CHR-005,2,2024-03-21
CHR-005,1,2024-03-22
CHR-005,2,2024-03-24
CHR-005,2,2024-03-27
CHR-005,1,2024-03-28
CHR-005,2,2024-03-29
CHR-005,3,2024-03-30
CHR-005,1,2024-04-01
CHR-005,1,2024-04-03
CHR-005,1,2024-04-04
CHR-005,2,2024-04-06
CHR-005,1,2024-04-07
CHR-005,1,2024-04-11
CHR-005,2,2024-04-12
CHR-005,2,2024-04-13
CHR-005,1,2024-04-14
CHR-005,2,2024-04-15
CHR-005,2,2024-04-17
CHR-005,4,2024-04-19
CHR-005,1,2024-04-20
CHR-005,2,2024-04-22
CHR-005,4,2024-04-23
CHR-005,1,2024-04-24
CHR-005,3,2024-04-25
CHR-005,1,2024-04-28
CHR-005,1,2024-04-29
CHR-005,2,2024-04-30
CHR-005,1,2024-05-03
CHR-005,1,2024-05-04
CHR-005,2,2024-05-05
CHR-005,2,2024-05-07
CHR-005,5,2024-05-09
CHR-005,2,2024-05-10
CHR-005,3,2024-05-11
CHR-005,1,2024-05-12
CHR-005,4,2024-05-13
CHR-005,1,2024-05-14
CHR-005,1,2024-05-15
CHR-005,2,2024-05-20
CHR-005,1,2024-05-21
CHR-005,2,2024-05-22
CHR-005,1,2024-05-23
CHR-005,2,2024-05-24
CHR-005,1,2024-05-26
CHR-005,1,2024-05-28
CHR-005,2,2024-05-29
CHR-005,1,2024-05-31
CHR-005,1,2024-06-01
CHR-005,1,2024-06-02
CHR-005,2,2024-06-08
CHR-005,1,2024-06-11
CHR-005,1,2024-06-12
CHR-005,1,2024-06-13
CHR-005,2,2024-06-14
CHR-005,1,2024-06-17
CHR-005,2,2024-06-20
CHR-005,1,2024-06-23
CHR-005,2,2024-06-28
CHR-005,2,2024-06-29
CHR-005,1,2024-06-30
CHR-005,2,2024-07-01
CHR-005,3,2024-07-02
CHR-005,1,2024-07-03
CHR-005,1,2024-07-06
CHR-005,1,2024-07-07
CHR-005,2,2024-07-09
CHR-005,1,2024-07-10
CHR-005,1,2024-07-13
CHR-005,3,2024-07-14
CHR-005,1,2024-07-15
CHR-005,1,2024-07-16
CHR-005,3,2024-07-17
CHR-005,2,2024-07-19
CHR-005,3,2024-07-21
CHR-005,1,2024-07-22
CHR-005,2,2024-07-23
CHR-005,2,2024-07-25
CHR-005,1,2024-07-28
CHR-005,1,2024-07-30
CHR-005,1,2024-07-31
CHR-005,2,2024-08-02
CHR-005,2,2024-08-04
CHR-005,1,2024-08-05
CHR-005,4,2024-08-06
CHR-005,1,2024-08-08
CHR-005,1,2024-08-12
CHR-005,3,2024-08-15
CHR-005,1,2024-08-16
CHR-005,2,2024-08-18
CHR-005,3,2024-08-20
CHR-005,2,2024-08-22
CHR-005,1,2024-08-23
CHR-005,2,2024-08-24
CHR-005,3,2024-08-26
CHR-005,1,2024-08-29
CHR-005,1,2024-08-30
CHR-005,1,2024-08-31
CHR-005,1,2024-09-01
CHR-005,2,2024-09-02
CHR-005,1,2024-09-03
CHR-005,1,2024-09-06
CHR-005,1,2024-09-08
CHR-005,1,2024-09-09
CHR-005,1,2024-09-11
CHR-005,2,2024-09-13
CHR-005,1,2024-09-14
CHR-005,1,2024-09-15
CHR-005,2,2024-09-18
CHR-005,1,2024-09-19
CHR-005,1,2024-09-20
CHR-005,2,2024-09-21
CHR-005,1,2024-09-22
CHR-005,1,2024-09-26
CHR-005,2,2024-09-28
CHR-005,1,2024-09-29
CHR-005,1,2024-09-30
CHR-005,2,2024-10-01
CHR-005,3,2024-10-02
CHR-005,2,2024-10-04
CHR-005,1,2024-10-05
CHR-005,1,2024-10-06
CHR-005,3,2024-10-07
CHR-005,1,2024-10-08
CHR-005,1,2024-10-09
CHR-005,1,2024-10-10
CHR-005,1,2024-10-14
CHR-005,1,2024-10-16
CHR-005,1,2024-10-20
CHR-005,3,2024-10-22
CHR-005,1,2024-10-24
CHR-005,1,2024-10-25
CHR-005,1,2024-10-26
CHR-005,1,2024-10-27
CHR-005,1,2024-10-28
CHR-005,3,2024-10-29
CHR-005,5,2024-10-30
CHR-005,1,2024-10-31
CHR-005,2,2024-11-01
CHR-005,2,2024-11-02
CHR-005,2,2024-11-03
CHR-005,2,2024-11-04
CHR-005,2,2024-11-07
CHR-005,3,2024-11-08
CHR-005,1,2024-11-10
CHR-005,1,2024-11-13
CHR-005,1,2024-11-14
CHR-005,1,2024-11-15
CHR-005,2,2024-11-16
CHR-005,2,2024-11-17
CHR-005,1,2024-11-18
CHR-005,1,2024-11-19
CHR-005,3,2024-11-20
CHR-005,1,2024-11-22
CHR-005,1,2024-11-24
CHR-005,1,2024-11-27
CHR-005,2,2024-11-30
CHR-005,1,2024-12-01
CHR-005,1,2024-12-03
CHR-005,1,2024-12-04
CHR-005,1,2024-12-05
CHR-005,1,2024-12-06
CHR-005,1,2024-12-08
CHR-005,1,2024-12-10
CHR-005,1,2024-12-11
CHR-005,2,2024-12-12
CHR-005,2,2024-12-15
CHR-005,1,2024-12-23
CHR-005,2,2024-12-24
CHR-005,2,2024-12-25
CHR-005,1,2024-12-27
CHR-005,1,2024-12-28
CHR-005,2,2024-12-29
CHR-005,2,2024-12-30
CHR-005,1,2024-12-31
CHR-005,1,2025-01-04
CHR-005,3,2025-01-05
CHR-005,1,2025-01-09
CHR-005,1,2025-01-10
CHR-005,1,2025-01-11
CHR-005,3,2025-01-12
CHR-005,2,2025-01-13
CHR-005,1,2025-01-14
CHR-005,2,2025-01-17
CHR-005,1,2025-01-18
CHR-005,1,2025-01-19
CHR-005,2,2025-01-20
CHR-005,1,2025-01-21
CHR-005,4,2025-01-22
CHR-005,1,2025-01-24
CHR-005,3,2025-01-29
CHR-005,3,2025-01-31
CHR-005,2,2025-02-02
CHR-005,2,2025-02-03
CHR-005,1,2025-02-07
CHR-005,2,2025-02-11
CHR-005,2,2025-02-12
CHR-005,3,2025-02-13
CHR-005,1,2025-02-15
CHR-005,3,2025-02-16
CHR-005,2,2025-02-18
CHR-005,2,2025-02-19
CHR-005,1,2025-02-23
CHR-005,2,2025-02-24
CHR-005,2,2025-02-25
CHR-005,2,2025-02-26
CHR-005,1,2025-02-27
CHR-005,1,2025-03-01
CHR-005,2,2025-03-02
CHR-005,1,2025-03-03
CHR-005,1,2025-03-04
CHR-005,1,2025-03-05
CHR-005,3,2025-03-06
CHR-005,2,2025-03-08
CHR-005,1,2025-03-09
CHR-005,1,2025-03-11
CHR-005,2,2025-03-12
CHR-005,1,2025-03-13
CHR-005,1,2025-03-15
CHR-005,2,2025-03-16
CHR-005,1,2025-03-17
CHR-005,3,2025-03-21
CHR-005,3,2025-03-22
CHR-005,1,2025-03-23
CHR-005,1,2025-03-25
CHR-005,1,2025-03-27
CHR-005,1,2025-03-28
CHR-005,3,2025-03-30
CHR-005,1,2025-04-02
CHR-005,1,2025-04-03
CHR-005,2,2025-04-04
CHR-005,2,2025-04-07
CHR-005,1,2025-04-10
CHR-005,1,2025-04-12
CHR-005,1,2025-04-13
CHR-005,2,2025-04-14
CHR-005,1,2025-04-15
CHR-005,2,2025-04-18
CHR-005,2,2025-04-19
CHR-005,2,2025-04-20
CHR-005,1,2025-04-21
CHR-005,3,2025-04-22
CHR-005,2,2025-04-23
CHR-005,1,2025-04-25
CHR-005,2,2025-04-26
CHR-005,2,2025-04-27
CHR-005,2,2025-04-28
CHR-005,4,2025-04-29
CHR-005,3,2025-04-30
CHR-005,2,2025-05-01
CHR-005,1,2025-05-02
CHR-005,2,2025-05-03
CHR-005,1,2025-05-04
CHR-005,1,2025-05-06
CHR-005,3,2025-05-10
CHR-005,2,2025-05-12
CHR-005,1,2025-05-13
CHR-005,1,2025-05-14
CHR-005,1,2025-05-15
CHR-005,1,2025-05-18
CHR-005,1,2025-05-20
CHR-005,2,2025-05-23
CHR-005,2,2025-05-24
CHR-005,1,2025-05-26
CHR-005,5,2025-05-27
CHR-005,1,2025-05-30
CHR-005,3,2025-05-31
CHR-005,1,2025-06-01
CHR-005,1,2025-06-02
CHR-005,1,2025-06-04
CHR-005,1,2025-06-05
CHR-005,1,2025-06-07
CHR-005,1,2025-06-08
CHR-005,1,2025-06-11
CHR-005,1,2025-06-12
CHR-005,1,2025-06-13
CHR-005,1,2025-06-15
CHR-005,2,2025-06-16
CHR-005,2,2025-06-18
CHR-005,2,2025-06-19
CHR-005,1,2025-06-20
CHR-005,1,2025-06-22
CHR-005,1,2025-06-23
CHR-005,1,2025-06-24
CHR-005,3,2025-06-26
CHR-005,3,2025-06-28
CHR-005,2,2025-07-02
CHR-005,1,2025-07-04
CHR-005,1,2025-07-08
CHR-005,2,2025-07-09
CHR-005,2,2025-07-10
CHR-005,3,2025-07-11
CHR-005,2,2025-07-14
CHR-005,3,2025-07-15
CHR-005,2,2025-07-16
CHR-005,1,2025-07-18
CHR-005,1,2025-07-20
CHR-005,3,2025-07-21
CHR-005,1,2025-07-22
CHR-005,2,2025-07-23
CHR-005,1,2025-07-24
CHR-005,2,2025-07-25
CHR-005,1,2025-07-26
CHR-005,1,2025-07-27
CHR-005,1,2025-07-30
CHR-005,1,2025-07-31
CHR-005,2,2025-08-05
CHR-005,1,2025-08-06
CHR-005,1,2025-08-09
CHR-005,1,2025-08-10
CHR-005,2,2025-08-11
CHR-005,5,2025-08-15
CHR-005,1,2025-08-16
CHR-005,1,2025-08-17
CHR-005,2,2025-08-18
CHR-005,1,2025-08-22
CHR-005,2,2025-08-23
CHR-005,2,2025-08-24
CHR-005,2,2025-08-27
CHR-005,1,2025-08-30
CHR-005,2,2025-08-31
CHR-005,2,2025-09-01
CHR-005,1,2025-09-04
CHR-005,2,2025-09-07
CHR-005,1,2025-09-08
CHR-005,1,2025-09-09
CHR-005,1,2025-09-10
CHR-005,1,2025-09-11
CHR-005,3,2025-09-12
CHR-005,1,2025-09-14
CHR-005,2,2025-09-17
CHR-005,1,2025-09-18
CHR-005,3,2025-09-19
CHR-005,1,2025-09-21
CHR-005,2,2025-09-23
CHR-005,1,2025-09-24
CHR-005,1,2025-09-25
CHR-005,5,2025-09-27
CHR-005,1,2025-09-28
CHR-005,1,2025-09-29
CHR-005,1,2025-10-01
CHR-005,1,2025-10-04
CHR-005,4,2025-10-05
CHR-005,2,2025-10-06
CHR-005,1,2025-10-10
CHR-005,2,2025-10-11
CHR-005,1,2025-10-12
CHR-005,1,2025-10-14
CHR-005,1,2025-10-15
CHR-005,2,2025-10-16
CHR-005,1,2025-10-17
CHR-005,1,2025-10-18
CHR-005,1,2025-10-19
CHR-005,1,2025-10-20
CHR-005,2,2025-10-21
CHR-005,1,2025-10-22
CHR-005,1,2025-10-24
CHR-005,1,2025-10-25
CHR-005,3,2025-10-26
CHR-005,1,2025-10-27
CHR-005,1,2025-10-28
CHR-005,1,2025-10-29
CHR-005,2,2025-10-31
CHR-005,1,2025-11-01
CHR-005,3,2025-11-02
CHR-005,2,2025-11-03
CHR-005,2,2025-11-04
CHR-005,1,2025-11-05
CHR-005,3,2025-11-07
CHR-005,3,2025-11-08
CHR-005,1,2025-11-09
CHR-005,1,2025-11-10
CHR-005,3,2025-11-18
CHR-005,1,2025-11-20
CHR-005,1,2025-11-24
CHR-005,1,2025-11-25
CHR-005,3,2025-11-26
CHR-005,1,2025-11-27
CHR-005,3,2025-11-28
CHR-005,2,2025-11-29
CHR-005,2,2025-12-01
CHR-005,2,2025-12-02
CHR-005,3,2025-12-04
CHR-005,3,2025-12-07
CHR-005,2,2025-12-08
CHR-005,1,2025-12-09
CHR-005,3,2025-12-11
CHR-005,2,2025-12-12
CHR-005,2,2025-12-13
CHR-005,2,2025-12-14
CHR-005,2,2025-12-16
CHR-005,1,2025-12-17
CHR-005,1,2025-12-18
CHR-005,4,2025-12-19
CHR-005,1,2025-12-20
CHR-005,4,2025-12-24
CHR-005,1,2025-12-26
CHR-005,1,2025-12-27
CHR-005,2,2025-12-28
CHR-005,1,2025-12-30
CHR-005,2,2025-12-31
CHR-005,1,2026-01-01
CHR-005,1,2026-01-03
CHR-005,2,2026-01-05
CHR-005,1,2026-01-06
CHR-005,1,2026-01-07
CHR-005,1,2026-01-08
CHR-005,1,2026-01-09
CHR-005,2,2026-01-10
CHR-005,1,2026-01-11
CHR-005,2,2026-01-12
CHR-005,2,2026-01-13
CHR-005,1,2026-01-15
CHR-005,1,2026-01-16
CHR-005,1,2026-01-17
CHR-005,1,2026-01-18
CHR-005,1,2026-01-19
CHR-005,1,2026-01-21
CHR-005,1,2026-01-23
CHR-005,2,2026-01-24
DSK-006,1,2023-01-29
DSK-006,2,2023-01-30
DSK-006,2,2023-02-01
DSK-006,3,2023-02-05
DSK-006,1,2023-02-06
DSK-006,1,2023-02-07
DSK-006,1,2023-02-10
DSK-006,1,2023-02-11
DSK-006,2,2023-02-12
DSK-006,2,2023-02-14
DSK-006,2,2023-02-15
DSK-006,2,2023-02-16
DSK-006,2,2023-02-17
DSK-006,1,2023-02-19
DSK-006,4,2023-02-20
DSK-006,2,2023-02-21
DSK-006,1,2023-02-23
DSK-006,2,2023-02-27
DSK-006,1,2023-02-28
DSK-006,2,2023-03-02
DSK-006,1,2023-03-03
DSK-006,1,2023-03-04
DSK-006,1,2023-03-05
DSK-006,1,2023-03-06
DSK-006,1,2023-03-08
DSK-006,1,2023-03-09
DSK-006,1,2023-03-10
DSK-006,2,2023-03-12
DSK-006,2,2023-03-13
DSK-006,1,2023-03-15
DSK-006,1,2023-03-16
DSK-006,1,2023-03-17
DSK-006,1,2023-03-19
DSK-006,1,2023-03-20
DSK-006,2,2023-03-22
DSK-006,1,2023-03-23
DSK-006,2,2023-03-24
DSK-006,2,2023-03-27
DSK-006,1,2023-03-28
DSK-006,3,2023-03-29
DSK-006,1,2023-03-30
DSK-006,2,2023-03-31
DSK-006,1,2023-04-01
DSK-006,1,2023-04-03
DSK-006,2,2023-04-06
DSK-006,1,2023-04-07
DSK-006,1,2023-04-08
DSK-006,1,2023-04-09
DSK-006,1,2023-04-10
DSK-006,2,2023-04-11
DSK-006,1,2023-04-14
DSK-006,1,2023-04-15
DSK-006,1,2023-04-16
DSK-006,1,2023-04-17
DSK-006,1,2023-04-22
DSK-006,2,2023-04-23
DSK-006,2,2023-04-24
DSK-006,5,2023-04-26
DSK-006,1,2023-05-01
DSK-006,2,2023-05-04
DSK-006,2,2023-05-05
DSK-006,1,2023-05-07
DSK-006,3,2023-05-08
DSK-006,1,2023-05-09
DSK-006,1,2023-05-10
DSK-006,2,2023-05-11
DSK-006,2,2023-05-12
DSK-006,1,2023-05-13
DSK-006,3,2023-05-14
DSK-006,2,2023-05-16
DSK-006,1,2023-05-17
DSK-006,1,2023-05-18
DSK-006,3,2023-05-19
DSK-006,2,2023-05-20
DSK-006,1,2023-05-22
DSK-006,1,2023-05-23
DSK-006,1,2023-05-24
DSK-006,1,2023-05-28
DSK-006,1,2023-05-29
DSK-006,1,2023-05-30
DSK-006,1,2023-05-31
DSK-006,1,2023-06-01
DSK-006,1,2023-06-02
DSK-006,1,2023-06-03
DSK-006,1,2023-06-04
DSK-006,1,2023-06-05
DSK-006,1,2023-06-06
DSK-006,1,2023-06-08
DSK-006,1,2023-06-09
DSK-006,1,2023-06-10
DSK-006,1,2023-06-11
DSK-006,1,2023-06-12
DSK-006,1,2023-06-13
DSK-006,1,2023-06-16
DSK-006,1,2023-06-17
DSK-006,1,2023-06-18
DSK-006,1,2023-06-20
DSK-006,3,2023-06-22
DSK-006,2,2023-06-23
DSK-006,1,2023-06-26
DSK-006,2,2023-06-28
DSK-006,1,2023-06-29
DSK-006,1,2023-07-01
DSK-006,1,2023-07-02
DSK-006,1,2023-07-03
DSK-006,1,2023-07-04
DSK-006,2,2023-07-06
DSK-006,2,2023-07-09
DSK-006,2,2023-07-10
DSK-006,1,2023-07-11
DSK-006,1,2023-07-14
DSK-006,1,2023-07-15
DSK-006,1,2023-07-16
DSK-006,3,2023-07-18
DSK-006,2,2023-07-19
DSK-006,2,2023-07-20
DSK-006,1,2023-07-21
DSK-006,2,2023-07-23
DSK-006,2,2023-07-25
DSK-006,1,2023-07-27
DSK-006,3,2023-07-28
DSK-006,2,2023-07-29
DSK-006,2,2023-07-30
DSK-006,2,2023-08-01
DSK-006,1,2023-08-02
DSK-006,2,2023-08-05
DSK-006,1,2023-08-07
DSK-006,2,2023-08-08
DSK-006,1,2023-08-09
DSK-006,1,2023-08-13
DSK-006,2,2023-08-15
DSK-006,1,2023-08-16
DSK-006,2,2023-08-17
DSK-006,1,2023-08-19
DSK-006,2,2023-08-20
DSK-006,1,2023-08-23
DSK-006,1,2023-08-25
DSK-006,1,2023-08-28
DSK-006,1,2023-08-29
DSK-006,2,2023-08-30
DSK-006,1,2023-08-31
DSK-006,2,2023-09-02
DSK-006,1,2023-09-05
DSK-006,1,2023-09-06
DSK-006,1,2023-09-07
DSK-006,1,2023-09-10
DSK-006,1,2023-09-12
DSK-006,1,2023-09-15
DSK-006,2,2023-09-17
DSK-006,1,2023-09-18
DSK-006,1,2023-09-21
DSK-006,1,2023-09-22
DSK-006,3,2023-09-23
DSK-006,2,2023-09-24
DSK-006,1,2023-09-26
DSK-006,1,2023-09-28
DSK-006,3,2023-09-29
DSK-006,1,2023-09-30
DSK-006,3,2023-10-03
DSK-006,1,2023-10-05
DSK-006,1,2023-10-06
DSK-006,1,2023-10-07
DSK-006,3,2023-10-08
DSK-006,2,2023-10-09
DSK-006,1,2023-10-10
DSK-006,1,2023-10-12
DSK-006,1,2023-10-13
DSK-006,1,2023-10-14
DSK-006,1,2023-10-15
DSK-006,1,2023-10-19
DSK-006,3,2023-10-21
DSK-006,1,2023-10-22
DSK-006,1,2023-10-24
DSK-006,1,2023-10-28
DSK-006,2,2023-10-29
DSK-006,1,2023-10-30
DSK-006,1,2023-10-31
DSK-006,2,2023-11-02
DSK-006,1,2023-11-03
DSK-006,2,2023-11-05
DSK-006,2,2023-11-09
DSK-006,2,2023-11-10
DSK-006,2,2023-11-11
DSK-006,1,2023-11-12
DSK-006,2,2023-11-15
DSK-006,1,2023-11-16
DSK-006,4,2023-11-17
DSK-006,1,2023-11-18
DSK-006,1,2023-11-20
DSK-006,2,2023-11-22
DSK-006,4,2023-11-23
DSK-006,2,2023-11-25
DSK-006,1,2023-11-26
DSK-006,1,2023-11-27
DSK-006,1,2023-11-28
DSK-006,1,2023-12-01
DSK-006,1,2023-12-02
DSK-006,2,2023-12-03
DSK-006,2,2023-12-04
DSK-006,3,2023-12-07
DSK-006,1,2023-12-08
DSK-006,2,2023-12-09
DSK-006,2,2023-12-10
DSK-006,2,2023-12-11
DSK-006,1,2023-12-12
DSK-006,2,2023-12-13
DSK-006,1,2023-12-15
DSK-006,1,2023-12-17
DSK-006,4,2023-12-19
DSK-006,2,2023-12-24
DSK-006,3,2023-12-25
DSK-006,1,2023-12-27
DSK-006,2,2023-12-28
DSK-006,3,2023-12-30
DSK-006,1,2024-01-01
DSK-006,3,2024-01-02
DSK-006,1,2024-01-06
DSK-006,1,2024-01-08
DSK-006,1,2024-01-10
DSK-006,2,2024-01-14
DSK-006,1,2024-01-16
DSK-006,1,2024-01-18
DSK-006,1,2024-01-20
DSK-006,2,2024-01-21
DSK-006,3,2024-01-22
DSK-006,2,2024-01-23
DSK-006,2,2024-01-25
DSK-006,2,2024-01-26
DSK-006,2,2024-01-27
DSK-006,1,2024-01-28
DSK-006,2,2024-01-30
DSK-006,3,2024-02-02
DSK-006,2,2024-02-03
DSK-006,1,2024-02-08
DSK-006,1,2024-02-09
DSK-006,3,2024-02-11
DSK-006,3,2024-02-12
DSK-006,1,2024-02-14
DSK-006,1,2024-02-15
DSK-006,1,2024-02-16
DSK-006,3,2024-02-18
DSK-006,1,2024-02-20
DSK-006,1,2024-02-21
DSK-006,5,2024-02-22
DSK-006,2,2024-02-24
DSK-006,3,2024-02-26
DSK-006,1,2024-02-28
DSK-006,1,2024-02-29
DSK-006,2,2024-03-02
DSK-006,2,2024-03-03
DSK-006,1,2024-03-04
DSK-006,2,2024-03-05
DSK-006,1,2024-03-06
DSK-006,2,2024-03-07
DSK-006,1,2024-03-09
DSK-006,1,2024-03-10
DSK-006,2,2024-03-11
DSK-006,2,2024-03-12
DSK-006,3,2024-03-15
DSK-006,1,2024-03-18
DSK-006,2,2024-03-19
DSK-006,1,2024-03-20
DSK-006,1,2024-03-22
DSK-006,1,2024-03-23
DSK-006,3,2024-03-24
DSK-006,2,2024-03-25
DSK-006,1,2024-03-28
DSK-006,2,2024-03-29
DSK-006,1,2024-03-31
DSK-006,1,2024-04-06
DSK-006,1,2024-04-07
DSK-006,2,2024-04-08
DSK-006,1,2024-04-09
DSK-006,3,2024-04-13
DSK-006,1,2024-04-14
DSK-006,1,2024-04-17
DSK-006,2,2024-04-18
DSK-006,1,2024-04-19
DSK-006,1,2024-04-20
DSK-006,1,2024-04-22
DSK-006,2,2024-04-23
DSK-006,1,2024-04-24
DSK-006,2,2024-04-26
DSK-006,1,2024-04-27
DSK-006,2,2024-04-28
DSK-006,3,2024-04-29
DSK-006,1,2024-04-30
DSK-006,3,2024-05-01
DSK-006,2,2024-05-02
DSK-006,1,2024-05-04
DSK-006,2,2024-05-05
DSK-006,2,2024-05-06
DSK-006,1,2024-05-08
DSK-006,2,2024-05-09
DSK-006,1,2024-05-10
DSK-006,2,2024-05-11
DSK-006,2,2024-05-14
DSK-006,1,2024-05-17
DSK-006,1,2024-05-19
DSK-006,1,2024-05-21
DSK-006,1,2024-05-22
DSK-006,1,2024-05-23
DSK-006,1,2024-05-24
DSK-006,1,2024-05-27
DSK-006,2,2024-05-29
DSK-006,2,2024-05-30
DSK-006,2,2024-05-31
DSK-006,1,2024-06-01
DSK-006,1,2024-06-02
DSK-006,3,2024-06-07
DSK-006,3,2024-06-10
DSK-006,1,2024-06-11
DSK-006,2,2024-06-13
DSK-006,3,2024-06-16
DSK-006,1,2024-06-17
DSK-006,3,2024-06-18
DSK-006,1,2024-06-19
DSK-006,3,2024-06-20
DSK-006,2,2024-06-21
DSK-006,2,2024-06-23
DSK-006,1,2024-06-24
DSK-006,1,2024-06-26
DSK-006,2,2024-06-28
DSK-006,1,2024-06-29
DSK-006,1,2024-06-30
DSK-006,1,2024-07-01
DSK-006,1,2024-07-02
DSK-006,1,2024-07-03
DSK-006,1,2024-07-04
DSK-006,1,2024-07-05
DSK-006,1,2024-07-07
DSK-006,1,2024-07-08
DSK-006,2,2024-07-12
DSK-006,1,2024-07-14
DSK-006,2,2024-07-18
DSK-006,2,2024-07-19
DSK-006,1,2024-07-20
DSK-006,1,2024-07-21
DSK-006,1,2024-07-22
DSK-006,1,2024-07-23
DSK-006,1,2024-07-26
DSK-006,1,2024-07-27
DSK-006,2,2024-07-28
DSK-006,1,2024-07-29
DSK-006,1,2024-07-30
DSK-006,2,2024-07-31
DSK-006,2,2024-08-02
DSK-006,3,2024-08-03
DSK-006,3,2024-08-04
DSK-006,3,2024-08-07
DSK-006,2,2024-08-08
DSK-006,1,2024-08-09
DSK-006,2,2024-08-11
DSK-006,1,2024-08-13
DSK-006,2,2024-08-14
DSK-006,1,2024-08-15
DSK-006,2,2024-08-16
DSK-006,1,2024-08-17
DSK-006,1,2024-08-20
DSK-006,2,2024-08-21
DSK-006,1,2024-08-22
DSK-006,1,2024-08-23
DSK-006,1,2024-08-26
DSK-006,2,2024-08-27
DSK-006,2,2024-08-29
DSK-006,2,2024-08-30
DSK-006,1,2024-08-31
DSK-006,1,2024-09-01
DSK-006,1,2024-09-03
DSK-006,1,2024-09-05
DSK-006,1,2024-09-06
DSK-006,2,2024-09-07
DSK-006,3,2024-09-08
DSK-006,3,2024-09-10
DSK-006,2,2024-09-11
DSK-006,2,2024-09-12
DSK-006,3,2024-09-15
DSK-006,1,2024-09-19
DSK-006,3,2024-09-20
DSK-006,1,2024-09-21
DSK-006,1,2024-09-22
DSK-006,2,2024-09-24
DSK-006,1,2024-09-26
DSK-006,1,2024-09-27
DSK-006,1,2024-09-29
DSK-006,2,2024-09-30
DSK-006,2,2024-10-03
DSK-006,2,2024-10-04
DSK-006,1,2024-10-05
DSK-006,1,2024-10-07
DSK-006,2,2024-10-09
DSK-006,1,2024-10-10
DSK-006,2,2024-10-11
DSK-006,2,2024-10-13
DSK-006,2,2024-10-14
DSK-006,1,2024-10-15
DSK-006,3,2024-10-16
DSK-006,1,2024-10-17
DSK-006,1,2024-10-18
DSK-006,1,2024-10-19
DSK-006,1,2024-10-20
DSK-006,3,2024-10-21
DSK-006,1,2024-10-22
DSK-006,1,2024-10-23
DSK-006,1,2024-10-24
DSK-006,2,2024-10-25
DSK-006,1,2024-10-26
DSK-006,1,2024-10-30
DSK-006,1,2024-10-31
DSK-006,1,2024-11-03
DSK-006,1,2024-11-04
DSK-006,3,2024-11-07
DSK-006,1,2024-11-08
DSK-006,1,2024-11-10
DSK-006,2,2024-11-11
DSK-006,2,2024-11-12
DSK-006,1,2024-11-13
DSK-006,1,2024-11-17
DSK-006,4,2024-11-19
DSK-006,1,2024-11-20
DSK-006,1,2024-11-21
DSK-006,1,2024-11-22
DSK-006,3,2024-11-24
DSK-006,1,2024-11-25
DSK-006,1,2024-11-27
DSK-006,1,2024-11-29
DSK-006,2,2024-11-30
DSK-006,1,2024-12-01
DSK-006,3,2024-12-03
DSK-006,1,2024-12-04
DSK-006,1,2024-12-06
DSK-006,1,2024-12-07
DSK-006,2,2024-12-10
DSK-006,1,2024-12-11
DSK-006,1,2024-12-13
DSK-006,1,2024-12-15
DSK-006,1,2024-12-16
DSK-006,1,2024-12-17
DSK-006,2,2024-12-18
DSK-006,1,2024-12-19
DSK-006,2,2024-12-21
DSK-006,1,2024-12-22
DSK-006,2,2024-12-23
DSK-006,1,2024-12-25
DSK-006,1,2024-12-27
DSK-006,1,2024-12-28
DSK-006,2,2024-12-30
DSK-006,3,2024-12-31
DSK-006,1,2025-01-01
DSK-006,1,2025-01-04
DSK-006,1,2025-01-05
DSK-006,3,2025-01-06
DSK-006,2,2025-01-07
DSK-006,1,2025-01-08
DSK-006,1,2025-01-09
DSK-006,1,2025-01-12
DSK-006,4,2025-01-14
DSK-006,1,2025-01-17
DSK-006,2,2025-01-18
DSK-006,2,2025-01-19
DSK-006,2,2025-01-20
DSK-006,1,2025-01-21
DSK-006,2,2025-01-23
DSK-006,2,2025-01-25
DSK-006,1,2025-01-26
DSK-006,2,2025-01-27
DSK-006,1,2025-01-29
DSK-006,1,2025-01-31
DSK-006,1,2025-02-02
DSK-006,2,2025-02-03
DSK-006,1,2025-02-04
DSK-006,1,2025-02-05
DSK-006,1,2025-02-07
DSK-006,1,2025-02-10
DSK-006,1,2025-02-12
DSK-006,1,2025-02-13
DSK-006,4,2025-02-14
DSK-006,4,2025-02-15
DSK-006,4,2025-02-16
DSK-006,2,2025-02-17
DSK-006,5,2025-02-18
DSK-006,2,2025-02-19
DSK-006,1,2025-02-20
DSK-006,1,2025-02-21
DSK-006,1,2025-02-22
DSK-006,1,2025-02-24
DSK-006,3,2025-02-26
DSK-006,1,2025-02-28
DSK-006,1,2025-03-01
DSK-006,1,2025-03-02
DSK-006,1,2025-03-03
DSK-006,2,2025-03-04
DSK-006,2,2025-03-05
DSK-006,1,2025-03-06
DSK-006,1,2025-03-08
DSK-006,3,2025-03-10
DSK-006,3,2025-03-11
DSK-006,3,2025-03-12
DSK-006,1,2025-03-14
DSK-006,1,2025-03-19
DSK-006,2,2025-03-20
DSK-006,3,2025-03-21
DSK-006,1,2025-03-22
DSK-006,1,2025-03-23
DSK-006,1,2025-03-24
DSK-006,1,2025-03-25
DSK-006,1,2025-03-26
DSK-006,1,2025-03-27
DSK-006,2,2025-03-29
DSK-006,1,2025-03-31
DSK-006,1,2025-04-02
DSK-006,1,2025-04-03
DSK-006,1,2025-04-04
DSK-006,1,2025-04-08
DSK-006,1,2025-04-11
DSK-006,1,2025-04-13
DSK-006,1,2025-04-14
DSK-006,1,2025-04-15
DSK-006,1,2025-04-16
DSK-006,1,2025-04-17
DSK-006,1,2025-04-18
DSK-006,1,2025-04-20
DSK-006,1,2025-04-21
DSK-006,1,2025-04-23
DSK-006,1,2025-04-25
DSK-006,1,2025-04-27
DSK-006,1,2025-04-28
DSK-006,1,2025-04-30
DSK-006,2,2025-05-01
DSK-006,2,2025-05-03
DSK-006,2,2025-05-04
DSK-006,1,2025-05-05
DSK-006,2,2025-05-08
DSK-006,1,2025-05-09
DSK-006,2,2025-05-10
DSK-006,1,2025-05-11
DSK-006,3,2025-05-13
DSK-006,2,2025-05-14
DSK-006,1,2025-05-15
DSK-006,1,2025-05-17
DSK-006,3,2025-05-22
DSK-006,1,2025-05-23
DSK-006,1,2025-05-24
DSK-006,1,2025-05-25
DSK-006,1,2025-05-28
DSK-006,2,2025-05-31
DSK-006,1,2025-06-01
DSK-006,3,2025-06-02
DSK-006,2,2025-06-04
DSK-006,2,2025-06-08
DSK-006,2,2025-06-09
DSK-006,1,2025-06-12
DSK-006,2,2025-06-13
DSK-006,1,2025-06-15
DSK-006,1,2025-06-17
DSK-006,4,2025-06-18
DSK-006,1,2025-06-19
DSK-006,2,2025-06-20
DSK-006,1,2025-06-22
DSK-006,2,2025-06-23
DSK-006,1,2025-06-24
DSK-006,2,2025-06-26
DSK-006,2,2025-06-28
DSK-006,2,2025-06-29
DSK-006,2,2025-06-30
DSK-006,1,2025-07-01
DSK-006,1,2025-07-02
DSK-006,1,2025-07-05
DSK-006,3,2025-07-06
DSK-006,1,2025-07-12
DSK-006,4,2025-07-13
DSK-006,2,2025-07-15
DSK-006,1,2025-07-20
DSK-006,2,2025-07-21
DSK-006,1,2025-07-22
DSK-006,2,2025-07-24
DSK-006,3,2025-07-25
DSK-006,1,2025-07-28
DSK-006,2,2025-07-29
DSK-006,1,2025-08-02
DSK-006,2,2025-08-04
DSK-006,1,2025-08-05
DSK-006,1,2025-08-06
DSK-006,1,2025-08-07
DSK-006,1,2025-08-13
DSK-006,2,2025-08-14
DSK-006,2,2025-08-15
DSK-006,2,2025-08-16
DSK-006,1,2025-08-17
DSK-006,1,2025-08-18
DSK-006,1,2025-08-19
DSK-006,1,2025-08-20
DSK-006,2,2025-08-21
DSK-006,1,2025-08-22
DSK-006,2,2025-08-23
DSK-006,1,2025-08-24
DSK-006,2,2025-08-25
DSK-006,2,2025-08-26
DSK-006,1,2025-08-28
DSK-006,3,2025-08-29
DSK-006,1,2025-08-31
DSK-006,1,2025-09-01
DSK-006,1,2025-09-02
DSK-006,1,2025-09-03
DSK-006,1,2025-09-09
DSK-006,2,2025-09-10
DSK-006,1,2025-09-13
DSK-006,1,2025-09-14
DSK-006,1,2025-09-16
DSK-006,1,2025-09-18
DSK-006,2,2025-09-20
DSK-006,3,2025-09-21
DSK-006,3,2025-09-22
DSK-006,1,2025-09-25
DSK-006,2,2025-09-27
DSK-006,1,2025-09-28
DSK-006,3,2025-09-29
DSK-006,1,2025-10-01
DSK-006,2,2025-10-04
DSK-006,2,2025-10-07
DSK-006,2,2025-10-08
DSK-006,4,2025-10-09
DSK-006,1,2025-10-11
DSK-006,2,2025-10-15
DSK-006,2,2025-10-17
DSK-006,1,2025-10-19
DSK-006,2,2025-10-20
DSK-006,2,2025-10-21
DSK-006,1,2025-10-22
DSK-006,1,2025-10-23
DSK-006,2,2025-10-25
DSK-006,2,2025-10-26
DSK-006,2,2025-10-28
DSK-006,1,2025-10-29
DSK-006,2,2025-10-30
DSK-006,1,2025-11-01
DSK-006,3,2025-11-02
DSK-006,3,2025-11-05
DSK-006,1,2025-11-06
DSK-006,2,2025-11-07
DSK-006,2,2025-11-08
DSK-006,1,2025-11-09
DSK-006,2,2025-11-10
DSK-006,1,2025-11-11
DSK-006,2,2025-11-13
DSK-006,1,2025-11-14
DSK-006,1,2025-11-16
DSK-006,1,2025-11-17
DSK-006,1,2025-11-18
DSK-006,1,2025-11-25
DSK-006,2,2025-11-26
DSK-006,1,2025-11-29
DSK-006,2,2025-11-30
DSK-006,1,2025-12-01
DSK-006,1,2025-12-02
DSK-006,1,2025-12-03
DSK-006,1,2025-12-04
DSK-006,1,2025-12-05
DSK-006,1,2025-12-06
DSK-006,2,2025-12-07
DSK-006,1,2025-12-08
DSK-006,1,2025-12-10
DSK-006,2,2025-12-11
DSK-006,1,2025-12-12
DSK-006,1,2025-12-13
DSK-006,1,2025-12-14
DSK-006,3,2025-12-15
DSK-006,2,2025-12-20
DSK-006,1,2025-12-23
DSK-006,1,2025-12-26
DSK-006,1,2025-12-27
DSK-006,1,2025-12-28
DSK-006,2,2025-12-30
DSK-006,1,2025-12-31
DSK-006,1,2026-01-02
DSK-006,1,2026-01-03
DSK-006,1,2026-01-04
DSK-006,1,2026-01-06
DSK-006,2,2026-01-07
DSK-006,4,2026-01-08
DSK-006,1,2026-01-09
DSK-006,1,2026-01-10
DSK-006,1,2026-01-12
DSK-006,1,2026-01-13
DSK-006,1,2026-01-14
DSK-006,4,2026-01-15
DSK-006,3,2026-01-16
DSK-006,1,2026-01-17
DSK-006,3,2026-01-18
DSK-006,2,2026-01-19
DSK-006,1,2026-01-20
DSK-006,2,2026-01-21
DSK-006,3,2026-01-22
DSK-006,1,2026-01-23
DSK-006,1,2026-01-25
SWI-007,2,2023-01-26
SWI-007,2,2023-01-29
SWI-007,1,2023-02-03
SWI-007,1,2023-02-05
SWI-007,1,2023-02-12
SWI-007,1,2023-02-13
SWI-007,1,2023-02-14
SWI-007,2,2023-02-28
SWI-007,1,2023-03-06
SWI-007,1,2023-03-07
SWI-007,1,2023-03-13
SWI-007,2,2023-03-16
SWI-007,1,2023-03-17
SWI-007,1,2023-03-20
SWI-007,1,2023-03-22
SWI-007,2,2023-03-28
SWI-007,1,2023-03-31
SWI-007,1,2023-04-05
SWI-007,1,2023-04-06
SWI-007,1,2023-04-08
SWI-007,1,2023-04-10
SWI-007,1,2023-04-17
SWI-007,1,2023-04-20
SWI-007,1,2023-04-21
SWI-007,1,2023-04-22
SWI-007,1,2023-04-24
SWI-007,1,2023-04-28
SWI-007,1,2023-05-02
SWI-007,1,2023-05-03
SWI-007,1,2023-05-05
SWI-007,1,2023-05-08
SWI-007,1,2023-05-11
SWI-007,1,2023-05-12
SWI-007,2,2023-05-13
SWI-007,1,2023-05-18
SWI-007,1,2023-05-19
SWI-007,1,2023-05-20
SWI-007,1,2023-05-26
SWI-007,1,2023-05-27
SWI-007,1,2023-05-28
SWI-007,2,2023-05-29
SWI-007,1,2023-05-30
SWI-007,2,2023-05-31
SWI-007,1,2023-06-02
SWI-007,1,2023-06-03
SWI-007,2,2023-06-11
SWI-007,1,2023-06-14
SWI-007,2,2023-06-15
SWI-007,2,2023-06-18
SWI-007,1,2023-06-19
SWI-007,1,2023-06-20
SWI-007,1,2023-06-22
SWI-007,1,2023-06-26
SWI-007,1,2023-06-27
SWI-007,1,2023-06-30
SWI-007,1,2023-07-01
SWI-007,1,2023-07-08
SWI-007,1,2023-07-09
SWI-007,1,2023-07-12
SWI-007,1,2023-07-13
SWI-007,2,2023-07-14
SWI-007,2,2023-07-22
SWI-007,2,2023-07-25
SWI-007,1,2023-07-28
SWI-007,1,2023-07-30
SWI-007,2,2023-08-02
SWI-007,1,2023-08-03
SWI-007,2,2023-08-04
SWI-007,1,2023-08-08
SWI-007,1,2023-08-11
SWI-007,2,2023-08-13
SWI-007,2,2023-08-15
SWI-007,1,2023-08-20
SWI-007,3,2023-08-21
SWI-007,1,2023-08-22
SWI-007,2,2023-08-28
SWI-007,1,2023-08-29
SWI-007,1,2023-08-30
SWI-007,2,2023-09-02
SWI-007,1,2023-09-03
SWI-007,1,2023-09-07
SWI-007,1,2023-09-08
SWI-007,1,2023-09-09
SWI-007,1,2023-09-12
SWI-007,1,2023-09-16
SWI-007,1,2023-09-20
SWI-007,1,2023-09-25
SWI-007,1,2023-09-26
SWI-007,1,2023-09-28
SWI-007,1,2023-09-30
SWI-007,1,2023-10-01
SWI-007,2,2023-10-02
SWI-007,1,2023-10-05
SWI-007,2,2023-10-07
SWI-007,1,2023-10-08
SWI-007,1,2023-10-09
SWI-007,1,2023-10-12
SWI-007,2,2023-10-14
SWI-007,1,2023-10-15
SWI-007,1,2023-10-16
SWI-007,1,2023-10-19
SWI-007,1,2023-10-22
SWI-007,1,2023-11-03
SWI-007,1,2023-11-04
SWI-007,1,2023-11-08
SWI-007,2,2023-11-13
SWI-007,1,2023-11-14
SWI-007,1,2023-11-16
SWI-007,2,2023-11-18
SWI-007,1,2023-11-19
SWI-007,2,2023-11-23
SWI-007,1,2023-11-25
SWI-007,1,2023-11-29
SWI-007,1,2023-11-30
SWI-007,1,2023-12-01
SWI-007,1,2023-12-03
SWI-007,1,2023-12-04
SWI-007,2,2023-12-06
SWI-007,1,2023-12-10
SWI-007,1,2023-12-12
SWI-007,2,2023-12-15
SWI-007,1,2023-12-17
SWI-007,1,2023-12-23
SWI-007,1,2023-12-24
SWI-007,1,2023-12-26
SWI-007,2,2023-12-27
SWI-007,1,2023-12-30
SWI-007,1,2023-12-31
SWI-007,1,2024-01-07
SWI-007,1,2024-01-08
SWI-007,1,2024-01-11
SWI-007,2,2024-01-16
SWI-007,1,2024-01-20
SWI-007,1,2024-01-29
SWI-007,1,2024-02-02
SWI-007,2,2024-02-04
SWI-007,1,2024-02-05
SWI-007,3,2024-02-09
SWI-007,2,2024-02-10
SWI-007,2,2024-02-16
SWI-007,2,2024-02-18
SWI-007,1,2024-02-21
SWI-007,1,2024-02-25
SWI-007,1,2024-02-27
SWI-007,1,2024-02-28
SWI-007,1,2024-03-01
SWI-007,1,2024-03-02
SWI-007,1,2024-03-08
SWI-007,1,2024-03-12
SWI-007,1,2024-03-13
SWI-007,1,2024-03-15
SWI-007,1,2024-03-16
SWI-007,1,2024-03-17
SWI-007,2,2024-03-18
SWI-007,2,2024-03-20
SWI-007,1,2024-03-21
SWI-007,1,2024-03-22
SWI-007,1,2024-03-29
SWI-007,1,2024-03-30
SWI-007,2,2024-04-03
SWI-007,2,2024-04-05
SWI-007,2,2024-04-06
SWI-007,1,2024-04-09
SWI-007,2,2024-04-12
SWI-007,1,2024-04-14
SWI-007,2,2024-04-15
SWI-007,1,2024-04-19
SWI-007,1,2024-04-21
SWI-007,1,2024-04-25
SWI-007,1,2024-04-26
SWI-007,1,2024-04-27
SWI-007,1,2024-04-29
SWI-007,1,2024-05-01
SWI-007,2,2024-05-02
SWI-007,1,2024-05-07
SWI-007,1,2024-05-08
SWI-007,1,2024-05-09
SWI-007,1,2024-05-10
SWI-007,1,2024-05-12
SWI-007,1,2024-05-13
SWI-007,1,2024-05-14
SWI-007,1,2024-05-17
SWI-007,1,2024-05-20
SWI-007,1,2024-05-24
SWI-007,1,2024-05-28
SWI-007,3,2024-05-30
SWI-007,1,2024-06-01
SWI-007,1,2024-06-02
SWI-007,1,2024-06-07
SWI-007,1,2024-06-08
SWI-007,1,2024-06-11
SWI-007,2,2024-06-15
SWI-007,1,2024-06-19
SWI-007,1,2024-06-25
SWI-007,2,2024-06-27
SWI-007,3,2024-06-28
SWI-007,1,2024-06-29
SWI-007,1,2024-07-07
SWI-007,1,2024-07-10
SWI-007,1,2024-07-11
SWI-007,3,2024-07-13
SWI-007,1,2024-07-16
SWI-007,1,2024-07-18
SWI-007,3,2024-07-24
SWI-007,1,2024-07-27
SWI-007,2,2024-07-29
SWI-007,2,2024-07-31
SWI-007,1,2024-08-01
SWI-007,1,2024-08-02
SWI-007,1,2024-08-03
SWI-007,2,2024-08-04
SWI-007,1,2024-08-08
SWI-007,1,2024-08-09
SWI-007,1,2024-08-11
SWI-007,2,2024-08-15
SWI-007,1,2024-08-21
SWI-007,2,2024-08-22
SWI-007,2,2024-08-23
SWI-007,1,2024-09-01
SWI-007,2,2024-09-02
SWI-007,2,2024-09-03
SWI-007,1,2024-09-09
SWI-007,1,2024-09-13
SWI-007,2,2024-09-14
SWI-007,1,2024-09-15
SWI-007,1,2024-09-20
SWI-007,1,2024-09-22
SWI-007,1,2024-09-30
SWI-007,1,2024-10-01
SWI-007,1,2024-10-02
SWI-007,1,2024-10-05
SWI-007,2,2024-10-07
SWI-007,1,2024-10-13
SWI-007,2,2024-10-14
SWI-007,2,2024-10-15
SWI-007,1,2024-10-21
SWI-007,1,2024-10-22
SWI-007,1,2024-10-25
SWI-007,1,2024-10-26
SWI-007,1,2024-10-29
SWI-007,1,2024-10-30
SWI-007,1,2024-10-31
SWI-007,2,2024-11-07
SWI-007,1,2024-11-09
SWI-007,1,2024-11-13
SWI-007,1,2024-11-14
SWI-007,1,2024-11-17
SWI-007,1,2024-11-18
SWI-007,3,2024-11-20
SWI-007,2,2024-11-23
SWI-007,1,2024-11-28
SWI-007,2,2024-12-02
SWI-007,1,2024-12-03
SWI-007,2,2024-12-06
SWI-007,1,2024-12-10
SWI-007,1,2024-12-11
SWI-007,1,2024-12-12
SWI-007,2,2024-12-13
SWI-007,1,2024-12-14
SWI-007,1,2024-12-15
SWI-007,1,2024-12-16
SWI-007,1,2024-12-17
SWI-007,2,2024-12-18
SWI-007,1,2024-12-22
SWI-007,2,2024-12-25
SWI-007,2,2024-12-27
SWI-007,1,2024-12-29
SWI-007,1,2024-12-30
SWI-007,2,2025-01-04
SWI-007,2,2025-01-07
SWI-007,1,2025-01-08
SWI-007,3,2025-01-09
SWI-007,1,2025-01-16
SWI-007,1,2025-01-19
SWI-007,1,2025-01-23
SWI-007,1,2025-01-24
SWI-007,1,2025-01-25
SWI-007,1,2025-01-27
SWI-007,1,2025-01-29
SWI-007,1,2025-01-30
SWI-007,1,2025-01-31
SWI-007,1,2025-02-04
SWI-007,2,2025-02-05
SWI-007,1,2025-02-08
SWI-007,1,2025-02-09
SWI-007,1,2025-02-10
SWI-007,1,2025-02-15
SWI-007,1,2025-02-17
SWI-007,1,2025-02-18
SWI-007,1,2025-02-23
SWI-007,2,2025-02-25
SWI-007,1,2025-03-03
SWI-007,1,2025-03-04
SWI-007,1,2025-03-06
SWI-007,2,2025-03-07
SWI-007,1,2025-03-08
SWI-007,1,2025-03-09
SWI-007,1,2025-03-13
SWI-007,3,2025-03-17
SWI-007,1,2025-03-19
SWI-007,3,2025-03-20
SWI-007,2,2025-03-22
SWI-007,1,2025-03-28
SWI-007,1,2025-04-01
SWI-007,1,2025-04-02
SWI-007,1,2025-04-04
SWI-007,1,2025-04-09
SWI-007,1,2025-04-14
SWI-007,1,2025-04-16
SWI-007,1,2025-04-20
SWI-007,2,2025-04-26
SWI-007,1,2025-04-27
SWI-007,1,2025-05-03
SWI-007,1,2025-05-05
SWI-007,1,2025-05-06
SWI-007,1,2025-05-09
SWI-007,1,2025-05-10
SWI-007,2,2025-05-12
SWI-007,1,2025-05-13
SWI-007,1,2025-05-15
SWI-007,1,2025-05-20
SWI-007,1,2025-05-21
SWI-007,1,2025-05-25
SWI-007,1,2025-05-28
SWI-007,1,2025-05-30
SWI-007,1,2025-05-31
SWI-007,1,2025-06-03
SWI-007,1,2025-06-04
SWI-007,2,2025-06-06
SWI-007,1,2025-06-14
SWI-007,1,2025-06-17
SWI-007,1,2025-06-18
SWI-007,1,2025-06-21
SWI-007,3,2025-06-22
SWI-007,2,2025-06-23
SWI-007,1,2025-07-01
SWI-007,2,2025-07-02
SWI-007,1,2025-07-06
SWI-007,1,2025-07-11
SWI-007,1,2025-07-12
SWI-007,1,2025-07-14
SWI-007,1,2025-07-15
SWI-007,1,2025-07-16
SWI-007,1,2025-07-18
SWI-007,1,2025-07-19
SWI-007,1,2025-07-21
SWI-007,1,2025-07-22
SWI-007,2,2025-07-23
SWI-007,1,2025-07-25
SWI-007,1,2025-07-26
SWI-007,2,2025-07-27
SWI-007,1,2025-07-31
SWI-007,1,2025-08-06
SWI-007,1,2025-08-07
SWI-007,1,2025-08-10
SWI-007,1,2025-08-13
SWI-007,1,2025-08-15
SWI-007,1,2025-08-16
SWI-007,1,2025-08-17
SWI-007,1,2025-08-19
SWI-007,1,2025-08-21
SWI-007,1,2025-08-23
SWI-007,2,2025-08-26
SWI-007,2,2025-08-27
SWI-007,1,2025-08-29
SWI-007,2,2025-08-30
SWI-007,1,2025-09-02
SWI-007,1,2025-09-03
SWI-007,2,2025-09-09
SWI-007,1,2025-09-10
SWI-007,1,2025-09-13
SWI-007,2,2025-09-14
SWI-007,2,2025-09-15
SWI-007,1,2025-09-16
SWI-007,2,2025-09-18
SWI-007,2,2025-09-21
SWI-007,1,2025-09-22
SWI-007,1,2025-09-24
SWI-007,1,2025-09-28
SWI-007,1,2025-09-30
SWI-007,3,2025-10-06
SWI-007,1,2025-10-07
SWI-007,1,2025-10-11
SWI-007,1,2025-10-14
SWI-007,2,2025-10-15
SWI-007,1,2025-10-16
SWI-007,1,2025-10-17
SWI-007,1,2025-10-21
SWI-007,1,2025-10-23
SWI-007,1,2025-10-25
SWI-007,3,2025-10-28
SWI-007,1,2025-10-31
SWI-007,1,2025-11-03
SWI-007,1,2025-11-05
SWI-007,1,2025-11-08
SWI-007,1,2025-11-09
SWI-007,2,2025-11-12
SWI-007,1,2025-11-15
SWI-007,1,2025-11-18
SWI-007,1,2025-11-19
SWI-007,1,2025-11-22
SWI-007,1,2025-11-25
SWI-007,2,2025-12-02
SWI-007,1,2025-12-04
SWI-007,1,2025-12-05
SWI-007,2,2025-12-08
SWI-007,1,2025-12-09
SWI-007,2,2025-12-15
SWI-007,1,2025-12-18
SWI-007,2,2025-12-20
SWI-007,1,2025-12-23
SWI-007,2,2025-12-24
SWI-007,1,2025-12-27
SWI-007,1,2025-12-29
SWI-007,1,2025-12-30
SWI-007,1,2025-12-31
SWI-007,1,2026-01-02
SWI-007,1,2026-01-10
SWI-007,1,2026-01-16
SWI-007,2,2026-01-17
SWI-007,1,2026-01-25
WAP-008,1,2023-01-26
WAP-008,4,2023-01-27
WAP-008,1,2023-01-30
WAP-008,3,2023-01-31
WAP-008,1,2023-02-01
WAP-008,2,2023-02-02
WAP-008,2,2023-02-03
WAP-008,1,2023-02-04
WAP-008,1,2023-02-05
WAP-008,1,2023-02-06
WAP-008,2,2023-02-07
WAP-008,3,2023-02-08
WAP-008,5,2023-02-09
WAP-008,2,2023-02-10
WAP-008,4,2023-02-12
WAP-008,1,2023-02-13
WAP-008,2,2023-02-14
WAP-008,2,2023-02-15
WAP-008,3,2023-02-16
WAP-008,2,2023-02-17
WAP-008,4,2023-02-18
WAP-008,1,2023-02-19
WAP-008,3,2023-02-20
WAP-008,2,2023-02-21
WAP-008,4,2023-02-22
WAP-008,1,2023-02-23
WAP-008,3,2023-02-24
WAP-008,4,2023-02-25
WAP-008,1,2023-02-26
WAP-008,4,2023-02-27
WAP-008,5,2023-02-28
WAP-008,2,2023-03-01
WAP-008,4,2023-03-02
WAP-008,1,2023-03-03
WAP-008,2,2023-03-04
WAP-008,1,2023-03-05
WAP-008,2,2023-03-06
WAP-008,2,2023-03-07
WAP-008,2,2023-03-08
WAP-008,4,2023-03-09
WAP-008,2,2023-03-10
WAP-008,2,2023-03-11
WAP-008,1,2023-03-12
WAP-008,4,2023-03-13
WAP-008,3,2023-03-14
WAP-008,1,2023-03-15
WAP-008,4,2023-03-16
WAP-008,2,2023-03-18
WAP-008,2,2023-03-19
WAP-008,2,2023-03-20
WAP-008,1,2023-03-21
WAP-008,3,2023-03-22
WAP-008,2,2023-03-23
WAP-008,3,2023-03-24
WAP-008,3,2023-03-25
WAP-008,1,2023-03-27
WAP-008,1,2023-03-28
WAP-008,2,2023-03-29
WAP-008,1,2023-03-30
WAP-008,1,2023-03-31
WAP-008,2,2023-04-01
WAP-008,3,2023-04-02
WAP-008,2,2023-04-04
WAP-008,2,2023-04-05
WAP-008,3,2023-04-06
WAP-008,1,2023-04-07
WAP-008,4,2023-04-08
WAP-008,3,2023-04-09
WAP-008,4,2023-04-10
WAP-008,2,2023-04-11
WAP-008,1,2023-04-12
WAP-008,3,2023-04-13
WAP-008,1,2023-04-15
WAP-008,2,2023-04-18
WAP-008,3,2023-04-19
WAP-008,1,2023-04-20
WAP-008,2,2023-04-21
WAP-008,2,2023-04-22
WAP-008,2,2023-04-24
WAP-008,4,2023-04-25
WAP-008,1,2023-04-26
WAP-008,2,2023-04-27
WAP-008,1,2023-04-28
WAP-008,1,2023-04-30
WAP-008,4,2023-05-01
WAP-008,3,2023-05-03
WAP-008,2,2023-05-04
WAP-008,4,2023-05-05
WAP-008,2,2023-05-06
WAP-008,4,2023-05-07
WAP-008,5,2023-05-08
WAP-008,2,2023-05-09
WAP-008,1,2023-05-10
WAP-008,4,2023-05-13
WAP-008,4,2023-05-14
WAP-008,1,2023-05-15
WAP-008,1,2023-05-16
WAP-008,4,2023-05-17
WAP-008,2,2023-05-18
WAP-008,1,2023-05-19
WAP-008,2,2023-05-20
WAP-008,4,2023-05-21
WAP-008,2,2023-05-22
WAP-008,1,2023-05-23
WAP-008,3,2023-05-24
WAP-008,2,2023-05-25
WAP-008,4,2023-05-26
WAP-008,4,2023-05-27
WAP-008,4,2023-05-28
WAP-008,2,2023-05-29
WAP-008,1,2023-05-30
WAP-008,1,2023-05-31
WAP-008,2,2023-06-02
WAP-008,1,2023-06-03
WAP-008,2,2023-06-04
WAP-008,2,2023-06-05
WAP-008,2,2023-06-06
WAP-008,3,2023-06-08
WAP-008,2,2023-06-09
WAP-008,2,2023-06-10
WAP-008,1,2023-06-11
WAP-008,3,2023-06-12
WAP-008,5,2023-06-13
WAP-008,1,2023-06-14
WAP-008,1,2023-06-15
WAP-008,1,2023-06-16
WAP-008,3,2023-06-17
WAP-008,1,2023-06-18
WAP-008,2,2023-06-19
WAP-008,2,2023-06-20
WAP-008,1,2023-06-21
WAP-008,3,2023-06-23
WAP-008,2,2023-06-24
WAP-008,4,2023-06-25
WAP-008,2,2023-06-26
WAP-008,2,2023-06-28
WAP-008,2,2023-06-29
WAP-008,3,2023-07-01
WAP-008,4,2023-07-03
WAP-008,2,2023-07-04
WAP-008,3,2023-07-06
WAP-008,3,2023-07-08
WAP-008,2,2023-07-11
WAP-008,3,2023-07-12
WAP-008,2,2023-07-13
WAP-008,2,2023-07-14
WAP-008,3,2023-07-15
WAP-008,1,2023-07-16
WAP-008,1,2023-07-17
WAP-008,1,2023-07-18
WAP-008,4,2023-07-19
WAP-008,1,2023-07-20
WAP-008,1,2023-07-21
WAP-008,4,2023-07-22
WAP-008,1,2023-07-24
WAP-008,3,2023-07-25
WAP-008,2,2023-07-26
WAP-008,3,2023-07-28
WAP-008,3,2023-07-29
WAP-008,4,2023-07-30
WAP-008,1,2023-07-31
WAP-008,6,2023-08-01
WAP-008,3,2023-08-02
WAP-008,2,2023-08-03
WAP-008,5,2023-08-05
WAP-008,2,2023-08-06
WAP-008,2,2023-08-07
WAP-008,2,2023-08-08
WAP-008,4,2023-08-09
WAP-008,2,2023-08-10
WAP-008,5,2023-08-11
WAP-008,5,2023-08-12
WAP-008,1,2023-08-13
WAP-008,4,2023-08-14
WAP-008,1,2023-08-15
WAP-008,3,2023-08-16
WAP-008,2,2023-08-17
WAP-008,1,2023-08-18
WAP-008,2,2023-08-19
WAP-008,1,2023-08-20
WAP-008,1,2023-08-21
WAP-008,2,2023-08-22
WAP-008,1,2023-08-23
WAP-008,3,2023-08-24
WAP-008,2,2023-08-25
WAP-008,3,2023-08-28
WAP-008,1,2023-08-30
WAP-008,2,2023-08-31
WAP-008,3,2023-09-02
WAP-008,3,2023-09-03
WAP-008,2,2023-09-04
WAP-008,4,2023-09-05
WAP-008,1,2023-09-06
WAP-008,4,2023-09-08
WAP-008,3,2023-09-09
WAP-008,1,2023-09-10
WAP-008,3,2023-09-11
WAP-008,1,2023-09-12
WAP-008,3,2023-09-13
WAP-008,1,2023-09-14
WAP-008,1,2023-09-16
WAP-008,1,2023-09-17
WAP-008,3,2023-09-19
WAP-008,3,2023-09-20
WAP-008,2,2023-09-21
WAP-008,7,2023-09-22
WAP-008,3,2023-09-23
WAP-008,4,2023-09-24
WAP-008,2,2023-09-25
WAP-008,2,2023-09-26
WAP-008,1,2023-09-27
WAP-008,1,2023-09-28
WAP-008,4,2023-09-29
WAP-008,3,2023-09-30
WAP-008,5,2023-10-01
WAP-008,1,2023-10-03
WAP-008,2,2023-10-04
WAP-008,1,2023-10-05
WAP-008,5,2023-10-06
WAP-008,3,2023-10-08
WAP-008,4,2023-10-09
WAP-008,3,2023-10-10
WAP-008,1,2023-10-11
WAP-008,5,2023-10-12
WAP-008,1,2023-10-13
WAP-008,1,2023-10-14
WAP-008,1,2023-10-15
WAP-008,4,2023-10-16
WAP-008,1,2023-10-17
WAP-008,4,2023-10-18
WAP-008,4,2023-10-19
WAP-008,1,2023-10-20
WAP-008,3,2023-10-21
WAP-008,4,2023-10-22
WAP-008,1,2023-10-23
WAP-008,3,2023-10-24
WAP-008,1,2023-10-25
WAP-008,2,2023-10-27
WAP-008,3,2023-10-28
WAP-008,2,2023-10-29
WAP-008,1,2023-10-30
WAP-008,4,2023-10-31
WAP-008,1,2023-11-01
WAP-008,2,2023-11-02
WAP-008,5,2023-11-03
WAP-008,3,2023-11-04
WAP-008,3,2023-11-05
WAP-008,3,2023-11-06
WAP-008,1,2023-11-07
WAP-008,3,2023-11-08
WAP-008,6,2023-11-09
WAP-008,2,2023-11-10
WAP-008,1,2023-11-11
WAP-008,2,2023-11-12
WAP-008,5,2023-11-13
WAP-008,1,2023-11-14
WAP-008,1,2023-11-16
WAP-008,1,2023-11-17
WAP-008,2,2023-11-19
WAP-008,1,2023-11-20
WAP-008,4,2023-11-21
WAP-008,3,2023-11-22
WAP-008,3,2023-11-23
WAP-008,2,2023-11-24
WAP-008,1,2023-11-26
WAP-008,1,2023-11-27
WAP-008,3,2023-11-28
WAP-008,1,2023-11-29
WAP-008,2,2023-12-02
WAP-008,1,2023-12-03
WAP-008,1,2023-12-04
WAP-008,4,2023-12-05
WAP-008,1,2023-12-07
WAP-008,2,2023-12-08
WAP-008,4,2023-12-10
WAP-008,2,2023-12-11
WAP-008,4,2023-12-13
WAP-008,2,2023-12-14
WAP-008,5,2023-12-15
WAP-008,4,2023-12-16
WAP-008,1,2023-12-18
WAP-008,2,2023-12-19
WAP-008,2,2023-12-20
WAP-008,3,2023-12-21
WAP-008,2,2023-12-22
WAP-008,3,2023-12-23
WAP-008,1,2023-12-24
WAP-008,3,2023-12-25
WAP-008,2,2023-12-26
WAP-008,2,2023-12-28
WAP-008,1,2023-12-29
WAP-008,1,2023-12-30
WAP-008,2,2023-12-31
WAP-008,3,2024-01-01
WAP-008,2,2024-01-02
WAP-008,2,2024-01-03
WAP-008,1,2024-01-04
WAP-008,1,2024-01-05
WAP-008,4,2024-01-06
WAP-008,2,2024-01-07
WAP-008,1,2024-01-08
WAP-008,1,2024-01-09
WAP-008,3,2024-01-10
WAP-008,6,2024-01-11
WAP-008,3,2024-01-12
WAP-008,2,2024-01-13
WAP-008,2,2024-01-14
WAP-008,1,2024-01-16
WAP-008,1,2024-01-17
WAP-008,5,2024-01-18
WAP-008,2,2024-01-19
WAP-008,1,2024-01-20
WAP-008,1,2024-01-21
WAP-008,3,2024-01-22
WAP-008,3,2024-01-23
WAP-008,1,2024-01-24
WAP-008,1,2024-01-26
WAP-008,2,2024-01-27
WAP-008,2,2024-01-28
WAP-008,2,2024-01-29
WAP-008,4,2024-02-01
WAP-008,3,2024-02-02
WAP-008,2,2024-02-03
WAP-008,2,2024-02-04
WAP-008,4,2024-02-05
WAP-008,1,2024-02-07
WAP-008,3,2024-02-08
WAP-008,3,2024-02-09
WAP-008,1,2024-02-10
WAP-008,1,2024-02-11
WAP-008,2,2024-02-12
WAP-008,1,2024-02-13
WAP-008,3,2024-02-14
WAP-008,2,2024-02-15
WAP-008,1,2024-02-16
WAP-008,1,2024-02-17
WAP-008,4,2024-02-18
WAP-008,1,2024-02-19
WAP-008,2,2024-02-20
WAP-008,3,2024-02-21
WAP-008,3,2024-02-22
WAP-008,1,2024-02-23
WAP-008,3,2024-02-25
WAP-008,1,2024-02-26
WAP-008,4,2024-02-27
WAP-008,2,2024-02-29
WAP-008,4,2024-03-01
WAP-008,3,2024-03-02
WAP-008,1,2024-03-03
WAP-008,1,2024-03-04
WAP-008,3,2024-03-05
WAP-008,2,2024-03-06
WAP-008,2,2024-03-08
WAP-008,5,2024-03-09
WAP-008,3,2024-03-10
WAP-008,3,2024-03-13
WAP-008,4,2024-03-14
WAP-008,1,2024-03-16
WAP-008,6,2024-03-17
WAP-008,4,2024-03-18
WAP-008,6,2024-03-19
WAP-008,1,2024-03-20
WAP-008,2,2024-03-22
WAP-008,2,2024-03-24
WAP-008,3,2024-03-25
WAP-008,1,2024-03-26
WAP-008,2,2024-03-27
WAP-008,3,2024-03-28
WAP-008,3,2024-03-29
WAP-008,4,2024-03-30
WAP-008,3,2024-03-31
WAP-008,4,2024-04-01
WAP-008,1,2024-04-02
WAP-008,3,2024-04-04
WAP-008,4,2024-04-06
WAP-008,1,2024-04-07
WAP-008,1,2024-04-08
WAP-008,1,2024-04-10
WAP-008,2,2024-04-11
WAP-008,1,2024-04-12
WAP-008,1,2024-04-13
WAP-008,2,2024-04-14
WAP-008,1,2024-04-16
WAP-008,3,2024-04-17
WAP-008,1,2024-04-18
WAP-008,2,2024-04-19
WAP-008,4,2024-04-20
WAP-008,3,2024-04-21
WAP-008,2,2024-04-22
WAP-008,2,2024-04-23
WAP-008,4,2024-04-24
WAP-008,1,2024-04-25
WAP-008,1,2024-04-26
WAP-008,3,2024-04-27
WAP-008,1,2024-04-28
WAP-008,1,2024-04-29
WAP-008,1,2024-04-30
WAP-008,6,2024-05-01
WAP-008,1,2024-05-03
WAP-008,1,2024-05-04
WAP-008,4,2024-05-05
WAP-008,2,2024-05-06
WAP-008,2,2024-05-07
WAP-008,2,2024-05-08
WAP-008,1,2024-05-09
WAP-008,2,2024-05-10
WAP-008,1,2024-05-11
WAP-008,2,2024-05-12
WAP-008,2,2024-05-13
WAP-008,1,2024-05-14
WAP-008,4,2024-05-15
WAP-008,1,2024-05-16
WAP-008,5,2024-05-17
WAP-008,3,2024-05-18
WAP-008,2,2024-05-19
WAP-008,2,2024-05-20
WAP-008,5,2024-05-21
WAP-008,1,2024-05-22
WAP-008,2,2024-05-23
WAP-008,5,2024-05-24
WAP-008,3,2024-05-26
WAP-008,3,2024-05-27
WAP-008,1,2024-05-30
WAP-008,1,2024-05-31
WAP-008,3,2024-06-01
WAP-008,2,2024-06-02
WAP-008,3,2024-06-03
WAP-008,3,2024-06-04
WAP-008,2,2024-06-05
WAP-008,3,2024-06-06
WAP-008,2,2024-06-07
WAP-008,2,2024-06-08
WAP-008,4,2024-06-10
WAP-008,3,2024-06-11
WAP-008,1,2024-06-12
WAP-008,1,2024-06-13
WAP-008,2,2024-06-14
WAP-008,1,2024-06-15
WAP-008,1,2024-06-16
WAP-008,4,2024-06-17
WAP-008,3,2024-06-18
WAP-008,4,2024-06-19
WAP-008,6,2024-06-20
WAP-008,1,2024-06-21
WAP-008,2,2024-06-22
WAP-008,2,2024-06-23
WAP-008,1,2024-06-24
WAP-008,1,2024-06-25
WAP-008,3,2024-06-26
WAP-008,1,2024-06-27
WAP-008,4,2024-06-28
WAP-008,4,2024-06-29
WAP-008,1,2024-06-30
WAP-008,2,2024-07-01
WAP-008,1,2024-07-02
WAP-008,2,2024-07-04
WAP-008,1,2024-07-05
WAP-008,4,2024-07-06
WAP-008,5,2024-07-07
WAP-008,1,2024-07-08
WAP-008,1,2024-07-09
WAP-008,3,2024-07-11
WAP-008,1,2024-07-13
WAP-008,2,2024-07-14
WAP-008,5,2024-07-16
WAP-008,4,2024-07-17
WAP-008,3,2024-07-18
WAP-008,2,2024-07-20
WAP-008,2,2024-07-21
WAP-008,3,2024-07-22
WAP-008,2,2024-07-23
WAP-008,2,2024-07-24
WAP-008,1,2024-07-25
WAP-008,5,2024-07-26
WAP-008,4,2024-07-27
WAP-008,2,2024-07-29
WAP-008,2,2024-07-30
WAP-008,1,2024-07-31
WAP-008,2,2024-08-01
WAP-008,2,2024-08-02
WAP-008,3,2024-08-03
WAP-008,3,2024-08-04
WAP-008,2,2024-08-05
WAP-008,1,2024-08-06
WAP-008,3,2024-08-07
WAP-008,1,2024-08-08
WAP-008,4,2024-08-09
WAP-008,1,2024-08-10
WAP-008,1,2024-08-11
WAP-008,4,2024-08-12
WAP-008,4,2024-08-13
WAP-008,1,2024-08-14
WAP-008,3,2024-08-15
WAP-008,6,2024-08-16
WAP-008,2,2024-08-19
WAP-008,1,2024-08-20
WAP-008,2,2024-08-22
WAP-008,1,2024-08-23
WAP-008,1,2024-08-24
WAP-008,1,2024-08-25
WAP-008,2,2024-08-26
WAP-008,4,2024-08-27
WAP-008,1,2024-08-28
WAP-008,1,2024-08-29
WAP-008,3,2024-08-30
WAP-008,1,2024-08-31
WAP-008,1,2024-09-01
WAP-008,1,2024-09-03
WAP-008,3,2024-09-04
WAP-008,1,2024-09-06
WAP-008,1,2024-09-10
WAP-008,6,2024-09-11
WAP-008,2,2024-09-12
WAP-008,1,2024-09-13
WAP-008,3,2024-09-14
WAP-008,1,2024-09-15
WAP-008,1,2024-09-16
WAP-008,3,2024-09-18
WAP-008,1,2024-09-19
WAP-008,3,2024-09-20
WAP-008,4,2024-09-21
WAP-008,3,2024-09-22
WAP-008,2,2024-09-23
WAP-008,1,2024-09-24
WAP-008,1,2024-09-25
WAP-008,2,2024-09-26
WAP-008,2,2024-09-28
WAP-008,1,2024-09-29
WAP-008,3,2024-09-30
WAP-008,1,2024-10-01
WAP-008,2,2024-10-02
WAP-008,3,2024-10-03
WAP-008,2,2024-10-04
WAP-008,2,2024-10-05
WAP-008,2,2024-10-06
WAP-008,2,2024-10-07
WAP-008,3,2024-10-08
WAP-008,3,2024-10-09
WAP-008,1,2024-10-11
WAP-008,1,2024-10-12
WAP-008,2,2024-10-13
WAP-008,2,2024-10-14
WAP-008,1,2024-10-15
WAP-008,2,2024-10-16
WAP-008,1,2024-10-17
WAP-008,3,2024-10-18
WAP-008,2,2024-10-19
WAP-008,3,2024-10-20
WAP-008,1,2024-10-21
WAP-008,1,2024-10-22
WAP-008,2,2024-10-23
WAP-008,2,2024-10-25
WAP-008,2,2024-10-26
WAP-008,1,2024-10-27
WAP-008,2,2024-10-28
WAP-008,1,2024-10-29
WAP-008,3,2024-10-30
WAP-008,1,2024-11-01
WAP-008,1,2024-11-02
WAP-008,2,2024-11-04
WAP-008,3,2024-11-06
WAP-008,4,2024-11-07
WAP-008,3,2024-11-08
WAP-008,4,2024-11-09
WAP-008,4,2024-11-11
WAP-008,1,2024-11-12
WAP-008,1,2024-11-13
WAP-008,2,2024-11-14
WAP-008,2,2024-11-16
WAP-008,4,2024-11-17
WAP-008,1,2024-11-18
WAP-008,4,2024-11-19
WAP-008,1,2024-11-20
WAP-008,2,2024-11-21
WAP-008,2,2024-11-22
WAP-008,1,2024-11-24
WAP-008,2,2024-11-25
WAP-008,2,2024-11-26
WAP-008,1,2024-11-28
WAP-008,2,2024-11-29
WAP-008,2,2024-11-30
WAP-008,2,2024-12-01
WAP-008,2,2024-12-02
WAP-008,3,2024-12-03
WAP-008,2,2024-12-04
WAP-008,2,2024-12-05
WAP-008,2,2024-12-06
WAP-008,1,2024-12-07
WAP-008,3,2024-12-08
WAP-008,3,2024-12-09
WAP-008,2,2024-12-10
WAP-008,3,2024-12-11
WAP-008,2,2024-12-12
WAP-008,2,2024-12-13
WAP-008,2,2024-12-14
WAP-008,1,2024-12-15
WAP-008,3,2024-12-16
WAP-008,3,2024-12-17
WAP-008,2,2024-12-19
WAP-008,5,2024-12-20
WAP-008,6,2024-12-21
WAP-008,5,2024-12-22
WAP-008,1,2024-12-23
WAP-008,1,2024-12-24
WAP-008,2,2024-12-25
WAP-008,1,2024-12-26
WAP-008,1,2024-12-27
WAP-008,3,2024-12-28
WAP-008,3,2024-12-29
WAP-008,1,2024-12-30
WAP-008,2,2024-12-31
WAP-008,5,2025-01-01
WAP-008,4,2025-01-02
WAP-008,4,2025-01-03
WAP-008,4,2025-01-04
WAP-008,2,2025-01-05
WAP-008,4,2025-01-06
WAP-008,1,2025-01-07
WAP-008,4,2025-01-08
WAP-008,4,2025-01-09
WAP-008,2,2025-01-10
WAP-008,3,2025-01-11
WAP-008,3,2025-01-12
WAP-008,2,2025-01-13
WAP-008,1,2025-01-15
WAP-008,3,2025-01-16
WAP-008,1,2025-01-17
WAP-008,1,2025-01-18
WAP-008,8,2025-01-19
WAP-008,3,2025-01-21
WAP-008,1,2025-01-22
WAP-008,6,2025-01-23
WAP-008,1,2025-01-25
WAP-008,3,2025-01-26
WAP-008,1,2025-01-27
WAP-008,3,2025-01-28
WAP-008,3,2025-01-29
WAP-008,3,2025-01-30
WAP-008,3,2025-01-31
WAP-008,2,2025-02-01
WAP-008,1,2025-02-02
WAP-008,3,2025-02-03
WAP-008,2,2025-02-04
WAP-008,3,2025-02-05
WAP-008,2,2025-02-06
WAP-008,1,2025-02-07
WAP-008,3,2025-02-08
WAP-008,2,2025-02-10
WAP-008,2,2025-02-11
WAP-008,1,2025-02-12
WAP-008,6,2025-02-13
WAP-008,3,2025-02-14
WAP-008,3,2025-02-16
WAP-008,3,2025-02-17
WAP-008,1,2025-02-18
WAP-008,2,2025-02-19
WAP-008,1,2025-02-20
WAP-008,2,2025-02-21
WAP-008,2,2025-02-22
WAP-008,2,2025-02-23
WAP-008,3,2025-02-24
WAP-008,2,2025-02-25
WAP-008,5,2025-02-26
WAP-008,2,2025-02-27
WAP-008,2,2025-02-28
WAP-008,5,2025-03-01
WAP-008,2,2025-03-03
WAP-008,2,2025-03-04
WAP-008,3,2025-03-05
WAP-008,3,2025-03-06
WAP-008,2,2025-03-07
WAP-008,2,2025-03-08
WAP-008,1,2025-03-09
WAP-008,1,2025-03-10
WAP-008,3,2025-03-11
WAP-008,1,2025-03-12
WAP-008,1,2025-03-13
WAP-008,2,2025-03-14
WAP-008,2,2025-03-15
WAP-008,5,2025-03-16
WAP-008,2,2025-03-17
WAP-008,3,2025-03-18
WAP-008,1,2025-03-19
WAP-008,3,2025-03-20
WAP-008,2,2025-03-21
WAP-008,3,2025-03-22
WAP-008,2,2025-03-23
WAP-008,1,2025-03-24
WAP-008,2,2025-03-25
WAP-008,2,2025-03-26
WAP-008,1,2025-03-27
WAP-008,5,2025-03-28
WAP-008,1,2025-03-29
WAP-008,2,2025-03-31
WAP-008,1,2025-04-02
WAP-008,1,2025-04-04
WAP-008,3,2025-04-05
WAP-008,3,2025-04-06
WAP-008,2,2025-04-07
WAP-008,2,2025-04-09
WAP-008,3,2025-04-10
WAP-008,5,2025-04-11
WAP-008,2,2025-04-12
WAP-008,1,2025-04-13
WAP-008,3,2025-04-14
WAP-008,2,2025-04-15
WAP-008,3,2025-04-16
WAP-008,2,2025-04-17
WAP-008,2,2025-04-18
WAP-008,2,2025-04-19
WAP-008,4,2025-04-20
WAP-008,2,2025-04-21
WAP-008,1,2025-04-22
WAP-008,3,2025-04-23
WAP-008,3,2025-04-24
WAP-008,2,2025-04-25
WAP-008,2,2025-04-26
WAP-008,2,2025-04-27
WAP-008,3,2025-04-28
WAP-008,2,2025-04-29
WAP-008,3,2025-04-30
WAP-008,3,2025-05-01
WAP-008,3,2025-05-02
WAP-008,1,2025-05-03
WAP-008,3,2025-05-04
WAP-008,4,2025-05-05
WAP-008,2,2025-05-06
WAP-008,2,2025-05-07
WAP-008,3,2025-05-08
WAP-008,2,2025-05-09
WAP-008,4,2025-05-10
WAP-008,2,2025-05-11
WAP-008,5,2025-05-13
WAP-008,2,2025-05-14
WAP-008,2,2025-05-16
WAP-008,4,2025-05-17
WAP-008,1,2025-05-18
WAP-008,3,2025-05-19
WAP-008,5,2025-05-20
WAP-008,3,2025-05-21
WAP-008,4,2025-05-22
WAP-008,3,2025-05-24
WAP-008,3,2025-05-25
WAP-008,5,2025-05-26
WAP-008,2,2025-05-27
WAP-008,2,2025-05-28
WAP-008,2,2025-05-29
WAP-008,3,2025-05-30
WAP-008,2,2025-05-31
WAP-008,1,2025-06-01
WAP-008,1,2025-06-02
WAP-008,1,2025-06-03
WAP-008,1,2025-06-05
WAP-008,8,2025-06-06
WAP-008,1,2025-06-07
WAP-008,2,2025-06-08
WAP-008,1,2025-06-09
WAP-008,1,2025-06-10
WAP-008,5,2025-06-11
WAP-008,3,2025-06-12
WAP-008,1,2025-06-13
WAP-008,3,2025-06-14
WAP-008,4,2025-06-16
WAP-008,1,2025-06-18
WAP-008,2,2025-06-19
WAP-008,4,2025-06-20
WAP-008,2,2025-06-22
WAP-008,1,2025-06-23
WAP-008,2,2025-06-24
WAP-008,2,2025-06-25
WAP-008,3,2025-06-26
WAP-008,1,2025-06-27
WAP-008,2,2025-06-28
WAP-008,2,2025-06-29
WAP-008,1,2025-07-01
WAP-008,1,2025-07-02
WAP-008,6,2025-07-03
WAP-008,1,2025-07-04
WAP-008,2,2025-07-05
WAP-008,5,2025-07-06
WAP-008,2,2025-07-07
WAP-008,1,2025-07-10
WAP-008,1,2025-07-11
WAP-008,2,2025-07-12
WAP-008,1,2025-07-15
WAP-008,3,2025-07-16
WAP-008,2,2025-07-17
WAP-008,6,2025-07-18
WAP-008,2,2025-07-19
WAP-008,2,2025-07-20
WAP-008,4,2025-07-21
WAP-008,3,2025-07-22
WAP-008,2,2025-07-23
WAP-008,1,2025-07-24
WAP-008,1,2025-07-25
WAP-008,3,2025-07-26
WAP-008,2,2025-07-27
WAP-008,2,2025-07-28
WAP-008,2,2025-07-29
WAP-008,4,2025-07-30
WAP-008,2,2025-07-31
WAP-008,5,2025-08-01
WAP-008,2,2025-08-03
WAP-008,2,2025-08-05
WAP-008,1,2025-08-06
WAP-008,1,2025-08-07
WAP-008,2,2025-08-08
WAP-008,3,2025-08-10
WAP-008,1,2025-08-11
WAP-008,3,2025-08-13
WAP-008,1,2025-08-14
WAP-008,1,2025-08-15
WAP-008,2,2025-08-16
WAP-008,4,2025-08-17
WAP-008,2,2025-08-18
WAP-008,2,2025-08-19
WAP-008,2,2025-08-20
WAP-008,4,2025-08-21
WAP-008,2,2025-08-22
WAP-008,1,2025-08-23
WAP-008,1,2025-08-24
WAP-008,1,2025-08-25
WAP-008,4,2025-08-27
WAP-008,4,2025-08-28
WAP-008,3,2025-08-29
WAP-008,2,2025-08-30
WAP-008,1,2025-08-31
WAP-008,5,2025-09-01
WAP-008,1,2025-09-02
WAP-008,1,2025-09-03
WAP-008,2,2025-09-04
WAP-008,4,2025-09-05
WAP-008,5,2025-09-07
WAP-008,2,2025-09-08
WAP-008,1,2025-09-09
WAP-008,2,2025-09-10
WAP-008,2,2025-09-11
WAP-008,2,2025-09-12
WAP-008,1,2025-09-13
WAP-008,1,2025-09-14
WAP-008,4,2025-09-15
WAP-008,1,2025-09-16
WAP-008,3,2025-09-17
WAP-008,2,2025-09-18
WAP-008,2,2025-09-19
WAP-008,2,2025-09-20
WAP-008,3,2025-09-21
WAP-008,1,2025-09-22
WAP-008,4,2025-09-24
WAP-008,4,2025-09-25
WAP-008,2,2025-09-26
WAP-008,3,2025-09-28
WAP-008,2,2025-09-29
WAP-008,3,2025-09-30
WAP-008,1,2025-10-01
WAP-008,3,2025-10-02
WAP-008,1,2025-10-03
WAP-008,4,2025-10-05
WAP-008,4,2025-10-06
WAP-008,3,2025-10-07
WAP-008,2,2025-10-08
WAP-008,1,2025-10-10
WAP-008,2,2025-10-12
WAP-008,6,2025-10-13
WAP-008,4,2025-10-14
WAP-008,2,2025-10-15
WAP-008,2,2025-10-16
WAP-008,2,2025-10-17
WAP-008,1,2025-10-18
WAP-008,3,2025-10-19
WAP-008,3,2025-10-20
WAP-008,1,2025-10-21
WAP-008,5,2025-10-23
WAP-008,1,2025-10-24
WAP-008,2,2025-10-27
WAP-008,2,2025-10-29
WAP-008,2,2025-10-31
WAP-008,3,2025-11-01
WAP-008,1,2025-11-02
WAP-008,1,2025-11-03
WAP-008,2,2025-11-04
WAP-008,1,2025-11-05
WAP-008,2,2025-11-06
WAP-008,4,2025-11-08
WAP-008,1,2025-11-09
WAP-008,1,2025-11-10
WAP-008,5,2025-11-11
WAP-008,2,2025-11-12
WAP-008,2,2025-11-13
WAP-008,1,2025-11-14
WAP-008,1,2025-11-15
WAP-008,3,2025-11-16
WAP-008,2,2025-11-17
WAP-008,1,2025-11-18
WAP-008,1,2025-11-19
WAP-008,4,2025-11-20
WAP-008,1,2025-11-21
WAP-008,4,2025-11-22
WAP-008,6,2025-11-23
WAP-008,3,2025-11-25
WAP-008,1,2025-11-26
WAP-008,3,2025-11-27
WAP-008,1,2025-11-29
WAP-008,3,2025-11-30
WAP-008,1,2025-12-01
WAP-008,1,2025-12-02
WAP-008,1,2025-12-04
WAP-008,2,2025-12-05
WAP-008,1,2025-12-06
WAP-008,2,2025-12-07
WAP-008,5,2025-12-08
WAP-008,1,2025-12-09
WAP-008,1,2025-12-10
WAP-008,4,2025-12-12
WAP-008,2,2025-12-13
WAP-008,4,2025-12-14
WAP-008,1,2025-12-15
WAP-008,3,2025-12-16
WAP-008,2,2025-12-17
WAP-008,2,2025-12-18
WAP-008,2,2025-12-20
WAP-008,1,2025-12-21
WAP-008,3,2025-12-22
WAP-008,1,2025-12-23
WAP-008,2,2025-12-24
WAP-008,2,2025-12-25
WAP-008,1,2025-12-26
WAP-008,3,2025-12-27
WAP-008,3,2025-12-28
WAP-008,4,2025-12-29
WAP-008,1,2025-12-30
WAP-008,2,2026-01-01
WAP-008,2,2026-01-02
WAP-008,4,2026-01-03
WAP-008,1,2026-01-04
WAP-008,2,2026-01-05
WAP-008,1,2026-01-06
WAP-008,2,2026-01-07
WAP-008,3,2026-01-08
WAP-008,1,2026-01-09
WAP-008,2,2026-01-10
WAP-008,1,2026-01-12
WAP-008,2,2026-01-13
WAP-008,2,2026-01-15
WAP-008,2,2026-01-16
WAP-008,3,2026-01-18
WAP-008,6,2026-01-19
WAP-008,1,2026-01-21
WAP-008,5,2026-01-22
WAP-008,1,2026-01-23
WAP-008,2,2026-01-24
WAP-008,4,2026-01-25
HUB-009,7,2023-01-26
HUB-009,3,2023-01-27
HUB-009,12,2023-01-28
HUB-009,8,2023-01-29
HUB-009,8,2023-01-30
HUB-009,3,2023-01-31
HUB-009,8,2023-02-01
HUB-009,6,2023-02-02
HUB-009,8,2023-02-03
HUB-009,9,2023-02-04
HUB-009,9,2023-02-05
HUB-009,10,2023-02-06
HUB-009,10,2023-02-07
HUB-009,8,2023-02-08
HUB-009,12,2023-02-09
HUB-009,5,2023-02-10
HUB-009,4,2023-02-11
HUB-009,5,2023-02-12
HUB-009,7,2023-02-13
HUB-009,10,2023-02-14
HUB-009,10,2023-02-15
HUB-009,10,2023-02-16
HUB-009,7,2023-02-17
HUB-009,7,2023-02-18
HUB-009,3,2023-02-19
HUB-009,4,2023-02-20
HUB-009,2,2023-02-21
HUB-009,7,2023-02-22
HUB-009,6,2023-02-23
HUB-009,7,2023-02-24
HUB-009,9,2023-02-25
HUB-009,8,2023-02-26
HUB-009,9,2023-02-27
HUB-009,7,2023-02-28
HUB-009,4,2023-03-01
HUB-009,6,2023-03-02
HUB-009,9,2023-03-03
HUB-009,4,2023-03-04
HUB-009,6,2023-03-05
HUB-009,7,2023-03-06
HUB-009,9,2023-03-07
HUB-009,8,2023-03-08
HUB-009,5,2023-03-09
HUB-009,7,2023-03-10
HUB-009,11,2023-03-11
HUB-009,9,2023-03-12
HUB-009,6,2023-03-13
HUB-009,2,2023-03-14
HUB-009,3,2023-03-15
HUB-009,14,2023-03-16
HUB-009,11,2023-03-17
HUB-009,7,2023-03-18
HUB-009,11,2023-03-19
HUB-009,8,2023-03-20
HUB-009,14,2023-03-21
HUB-009,11,2023-03-22
HUB-009,4,2023-03-23
HUB-009,5,2023-03-24
HUB-009,10,2023-03-25
HUB-009,8,2023-03-26
HUB-009,12,2023-03-27
HUB-009,6,2023-03-28
HUB-009,14,2023-03-29
HUB-009,2,2023-03-30
HUB-009,8,2023-03-31
HUB-009,11,2023-04-01
HUB-009,13,2023-04-02
HUB-009,4,2023-04-03
HUB-009,12,2023-04-04
HUB-009,10,2023-04-05
HUB-009,13,2023-04-06
HUB-009,7,2023-04-07
HUB-009,4,2023-04-08
HUB-009,5,2023-04-09
HUB-009,9,2023-04-10
HUB-009,5,2023-04-11
HUB-009,9,2023-04-12
HUB-009,7,2023-04-13
HUB-009,7,2023-04-14
HUB-009,5,2023-04-15
HUB-009,5,2023-04-16
HUB-009,6,2023-04-17
HUB-009,5,2023-04-18
HUB-009,8,2023-04-19
HUB-009,3,2023-04-20
HUB-009,16,2023-04-21
HUB-009,10,2023-04-22
HUB-009,11,2023-04-23
HUB-009,13,2023-04-24
HUB-009,7,2023-04-25
HUB-009,9,2023-04-26
HUB-009,7,2023-04-27
HUB-009,8,2023-04-28
HUB-009,6,2023-04-29
HUB-009,11,2023-04-30
HUB-009,8,2023-05-01
HUB-009,7,2023-05-02
HUB-009,5,2023-05-03
HUB-009,11,2023-05-04
HUB-009,10,2023-05-05
HUB-009,9,2023-05-06
HUB-009,9,2023-05-07
HUB-009,12,2023-05-08
HUB-009,11,2023-05-09
HUB-009,10,2023-05-10
HUB-009,13,2023-05-11
HUB-009,8,2023-05-12
HUB-009,11,2023-05-13
HUB-009,10,2023-05-14
HUB-009,2,2023-05-15
HUB-009,7,2023-05-16
HUB-009,8,2023-05-17
HUB-009,9,2023-05-18
HUB-009,9,2023-05-19
HUB-009,6,2023-05-20
HUB-009,10,2023-05-21
HUB-009,12,2023-05-22
HUB-009,12,2023-05-23
HUB-009,9,2023-05-24
HUB-009,6,2023-05-25
HUB-009,9,2023-05-26
HUB-009,10,2023-05-27
HUB-009,9,2023-05-28
HUB-009,7,2023-05-29
HUB-009,12,2023-05-30
HUB-009,9,2023-05-31
HUB-009,12,2023-06-01
HUB-009,6,2023-06-02
HUB-009,4,2023-06-03
HUB-009,12,2023-06-04
HUB-009,7,2023-06-05
HUB-009,4,2023-06-06
HUB-009,6,2023-06-07
HUB-009,8,2023-06-08
HUB-009,6,2023-06-09
HUB-009,6,2023-06-10
HUB-009,8,2023-06-11
HUB-009,12,2023-06-12
HUB-009,5,2023-06-13
HUB-009,5,2023-06-14
HUB-009,11,2023-06-15
HUB-009,6,2023-06-16
HUB-009,12,2023-06-17
HUB-009,11,2023-06-18
HUB-009,11,2023-06-19
HUB-009,5,2023-06-20
HUB-009,7,2023-06-21
HUB-009,10,2023-06-22
HUB-009,9,2023-06-23
HUB-009,4,2023-06-24
HUB-009,7,2023-06-25
HUB-009,5,2023-06-26
HUB-009,7,2023-06-27
HUB-009,13,2023-06-28
HUB-009,8,2023-06-29
HUB-009,10,2023-06-30
HUB-009,11,2023-07-01
HUB-009,7,2023-07-02
HUB-009,8,2023-07-03
HUB-009,9,2023-07-04
HUB-009,10,2023-07-05
HUB-009,11,2023-07-06
HUB-009,6,2023-07-07
HUB-009,7,2023-07-08
HUB-009,7,2023-07-09
HUB-009,5,2023-07-10
HUB-009,8,2023-07-11
HUB-009,9,2023-07-12
HUB-009,14,2023-07-13
HUB-009,11,2023-07-14
HUB-009,9,2023-07-15
HUB-009,8,2023-07-16
HUB-009,10,2023-07-17
HUB-009,9,2023-07-18
HUB-009,8,2023-07-19
HUB-009,8,2023-07-20
HUB-009,5,2023-07-21
HUB-009,11,2023-07-22
HUB-009,8,2023-07-23
HUB-009,11,2023-07-24
HUB-009,13,2023-07-25
HUB-009,5,2023-07-26
HUB-009,3,2023-07-27
HUB-009,10,2023-07-28
HUB-009,9,2023-07-29
HUB-009,11,2023-07-30
HUB-009,10,2023-07-31
HUB-009,4,2023-08-01
HUB-009,6,2023-08-02
HUB-009,9,2023-08-03
HUB-009,7,2023-08-04
HUB-009,7,2023-08-05
HUB-009,13,2023-08-06
HUB-009,8,2023-08-07
HUB-009,7,2023-08-08
HUB-009,8,2023-08-09
HUB-009,11,2023-08-10
HUB-009,10,2023-08-11
HUB-009,7,2023-08-12
HUB-009,6,2023-08-13
HUB-009,5,2023-08-14
HUB-009,7,2023-08-15
HUB-009,5,2023-08-16
HUB-009,7,2023-08-17
HUB-009,9,2023-08-18
HUB-009,5,2023-08-19
HUB-009,9,2023-08-20
HUB-009,6,2023-08-21
HUB-009,9,2023-08-22
HUB-009,9,2023-08-23
HUB-009,6,2023-08-24
HUB-009,5,2023-08-25
HUB-009,8,2023-08-26
HUB-009,10,2023-08-27
HUB-009,7,2023-08-28
HUB-009,8,2023-08-29
HUB-009,7,2023-08-30
HUB-009,6,2023-08-31
HUB-009,11,2023-09-01
HUB-009,6,2023-09-02
HUB-009,8,2023-09-03
HUB-009,10,2023-09-04
HUB-009,6,2023-09-05
HUB-009,6,2023-09-06
HUB-009,7,2023-09-07
HUB-009,13,2023-09-08
HUB-009,6,2023-09-09
HUB-009,9,2023-09-10
HUB-009,9,2023-09-11
HUB-009,7,2023-09-12
HUB-009,12,2023-09-13
HUB-009,5,2023-09-14
HUB-009,9,2023-09-15
HUB-009,5,2023-09-16
HUB-009,9,2023-09-17
HUB-009,8,2023-09-18
HUB-009,11,2023-09-19
HUB-009,6,2023-09-20
HUB-009,12,2023-09-21
HUB-009,6,2023-09-22
HUB-009,7,2023-09-23
HUB-009,10,2023-09-24
HUB-009,1,2023-09-25
HUB-009,8,2023-09-26
HUB-009,5,2023-09-27
HUB-009,13,2023-09-28
HUB-009,9,2023-09-29
HUB-009,10,2023-09-30
HUB-009,10,2023-10-01
HUB-009,2,2023-10-02
HUB-009,7,2023-10-03
HUB-009,4,2023-10-04
HUB-009,15,2023-10-05
HUB-009,8,2023-10-06
HUB-009,12,2023-10-07
HUB-009,7,2023-10-08
HUB-009,13,2023-10-09
HUB-009,10,2023-10-10
HUB-009,9,2023-10-11
HUB-009,12,2023-10-12
HUB-009,11,2023-10-13
HUB-009,11,2023-10-14
HUB-009,8,2023-10-15
HUB-009,9,2023-10-16
HUB-009,9,2023-10-17
HUB-009,6,2023-10-18
HUB-009,8,2023-10-19
HUB-009,11,2023-10-20
HUB-009,8,2023-10-21
HUB-009,5,2023-10-22
HUB-009,7,2023-10-23
HUB-009,7,2023-10-24
HUB-009,12,2023-10-25
HUB-009,5,2023-10-26
HUB-009,10,2023-10-27
HUB-009,9,2023-10-28
HUB-009,14,2023-10-29
HUB-009,9,2023-10-30
HUB-009,5,2023-10-31
HUB-009,5,2023-11-01
HUB-009,10,2023-11-02
HUB-009,8,2023-11-03
HUB-009,5,2023-11-04
HUB-009,12,2023-11-05
HUB-009,9,2023-11-06
HUB-009,4,2023-11-07
HUB-009,6,2023-11-08
HUB-009,9,2023-11-09
HUB-009,10,2023-11-10
HUB-009,11,2023-11-11
HUB-009,6,2023-11-12
HUB-009,4,2023-11-13
HUB-009,3,2023-11-14
HUB-009,9,2023-11-15
HUB-009,9,2023-11-16
HUB-009,7,2023-11-17
HUB-009,4,2023-11-18
HUB-009,8,2023-11-19
HUB-009,9,2023-11-20
HUB-009,8,2023-11-21
HUB-009,8,2023-11-22
HUB-009,5,2023-11-23
HUB-009,5,2023-11-24
HUB-009,10,2023-11-25
HUB-009,7,2023-11-26
HUB-009,9,2023-11-27
HUB-009,2,2023-11-28
HUB-009,5,2023-11-29
HUB-009,4,2023-11-30
HUB-009,7,2023-12-01
HUB-009,11,2023-12-02
HUB-009,7,2023-12-03
HUB-009,7,2023-12-04
HUB-009,3,2023-12-05
HUB-009,12,2023-12-06
HUB-009,10,2023-12-07
HUB-009,10,2023-12-08
HUB-009,4,2023-12-09
HUB-009,8,2023-12-10
HUB-009,6,2023-12-11
HUB-009,10,2023-12-12
HUB-009,14,2023-12-13
HUB-009,6,2023-12-14
HUB-009,4,2023-12-15
HUB-009,9,2023-12-16
HUB-009,5,2023-12-17
HUB-009,8,2023-12-18
HUB-009,9,2023-12-19
HUB-009,7,2023-12-20
HUB-009,6,2023-12-21
HUB-009,9,2023-12-22
HUB-009,17,2023-12-23
HUB-009,7,2023-12-24
HUB-009,10,2023-12-25
HUB-009,3,2023-12-26
HUB-009,12,2023-12-27
HUB-009,7,2023-12-28
HUB-009,8,2023-12-29
HUB-009,10,2023-12-30
HUB-009,9,2023-12-31
HUB-009,2,2024-01-01
HUB-009,10,2024-01-02
HUB-009,7,2024-01-03
HUB-009,9,2024-01-04
HUB-009,12,2024-01-05
HUB-009,8,2024-01-06
HUB-009,5,2024-01-07
HUB-009,4,2024-01-08
HUB-009,8,2024-01-09
HUB-009,7,2024-01-10
HUB-009,12,2024-01-11
HUB-009,10,2024-01-12
HUB-009,13,2024-01-13
HUB-009,13,2024-01-14
HUB-009,7,2024-01-15
HUB-009,6,2024-01-16
HUB-009,9,2024-01-17
HUB-009,5,2024-01-18
HUB-009,8,2024-01-19
HUB-009,8,2024-01-20
HUB-009,4,2024-01-21
HUB-009,7,2024-01-22
HUB-009,5,2024-01-23
HUB-009,15,2024-01-24
HUB-009,5,2024-01-25
HUB-009,12,2024-01-26
HUB-009,7,2024-01-27
HUB-009,12,2024-01-28
HUB-009,8,2024-01-29
HUB-009,7,2024-01-30
HUB-009,10,2024-01-31
HUB-009,4,2024-02-01
HUB-009,10,2024-02-02
HUB-009,5,2024-02-03
HUB-009,6,2024-02-04
HUB-009,4,2024-02-05
HUB-009,7,2024-02-06
HUB-009,5,2024-02-07
HUB-009,12,2024-02-08
HUB-009,13,2024-02-09
HUB-009,13,2024-02-10
HUB-009,8,2024-02-11
HUB-009,9,2024-02-12
HUB-009,11,2024-02-13
HUB-009,10,2024-02-14
HUB-009,13,2024-02-15
HUB-009,10,2024-02-16
HUB-009,10,2024-02-17
HUB-009,4,2024-02-18
HUB-009,6,2024-02-19
HUB-009,5,2024-02-20
HUB-009,7,2024-02-21
HUB-009,6,2024-02-22
HUB-009,6,2024-02-23
HUB-009,5,2024-02-24
HUB-009,7,2024-02-25
HUB-009,6,2024-02-26
HUB-009,2,2024-02-27
HUB-009,2,2024-02-28
HUB-009,8,2024-02-29
HUB-009,10,2024-03-01
HUB-009,6,2024-03-02
HUB-009,11,2024-03-03
HUB-009,13,2024-03-04
HUB-009,9,2024-03-05
HUB-009,5,2024-03-06
HUB-009,4,2024-03-07
HUB-009,9,2024-03-08
HUB-009,18,2024-03-09
HUB-009,5,2024-03-10
HUB-009,7,2024-03-11
HUB-009,6,2024-03-12
HUB-009,12,2024-03-13
HUB-009,5,2024-03-14
HUB-009,6,2024-03-15
HUB-009,9,2024-03-16
HUB-009,12,2024-03-17
HUB-009,6,2024-03-18
HUB-009,10,2024-03-19
HUB-009,10,2024-03-20
HUB-009,9,2024-03-21
HUB-009,8,2024-03-22
HUB-009,9,2024-03-23
HUB-009,3,2024-03-24
HUB-009,5,2024-03-25
HUB-009,3,2024-03-26
HUB-009,2,2024-03-27
HUB-009,8,2024-03-28
HUB-009,7,2024-03-29
HUB-009,9,2024-03-30
HUB-009,7,2024-03-31
HUB-009,6,2024-04-01
HUB-009,9,2024-04-02
HUB-009,8,2024-04-03
HUB-009,8,2024-04-04
HUB-009,10,2024-04-05
HUB-009,12,2024-04-06
HUB-009,11,2024-04-07
HUB-009,8,2024-04-08
HUB-009,8,2024-04-09
HUB-009,8,2024-04-10
HUB-009,7,2024-04-11
HUB-009,11,2024-04-12
HUB-009,12,2024-04-13
HUB-009,10,2024-04-14
HUB-009,10,2024-04-15
HUB-009,7,2024-04-16
HUB-009,4,2024-04-17
HUB-009,10,2024-04-18
HUB-009,8,2024-04-19
HUB-009,5,2024-04-20
HUB-009,7,2024-04-21
HUB-009,8,2024-04-22
HUB-009,4,2024-04-23
HUB-009,7,2024-04-24
HUB-009,4,2024-04-25
HUB-009,10,2024-04-26
HUB-009,9,2024-04-27
HUB-009,6,2024-04-28
HUB-009,13,2024-04-29
HUB-009,12,2024-04-30
HUB-009,6,2024-05-01
HUB-009,6,2024-05-02
HUB-009,6,2024-05-03
HUB-009,7,2024-05-04
HUB-009,11,2024-05-05
HUB-009,8,2024-05-06
HUB-009,3,2024-05-07
HUB-009,3,2024-05-08
HUB-009,9,2024-05-09
HUB-009,9,2024-05-10
HUB-009,15,2024-05-11
HUB-009,4,2024-05-12
HUB-009,5,2024-05-13
HUB-009,7,2024-05-14
HUB-009,4,2024-05-15
HUB-009,5,2024-05-16
HUB-009,6,2024-05-17
HUB-009,7,2024-05-18
HUB-009,9,2024-05-19
HUB-009,7,2024-05-20
HUB-009,9,2024-05-21
HUB-009,9,2024-05-22
HUB-009,5,2024-05-23
HUB-009,6,2024-05-24
HUB-009,9,2024-05-25
HUB-009,4,2024-05-26
HUB-009,4,2024-05-27
HUB-009,11,2024-05-28
HUB-009,10,2024-05-29
HUB-009,6,2024-05-30
HUB-009,6,2024-05-31
HUB-009,12,2024-06-01
HUB-009,9,2024-06-02
HUB-009,11,2024-06-03
HUB-009,7,2024-06-04
HUB-009,8,2024-06-05
HUB-009,6,2024-06-06
HUB-009,4,2024-06-07
HUB-009,9,2024-06-08
HUB-009,4,2024-06-09
HUB-009,11,2024-06-10
HUB-009,9,2024-06-11
HUB-009,5,2024-06-12
HUB-009,6,2024-06-13
HUB-009,4,2024-06-14
HUB-009,6,2024-06-15
HUB-009,9,2024-06-16
HUB-009,9,2024-06-17
HUB-009,7,2024-06-18
HUB-009,4,2024-06-19
HUB-009,8,2024-06-20
HUB-009,6,2024-06-21
HUB-009,5,2024-06-22
HUB-009,9,2024-06-23
HUB-009,8,2024-06-24
HUB-009,7,2024-06-25
HUB-009,12,2024-06-26
HUB-009,9,2024-06-27
HUB-009,15,2024-06-28
HUB-009,7,2024-06-29
HUB-009,8,2024-06-30
HUB-009,1,2024-07-01
HUB-009,6,2024-07-02
HUB-009,3,2024-07-03
HUB-009,4,2024-07-04
HUB-009,9,2024-07-05
HUB-009,15,2024-07-06
HUB-009,12,2024-07-07
HUB-009,2,2024-07-08
HUB-009,8,2024-07-09
HUB-009,10,2024-07-10
HUB-009,8,2024-07-11
HUB-009,10,2024-07-12
HUB-009,4,2024-07-13
HUB-009,7,2024-07-14
HUB-009,4,2024-07-15
HUB-009,5,2024-07-16
HUB-009,7,2024-07-17
HUB-009,9,2024-07-18
HUB-009,6,2024-07-19
HUB-009,5,2024-07-20
HUB-009,6,2024-07-21
HUB-009,5,2024-07-22
HUB-009,15,2024-07-23
HUB-009,6,2024-07-24
HUB-009,13,2024-07-25
HUB-009,7,2024-07-26
HUB-009,5,2024-07-27
HUB-009,11,2024-07-28
HUB-009,6,2024-07-29
HUB-009,5,2024-07-30
HUB-009,9,2024-07-31
HUB-009,4,2024-08-01
HUB-009,8,2024-08-02
HUB-009,10,2024-08-03
HUB-009,10,2024-08-04
HUB-009,10,2024-08-05
HUB-009,15,2024-08-06
HUB-009,9,2024-08-07
HUB-009,6,2024-08-08
HUB-009,9,2024-08-09
HUB-009,7,2024-08-10
HUB-009,7,2024-08-11
HUB-009,8,2024-08-12
HUB-009,11,2024-08-13
HUB-009,6,2024-08-14
HUB-009,8,2024-08-15
HUB-009,15,2024-08-16
HUB-009,8,2024-08-17
HUB-009,9,2024-08-18
HUB-009,9,2024-08-19
HUB-009,7,2024-08-20
HUB-009,6,2024-08-21
HUB-009,8,2024-08-22
HUB-009,14,2024-08-23
HUB-009,6,2024-08-24
HUB-009,11,2024-08-25
HUB-009,12,2024-08-26
HUB-009,2,2024-08-27
HUB-009,14,2024-08-28
HUB-009,10,2024-08-29
HUB-009,13,2024-08-30
HUB-009,10,2024-08-31
HUB-009,8,2024-09-01
HUB-009,8,2024-09-02
HUB-009,13,2024-09-03
HUB-009,9,2024-09-04
HUB-009,9,2024-09-05
HUB-009,11,2024-09-06
HUB-009,5,2024-09-07
HUB-009,3,2024-09-08
HUB-009,8,2024-09-09
HUB-009,9,2024-09-10
HUB-009,6,2024-09-11
HUB-009,7,2024-09-12
HUB-009,11,2024-09-13
HUB-009,5,2024-09-14
HUB-009,11,2024-09-15
HUB-009,7,2024-09-16
HUB-009,10,2024-09-17
HUB-009,6,2024-09-18
HUB-009,10,2024-09-19
HUB-009,10,2024-09-20
HUB-009,8,2024-09-21
HUB-009,3,2024-09-22
HUB-009,4,2024-09-23
HUB-009,12,2024-09-24
HUB-009,4,2024-09-25
HUB-009,11,2024-09-26
HUB-009,5,2024-09-27
HUB-009,6,2024-09-28
HUB-009,7,2024-09-29
HUB-009,4,2024-09-30
HUB-009,4,2024-10-01
HUB-009,13,2024-10-02
HUB-009,7,2024-10-03
HUB-009,3,2024-10-04
HUB-009,7,2024-10-05
HUB-009,10,2024-10-06
HUB-009,6,2024-10-07
HUB-009,9,2024-10-08
HUB-009,8,2024-10-09
HUB-009,7,2024-10-10
HUB-009,10,2024-10-11
HUB-009,6,2024-10-12
HUB-009,9,2024-10-13
HUB-009,9,2024-10-14
HUB-009,8,2024-10-15
HUB-009,6,2024-10-16
HUB-009,7,2024-10-17
HUB-009,6,2024-10-18
HUB-009,10,2024-10-19
HUB-009,6,2024-10-20
HUB-009,9,2024-10-21
HUB-009,11,2024-10-22
HUB-009,8,2024-10-23
HUB-009,4,2024-10-24
HUB-009,8,2024-10-25
HUB-009,12,2024-10-26
HUB-009,10,2024-10-27
HUB-009,13,2024-10-28
HUB-009,8,2024-10-29
HUB-009,6,2024-10-30
HUB-009,9,2024-10-31
HUB-009,9,2024-11-01
HUB-009,3,2024-11-02
HUB-009,11,2024-11-03
HUB-009,7,2024-11-04
HUB-009,6,2024-11-05
HUB-009,5,2024-11-06
HUB-009,6,2024-11-07
HUB-009,7,2024-11-08
HUB-009,4,2024-11-09
HUB-009,4,2024-11-10
HUB-009,13,2024-11-11
HUB-009,10,2024-11-12
HUB-009,5,2024-11-13
HUB-009,9,2024-11-14
HUB-009,9,2024-11-15
HUB-009,9,2024-11-16
HUB-009,8,2024-11-17
HUB-009,9,2024-11-18
HUB-009,13,2024-11-19
HUB-009,6,2024-11-20
HUB-009,7,2024-11-21
HUB-009,7,2024-11-22
HUB-009,5,2024-11-23
HUB-009,12,2024-11-24
HUB-009,12,2024-11-25
HUB-009,6,2024-11-26
HUB-009,8,2024-11-27
HUB-009,2,2024-11-28
HUB-009,10,2024-11-29
HUB-009,5,2024-11-30
HUB-009,8,2024-12-01
HUB-009,12,2024-12-02
HUB-009,8,2024-12-03
HUB-009,6,2024-12-04
HUB-009,4,2024-12-05
HUB-009,7,2024-12-06
HUB-009,8,2024-12-07
HUB-009,12,2024-12-08
HUB-009,11,2024-12-09
HUB-009,9,2024-12-10
HUB-009,6,2024-12-11
HUB-009,6,2024-12-12
HUB-009,7,2024-12-13
HUB-009,9,2024-12-14
HUB-009,5,2024-12-15
HUB-009,13,2024-12-16
HUB-009,8,2024-12-17
HUB-009,7,2024-12-18
HUB-009,10,2024-12-19
HUB-009,10,2024-12-20
HUB-009,10,2024-12-21
HUB-009,11,2024-12-22
HUB-009,3,2024-12-23
HUB-009,8,2024-12-24
HUB-009,3,2024-12-25
HUB-009,6,2024-12-26
HUB-009,9,2024-12-27
HUB-009,7,2024-12-28
HUB-009,5,2024-12-29
HUB-009,12,2024-12-30
HUB-009,4,2024-12-31
HUB-009,6,2025-01-01
HUB-009,8,2025-01-02
HUB-009,11,2025-01-03
HUB-009,12,2025-01-04
HUB-009,14,2025-01-05
HUB-009,9,2025-01-06
HUB-009,11,2025-01-07
HUB-009,4,2025-01-08
HUB-009,11,2025-01-09
HUB-009,9,2025-01-10
HUB-009,8,2025-01-11
HUB-009,10,2025-01-12
HUB-009,8,2025-01-13
HUB-009,4,2025-01-14
HUB-009,9,2025-01-15
HUB-009,12,2025-01-16
HUB-009,9,2025-01-17
HUB-009,7,2025-01-18
HUB-009,6,2025-01-19
HUB-009,3,2025-01-20
HUB-009,12,2025-01-21
HUB-009,13,2025-01-22
HUB-009,11,2025-01-23
HUB-009,7,2025-01-24
HUB-009,12,2025-01-25
HUB-009,9,2025-01-26
HUB-009,9,2025-01-27
HUB-009,6,2025-01-28
HUB-009,4,2025-01-29
HUB-009,4,2025-01-30
HUB-009,4,2025-01-31
HUB-009,8,2025-02-01
HUB-009,5,2025-02-02
HUB-009,13,2025-02-03
HUB-009,10,2025-02-04
HUB-009,4,2025-02-05
HUB-009,5,2025-02-06
HUB-009,10,2025-02-07
HUB-009,10,2025-02-08
HUB-009,8,2025-02-09
HUB-009,8,2025-02-10
HUB-009,9,2025-02-11
HUB-009,7,2025-02-12
HUB-009,7,2025-02-13
HUB-009,5,2025-02-14
HUB-009,6,2025-02-15
HUB-009,6,2025-02-16
HUB-009,8,2025-02-17
HUB-009,12,2025-02-18
HUB-009,9,2025-02-19
HUB-009,4,2025-02-20
HUB-009,5,2025-02-21
HUB-009,6,2025-02-22
HUB-009,8,2025-02-23
HUB-009,4,2025-02-24
HUB-009,6,2025-02-25
HUB-009,9,2025-02-26
HUB-009,10,2025-02-27
HUB-009,8,2025-02-28
HUB-009,9,2025-03-01
HUB-009,8,2025-03-02
HUB-009,13,2025-03-03
HUB-009,5,2025-03-04
HUB-009,7,2025-03-05
HUB-009,4,2025-03-06
HUB-009,7,2025-03-07
HUB-009,8,2025-03-08
HUB-009,3,2025-03-09
HUB-009,7,2025-03-10
HUB-009,7,2025-03-11
HUB-009,15,2025-03-12
HUB-009,10,2025-03-13
HUB-009,6,2025-03-14
HUB-009,6,2025-03-15
HUB-009,10,2025-03-16
HUB-009,7,2025-03-17
HUB-009,5,2025-03-18
HUB-009,9,2025-03-19
HUB-009,11,2025-03-20
HUB-009,5,2025-03-21
HUB-009,6,2025-03-22
HUB-009,8,2025-03-23
HUB-009,14,2025-03-24
HUB-009,6,2025-03-25
HUB-009,12,2025-03-26
HUB-009,10,2025-03-27
HUB-009,12,2025-03-28
HUB-009,10,2025-03-29
HUB-009,3,2025-03-30
HUB-009,4,2025-03-31
HUB-009,13,2025-04-01
HUB-009,9,2025-04-02
HUB-009,12,2025-04-03
HUB-009,4,2025-04-04
HUB-009,8,2025-04-05
HUB-009,11,2025-04-06
HUB-009,3,2025-04-07
HUB-009,4,2025-04-08
HUB-009,8,2025-04-09
HUB-009,5,2025-04-10
HUB-009,7,2025-04-11
HUB-009,5,2025-04-12
HUB-009,6,2025-04-13
HUB-009,7,2025-04-14
HUB-009,6,2025-04-15
HUB-009,10,2025-04-16
HUB-009,5,2025-04-17
HUB-009,4,2025-04-18
HUB-009,9,2025-04-19
HUB-009,7,2025-04-20
HUB-009,8,2025-04-21
HUB-009,7,2025-04-22
HUB-009,9,2025-04-23
HUB-009,12,2025-04-24
HUB-009,10,2025-04-25
HUB-009,10,2025-04-26
HUB-009,5,2025-04-27
HUB-009,12,2025-04-28
HUB-009,4,2025-04-29
HUB-009,11,2025-04-30
HUB-009,10,2025-05-01
HUB-009,8,2025-05-02
HUB-009,6,2025-05-03
HUB-009,6,2025-05-04
HUB-009,4,2025-05-05
HUB-009,6,2025-05-06
HUB-009,8,2025-05-07
HUB-009,9,2025-05-08
HUB-009,3,2025-05-09
HUB-009,2,2025-05-10
HUB-009,9,2025-05-11
HUB-009,12,2025-05-12
HUB-009,8,2025-05-13
HUB-009,8,2025-05-14
HUB-009,8,2025-05-15
HUB-009,7,2025-05-16
HUB-009,9,2025-05-17
HUB-009,9,2025-05-18
HUB-009,5,2025-05-19
HUB-009,6,2025-05-20
HUB-009,8,2025-05-21
HUB-009,7,2025-05-22
HUB-009,7,2025-05-23
HUB-009,11,2025-05-24
HUB-009,5,2025-05-25
HUB-009,8,2025-05-26
HUB-009,7,2025-05-27
HUB-009,8,2025-05-28
HUB-009,12,2025-05-29
HUB-009,9,2025-05-30
HUB-009,7,2025-05-31
HUB-009,8,2025-06-01
HUB-009,11,2025-06-02
HUB-009,8,2025-06-03
HUB-009,12,2025-06-04
HUB-009,4,2025-06-05
HUB-009,7,2025-06-06
HUB-009,7,2025-06-07
HUB-009,9,2025-06-08
HUB-009,7,2025-06-09
HUB-009,8,2025-06-10
HUB-009,6,2025-06-11
HUB-009,7,2025-06-12
HUB-009,5,2025-06-13
HUB-009,16,2025-06-14
HUB-009,4,2025-06-15
HUB-009,5,2025-06-16
HUB-009,9,2025-06-17
HUB-009,5,2025-06-18
HUB-009,11,2025-06-19
HUB-009,7,2025-06-20
HUB-009,7,2025-06-21
HUB-009,9,2025-06-22
HUB-009,3,2025-06-23
HUB-009,9,2025-06-24
HUB-009,6,2025-06-25
HUB-009,8,2025-06-26
HUB-009,5,2025-06-27
HUB-009,7,2025-06-28
HUB-009,9,2025-06-29
HUB-009,11,2025-06-30
HUB-009,7,2025-07-01
HUB-009,4,2025-07-02
HUB-009,9,2025-07-03
HUB-009,6,2025-07-04
HUB-009,8,2025-07-05
HUB-009,11,2025-07-06
HUB-009,7,2025-07-07
HUB-009,8,2025-07-08
HUB-009,10,2025-07-09
HUB-009,5,2025-07-10
HUB-009,6,2025-07-11
HUB-009,4,2025-07-12
HUB-009,6,2025-07-13
HUB-009,7,2025-07-14
HUB-009,9,2025-07-15
HUB-009,7,2025-07-16
HUB-009,9,2025-07-17
HUB-009,7,2025-07-18
HUB-009,10,2025-07-19
HUB-009,13,2025-07-20
HUB-009,8,2025-07-21
HUB-009,7,2025-07-22
HUB-009,7,2025-07-23
HUB-009,10,2025-07-24
HUB-009,4,2025-07-25
HUB-009,9,2025-07-26
HUB-009,6,2025-07-27
HUB-009,11,2025-07-28
HUB-009,8,2025-07-29
HUB-009,5,2025-07-30
HUB-009,2,2025-07-31
HUB-009,3,2025-08-01
HUB-009,12,2025-08-02
HUB-009,4,2025-08-03
HUB-009,10,2025-08-04
HUB-009,3,2025-08-05
HUB-009,12,2025-08-06
HUB-009,10,2025-08-07
HUB-009,10,2025-08-08
HUB-009,10,2025-08-09
HUB-009,9,2025-08-10
HUB-009,11,2025-08-11
HUB-009,8,2025-08-12
HUB-009,11,2025-08-13
HUB-009,10,2025-08-14
HUB-009,8,2025-08-15
HUB-009,6,2025-08-16
HUB-009,8,2025-08-17
HUB-009,5,2025-08-18
HUB-009,8,2025-08-19
HUB-009,8,2025-08-20
HUB-009,6,2025-08-21
HUB-009,7,2025-08-22
HUB-009,7,2025-08-23
HUB-009,12,2025-08-24
HUB-009,10,2025-08-25
HUB-009,13,2025-08-26
HUB-009,8,2025-08-27
HUB-009,11,2025-08-28
HUB-009,9,2025-08-29
HUB-009,11,2025-08-30
HUB-009,10,2025-08-31
HUB-009,7,2025-09-01
HUB-009,6,2025-09-02
HUB-009,5,2025-09-03
HUB-009,17,2025-09-04
HUB-009,8,2025-09-05
HUB-009,11,2025-09-06
HUB-009,10,2025-09-07
HUB-009,1,2025-09-08
HUB-009,6,2025-09-09
HUB-009,7,2025-09-10
HUB-009,8,2025-09-11
HUB-009,6,2025-09-12
HUB-009,4,2025-09-13
HUB-009,7,2025-09-14
HUB-009,8,2025-09-15
HUB-009,4,2025-09-16
HUB-009,5,2025-09-17
HUB-009,8,2025-09-18
HUB-009,13,2025-09-19
HUB-009,7,2025-09-20
HUB-009,11,2025-09-21
HUB-009,9,2025-09-22
HUB-009,5,2025-09-23
HUB-009,6,2025-09-24
HUB-009,7,2025-09-25
HUB-009,11,2025-09-26
HUB-009,8,2025-09-27
HUB-009,9,2025-09-28
HUB-009,4,2025-09-29
HUB-009,4,2025-09-30
HUB-009,11,2025-10-01
HUB-009,9,2025-10-02
HUB-009,8,2025-10-03
HUB-009,5,2025-10-04
HUB-009,7,2025-10-05
HUB-009,8,2025-10-06
HUB-009,7,2025-10-07
HUB-009,7,2025-10-08
HUB-009,6,2025-10-09
HUB-009,10,2025-10-10
HUB-009,5,2025-10-11
HUB-009,8,2025-10-12
HUB-009,11,2025-10-13
HUB-009,10,2025-10-14
HUB-009,7,2025-10-15
HUB-009,8,2025-10-16
HUB-009,8,2025-10-17
HUB-009,8,2025-10-18
HUB-009,8,2025-10-19
HUB-009,13,2025-10-20
HUB-009,8,2025-10-21
HUB-009,10,2025-10-22
HUB-009,8,2025-10-23
HUB-009,11,2025-10-24
HUB-009,7,2025-10-25
HUB-009,7,2025-10-26
HUB-009,10,2025-10-27
HUB-009,10,2025-10-28
HUB-009,10,2025-10-29
HUB-009,4,2025-10-30
HUB-009,13,2025-10-31
HUB-009,8,2025-11-01
HUB-009,6,2025-11-02
HUB-009,7,2025-11-03
HUB-009,11,2025-11-04
HUB-009,7,2025-11-05
HUB-009,13,2025-11-06
HUB-009,12,2025-11-07
HUB-009,5,2025-11-08
HUB-009,8,2025-11-09
HUB-009,7,2025-11-10
HUB-009,7,2025-11-11
HUB-009,3,2025-11-12
HUB-009,4,2025-11-13
HUB-009,9,2025-11-14
HUB-009,9,2025-11-15
HUB-009,2,2025-11-16
HUB-009,10,2025-11-17
HUB-009,8,2025-11-18
HUB-009,6,2025-11-19
HUB-009,15,2025-11-20
HUB-009,9,2025-11-21
HUB-009,7,2025-11-22
HUB-009,7,2025-11-23
HUB-009,9,2025-11-24
HUB-009,8,2025-11-25
HUB-009,6,2025-11-26
HUB-009,5,2025-11-27
HUB-009,8,2025-11-28
HUB-009,4,2025-11-29
HUB-009,12,2025-11-30
HUB-009,10,2025-12-01
HUB-009,5,2025-12-02
HUB-009,8,2025-12-03
HUB-009,6,2025-12-04
HUB-009,10,2025-12-05
HUB-009,4,2025-12-06
HUB-009,4,2025-12-07
HUB-009,5,2025-12-08
HUB-009,7,2025-12-09
HUB-009,7,2025-12-10
HUB-009,8,2025-12-11
HUB-009,11,2025-12-12
HUB-009,6,2025-12-13
HUB-009,12,2025-12-14
HUB-009,11,2025-12-15
HUB-009,9,2025-12-16
HUB-009,10,2025-12-17
HUB-009,14,2025-12-18
HUB-009,7,2025-12-19
HUB-009,10,2025-12-20
HUB-009,17,2025-12-21
HUB-009,8,2025-12-22
HUB-009,6,2025-12-23
HUB-009,10,2025-12-24
HUB-009,4,2025-12-25
HUB-009,9,2025-12-26
HUB-009,12,2025-12-27
HUB-009,9,2025-12-28
HUB-009,6,2025-12-29
HUB-009,12,2025-12-30
HUB-009,8,2025-12-31
HUB-009,13,2026-01-01
HUB-009,6,2026-01-02
HUB-009,13,2026-01-03
HUB-009,11,2026-01-04
HUB-009,9,2026-01-05
HUB-009,10,2026-01-06
HUB-009,9,2026-01-07
HUB-009,4,2026-01-08
HUB-009,11,2026-01-09
HUB-009,14,2026-01-10
HUB-009,7,2026-01-11
HUB-009,4,2026-01-12
HUB-009,6,2026-01-13
HUB-009,7,2026-01-14
HUB-009,5,2026-01-15
HUB-009,6,2026-01-16
HUB-009,13,2026-01-17
HUB-009,7,2026-01-18
HUB-009,8,2026-01-19
HUB-009,8,2026-01-20
HUB-009,7,2026-01-21
HUB-009,7,2026-01-22
HUB-009,4,2026-01-23
HUB-009,7,2026-01-24
HUB-009,4,2026-01-25
SHR-010,3,2023-01-28
SHR-010,2,2023-01-29
SHR-010,1,2023-01-30
SHR-010,1,2023-01-31
SHR-010,2,2023-02-04
SHR-010,2,2023-02-05
SHR-010,2,2023-02-06
SHR-010,2,2023-02-07
SHR-010,1,2023-02-08
SHR-010,1,2023-02-09
SHR-010,1,2023-02-10
SHR-010,3,2023-02-11
SHR-010,2,2023-02-12
SHR-010,1,2023-02-14
SHR-010,1,2023-02-15
SHR-010,2,2023-02-16
SHR-010,2,2023-02-17
SHR-010,2,2023-02-19
SHR-010,2,2023-02-20
SHR-010,3,2023-02-21
SHR-010,1,2023-02-22
SHR-010,1,2023-02-23
SHR-010,3,2023-02-26
SHR-010,1,2023-03-01
SHR-010,2,2023-03-03
SHR-010,2,2023-03-06
SHR-010,1,2023-03-08
SHR-010,1,2023-03-10
SHR-010,1,2023-03-12
SHR-010,1,2023-03-13
SHR-010,3,2023-03-14
SHR-010,4,2023-03-15
SHR-010,3,2023-03-17
SHR-010,1,2023-03-18
SHR-010,1,2023-03-19
SHR-010,2,2023-03-22
SHR-010,2,2023-03-27
SHR-010,1,2023-03-28
SHR-010,2,2023-03-29
SHR-010,2,2023-03-30
SHR-010,1,2023-03-31
SHR-010,2,2023-04-03
SHR-010,3,2023-04-04
SHR-010,2,2023-04-08
SHR-010,3,2023-04-09
SHR-010,1,2023-04-10
SHR-010,1,2023-04-11
SHR-010,1,2023-04-12
SHR-010,1,2023-04-16
SHR-010,1,2023-04-20
SHR-010,1,2023-04-21
SHR-010,1,2023-04-22
SHR-010,1,2023-04-25
SHR-010,1,2023-04-27
SHR-010,3,2023-04-28
SHR-010,2,2023-04-29
SHR-010,1,2023-05-01
SHR-010,1,2023-05-02
SHR-010,2,2023-05-03
SHR-010,2,2023-05-04
SHR-010,2,2023-05-05
SHR-010,1,2023-05-06
SHR-010,1,2023-05-07
SHR-010,1,2023-05-09
SHR-010,2,2023-05-10
SHR-010,1,2023-05-12
SHR-010,1,2023-05-13
SHR-010,3,2023-05-14
SHR-010,2,2023-05-15
SHR-010,1,2023-05-16
SHR-010,3,2023-05-18
SHR-010,1,2023-05-19
SHR-010,2,2023-05-20
SHR-010,4,2023-05-21
SHR-010,1,2023-05-23
SHR-010,1,2023-05-24
SHR-010,3,2023-05-25
SHR-010,1,2023-05-26
SHR-010,2,2023-05-27
SHR-010,4,2023-05-30
SHR-010,1,2023-06-01
SHR-010,2,2023-06-02
SHR-010,1,2023-06-03
SHR-010,1,2023-06-05
SHR-010,2,2023-06-06
SHR-010,1,2023-06-07
SHR-010,1,2023-06-08
SHR-010,1,2023-06-10
SHR-010,1,2023-06-11
SHR-010,2,2023-06-13
SHR-010,3,2023-06-16
SHR-010,1,2023-06-18
SHR-010,1,2023-06-19
SHR-010,2,2023-06-20
SHR-010,2,2023-06-21
SHR-010,1,2023-06-22
SHR-010,1,2023-06-24
SHR-010,2,2023-06-26
SHR-010,1,2023-06-27
SHR-010,1,2023-06-28
SHR-010,4,2023-06-30
SHR-010,3,2023-07-01
SHR-010,2,2023-07-02
SHR-010,1,2023-07-04
SHR-010,3,2023-07-06
SHR-010,2,2023-07-08
SHR-010,3,2023-07-10
SHR-010,1,2023-07-11
SHR-010,1,2023-07-12
SHR-010,2,2023-07-15
SHR-010,2,2023-07-16
SHR-010,1,2023-07-17
SHR-010,3,2023-07-18
SHR-010,1,2023-07-19
SHR-010,2,2023-07-21
SHR-010,1,2023-07-22
SHR-010,1,2023-07-23
SHR-010,2,2023-07-25
SHR-010,2,2023-07-28
SHR-010,2,2023-07-29
SHR-010,1,2023-07-30
SHR-010,2,2023-07-31
SHR-010,1,2023-08-02
SHR-010,2,2023-08-04
SHR-010,1,2023-08-06
SHR-010,2,2023-08-07
SHR-010,1,2023-08-08
SHR-010,1,2023-08-09
SHR-010,1,2023-08-11
SHR-010,2,2023-08-12
SHR-010,2,2023-08-13
SHR-010,1,2023-08-14
SHR-010,1,2023-08-15
SHR-010,2,2023-08-16
SHR-010,1,2023-08-17
SHR-010,1,2023-08-18
SHR-010,4,2023-08-20
SHR-010,1,2023-08-21
SHR-010,1,2023-08-22
SHR-010,1,2023-08-23
SHR-010,1,2023-08-24
SHR-010,2,2023-08-26
SHR-010,1,2023-08-27
SHR-010,2,2023-08-29
SHR-010,1,2023-08-30
SHR-010,1,2023-08-31
SHR-010,1,2023-09-01
SHR-010,3,2023-09-02
SHR-010,1,2023-09-07
SHR-010,2,2023-09-08
SHR-010,3,2023-09-10
SHR-010,1,2023-09-11
SHR-010,2,2023-09-12
SHR-010,3,2023-09-13
SHR-010,1,2023-09-15
SHR-010,4,2023-09-16
SHR-010,1,2023-09-17
SHR-010,3,2023-09-18
SHR-010,1,2023-09-20
SHR-010,1,2023-09-21
SHR-010,1,2023-09-22
SHR-010,2,2023-09-24
SHR-010,2,2023-09-25
SHR-010,2,2023-09-26
SHR-010,3,2023-09-27
SHR-010,1,2023-09-29
SHR-010,4,2023-10-01
SHR-010,1,2023-10-02
SHR-010,2,2023-10-05
SHR-010,1,2023-10-06
SHR-010,1,2023-10-07
SHR-010,1,2023-10-09
SHR-010,2,2023-10-10
SHR-010,2,2023-10-12
SHR-010,2,2023-10-14
SHR-010,1,2023-10-15
SHR-010,1,2023-10-16
SHR-010,2,2023-10-18
SHR-010,2,2023-10-19
SHR-010,1,2023-10-20
SHR-010,2,2023-10-22
SHR-010,1,2023-10-23
SHR-010,2,2023-10-25
SHR-010,1,2023-10-26
SHR-010,1,2023-10-28
SHR-010,1,2023-10-29
SHR-010,2,2023-10-30
SHR-010,3,2023-11-02
SHR-010,1,2023-11-03
SHR-010,1,2023-11-05
SHR-010,1,2023-11-07
SHR-010,3,2023-11-08
SHR-010,1,2023-11-10
SHR-010,2,2023-11-11
SHR-010,2,2023-11-12
SHR-010,3,2023-11-13
SHR-010,1,2023-11-15
SHR-010,2,2023-11-16
SHR-010,1,2023-11-18
SHR-010,1,2023-11-20
SHR-010,1,2023-11-21
SHR-010,1,2023-11-22
SHR-010,4,2023-11-25
SHR-010,1,2023-11-27
SHR-010,1,2023-11-30
SHR-010,2,2023-12-02
SHR-010,1,2023-12-04
SHR-010,2,2023-12-05
SHR-010,1,2023-12-06
SHR-010,2,2023-12-07
SHR-010,2,2023-12-08
SHR-010,2,2023-12-09
SHR-010,2,2023-12-10
SHR-010,1,2023-12-11
SHR-010,2,2023-12-12
SHR-010,2,2023-12-15
SHR-010,1,2023-12-16
SHR-010,1,2023-12-17
SHR-010,2,2023-12-18
SHR-010,1,2023-12-19
SHR-010,1,2023-12-20
SHR-010,3,2023-12-22
SHR-010,1,2023-12-25
SHR-010,2,2023-12-27
SHR-010,2,2023-12-28
SHR-010,2,2023-12-29
SHR-010,1,2023-12-30
SHR-010,1,2023-12-31
SHR-010,1,2024-01-02
SHR-010,2,2024-01-03
SHR-010,1,2024-01-04
SHR-010,1,2024-01-07
SHR-010,3,2024-01-08
SHR-010,1,2024-01-09
SHR-010,2,2024-01-10
SHR-010,1,2024-01-11
SHR-010,2,2024-01-12
SHR-010,2,2024-01-15
SHR-010,2,2024-01-18
SHR-010,3,2024-01-19
SHR-010,1,2024-01-20
SHR-010,1,2024-01-22
SHR-010,1,2024-01-24
SHR-010,2,2024-01-25
SHR-010,1,2024-01-26
SHR-010,3,2024-01-28
SHR-010,1,2024-01-30
SHR-010,2,2024-01-31
SHR-010,1,2024-02-01
SHR-010,3,2024-02-05
SHR-010,2,2024-02-06
SHR-010,1,2024-02-07
SHR-010,2,2024-02-09
SHR-010,2,2024-02-11
SHR-010,2,2024-02-13
SHR-010,2,2024-02-14
SHR-010,3,2024-02-15
SHR-010,1,2024-02-17
SHR-010,1,2024-02-18
SHR-010,2,2024-02-19
SHR-010,1,2024-02-21
SHR-010,4,2024-02-22
SHR-010,1,2024-02-24
SHR-010,1,2024-02-28
SHR-010,1,2024-02-29
SHR-010,1,2024-03-01
SHR-010,1,2024-03-04
SHR-010,1,2024-03-05
SHR-010,2,2024-03-07
SHR-010,2,2024-03-09
SHR-010,1,2024-03-10
SHR-010,1,2024-03-11
SHR-010,2,2024-03-12
SHR-010,1,2024-03-13
SHR-010,1,2024-03-14
SHR-010,2,2024-03-15
SHR-010,2,2024-03-16
SHR-010,1,2024-03-18
SHR-010,2,2024-03-20
SHR-010,1,2024-03-22
SHR-010,1,2024-03-23
SHR-010,2,2024-03-24
SHR-010,2,2024-03-26
SHR-010,1,2024-03-27
SHR-010,1,2024-03-28
SHR-010,2,2024-03-29
SHR-010,2,2024-04-01
SHR-010,1,2024-04-02
SHR-010,1,2024-04-04
SHR-010,3,2024-04-06
SHR-010,1,2024-04-07
SHR-010,1,2024-04-09
SHR-010,2,2024-04-12
SHR-010,5,2024-04-16
SHR-010,1,2024-04-17
SHR-010,1,2024-04-20
SHR-010,1,2024-04-23
SHR-010,1,2024-04-25
SHR-010,1,2024-04-26
SHR-010,2,2024-04-27
SHR-010,2,2024-04-28
SHR-010,1,2024-04-29
SHR-010,1,2024-04-30
SHR-010,1,2024-05-01
SHR-010,2,2024-05-03
SHR-010,2,2024-05-04
SHR-010,3,2024-05-05
SHR-010,1,2024-05-09
SHR-010,1,2024-05-10
SHR-010,1,2024-05-12
SHR-010,2,2024-05-14
SHR-010,1,2024-05-15
SHR-010,1,2024-05-16
SHR-010,1,2024-05-17
SHR-010,1,2024-05-18
SHR-010,1,2024-05-19
SHR-010,1,2024-05-20
SHR-010,1,2024-05-21
SHR-010,1,2024-05-22
SHR-010,2,2024-05-23
SHR-010,1,2024-05-24
SHR-010,2,2024-05-25
SHR-010,1,2024-05-26
SHR-010,1,2024-05-27
SHR-010,1,2024-05-29
SHR-010,2,2024-06-02
SHR-010,2,2024-06-03
SHR-010,2,2024-06-04
SHR-010,1,2024-06-06
SHR-010,2,2024-06-07
SHR-010,1,2024-06-09
SHR-010,2,2024-06-10
SHR-010,1,2024-06-11
SHR-010,1,2024-06-12
SHR-010,1,2024-06-13
SHR-010,2,2024-06-16
SHR-010,2,2024-06-17
SHR-010,1,2024-06-18
SHR-010,2,2024-06-19
SHR-010,1,2024-06-21
SHR-010,3,2024-06-22
SHR-010,1,2024-06-23
SHR-010,3,2024-06-25
SHR-010,1,2024-06-29
SHR-010,1,2024-07-01
SHR-010,2,2024-07-02
SHR-010,1,2024-07-03
SHR-010,2,2024-07-04
SHR-010,3,2024-07-05
SHR-010,1,2024-07-06
SHR-010,1,2024-07-07
SHR-010,3,2024-07-08
SHR-010,2,2024-07-09
SHR-010,2,2024-07-12
SHR-010,1,2024-07-13
SHR-010,2,2024-07-16
SHR-010,1,2024-07-17
SHR-010,1,2024-07-20
SHR-010,1,2024-07-21
SHR-010,3,2024-07-23
SHR-010,1,2024-07-24
SHR-010,2,2024-07-25
SHR-010,1,2024-07-27
SHR-010,1,2024-07-29
SHR-010,1,2024-08-01
SHR-010,2,2024-08-02
SHR-010,2,2024-08-04
SHR-010,1,2024-08-05
SHR-010,1,2024-08-06
SHR-010,2,2024-08-07
SHR-010,2,2024-08-08
SHR-010,2,2024-08-11
SHR-010,1,2024-08-12
SHR-010,1,2024-08-14
SHR-010,1,2024-08-15
SHR-010,1,2024-08-16
SHR-010,4,2024-08-17
SHR-010,1,2024-08-18
SHR-010,1,2024-08-19
SHR-010,1,2024-08-20
SHR-010,1,2024-08-21
SHR-010,1,2024-08-26
SHR-010,1,2024-08-27
SHR-010,1,2024-08-28
SHR-010,2,2024-08-30
SHR-010,1,2024-09-01
SHR-010,2,2024-09-02
SHR-010,1,2024-09-03
SHR-010,4,2024-09-04
SHR-010,1,2024-09-05
SHR-010,1,2024-09-06
SHR-010,1,2024-09-07
SHR-010,3,2024-09-08
SHR-010,1,2024-09-11
SHR-010,1,2024-09-12
SHR-010,2,2024-09-14
SHR-010,1,2024-09-15
SHR-010,1,2024-09-16
SHR-010,2,2024-09-19
SHR-010,3,2024-09-22
SHR-010,1,2024-09-23
SHR-010,3,2024-09-30
SHR-010,1,2024-10-01
SHR-010,4,2024-10-02
SHR-010,1,2024-10-03
SHR-010,1,2024-10-04
SHR-010,2,2024-10-07
SHR-010,1,2024-10-08
SHR-010,1,2024-10-09
SHR-010,1,2024-10-11
SHR-010,2,2024-10-12
SHR-010,1,2024-10-13
SHR-010,2,2024-10-14
SHR-010,1,2024-10-16
SHR-010,1,2024-10-17
SHR-010,3,2024-10-18
SHR-010,3,2024-10-20
SHR-010,1,2024-10-22
SHR-010,3,2024-10-23
SHR-010,2,2024-10-24
SHR-010,1,2024-10-27
SHR-010,1,2024-10-28
SHR-010,1,2024-10-29
SHR-010,1,2024-11-02
SHR-010,1,2024-11-03
SHR-010,3,2024-11-04
SHR-010,2,2024-11-05
SHR-010,1,2024-11-06
SHR-010,1,2024-11-08
SHR-010,2,2024-11-09
SHR-010,1,2024-11-10
SHR-010,1,2024-11-12
SHR-010,1,2024-11-15
SHR-010,3,2024-11-18
SHR-010,1,2024-11-19
SHR-010,1,2024-11-20
SHR-010,1,2024-11-21
SHR-010,1,2024-11-22
SHR-010,2,2024-11-25
SHR-010,1,2024-11-26
SHR-010,1,2024-11-27
SHR-010,1,2024-11-28
SHR-010,1,2024-11-29
SHR-010,1,2024-11-30
SHR-010,1,2024-12-01
SHR-010,1,2024-12-04
SHR-010,2,2024-12-07
SHR-010,1,2024-12-08
SHR-010,2,2024-12-09
SHR-010,2,2024-12-10
SHR-010,2,2024-12-13
SHR-010,2,2024-12-14
SHR-010,2,2024-12-15
SHR-010,2,2024-12-16
SHR-010,3,2024-12-17
SHR-010,3,2024-12-18
SHR-010,2,2024-12-19
SHR-010,1,2024-12-21
SHR-010,3,2024-12-22
SHR-010,1,2024-12-23
SHR-010,1,2024-12-24
SHR-010,1,2024-12-25
SHR-010,2,2024-12-27
SHR-010,1,2024-12-28
SHR-010,3,2024-12-29
SHR-010,1,2024-12-30
SHR-010,2,2024-12-31
SHR-010,1,2025-01-01
SHR-010,4,2025-01-03
SHR-010,4,2025-01-04
SHR-010,1,2025-01-07
SHR-010,2,2025-01-10
SHR-010,1,2025-01-11
SHR-010,1,2025-01-13
SHR-010,1,2025-01-14
SHR-010,2,2025-01-16
SHR-010,1,2025-01-19
SHR-010,2,2025-01-20
SHR-010,1,2025-01-21
SHR-010,2,2025-01-22
SHR-010,1,2025-01-23
SHR-010,2,2025-01-24
SHR-010,1,2025-01-25
SHR-010,4,2025-01-26
SHR-010,1,2025-01-27
SHR-010,2,2025-01-28
SHR-010,3,2025-01-30
SHR-010,1,2025-01-31
SHR-010,1,2025-02-01
SHR-010,1,2025-02-02
SHR-010,2,2025-02-03
SHR-010,4,2025-02-08
SHR-010,3,2025-02-09
SHR-010,1,2025-02-10
SHR-010,1,2025-02-11
SHR-010,1,2025-02-12
SHR-010,2,2025-02-13
SHR-010,2,2025-02-15
SHR-010,1,2025-02-16
SHR-010,2,2025-02-18
SHR-010,1,2025-02-19
SHR-010,1,2025-02-20
SHR-010,3,2025-02-21
SHR-010,2,2025-02-27
SHR-010,1,2025-03-03
SHR-010,1,2025-03-04
SHR-010,2,2025-03-05
SHR-010,1,2025-03-06
SHR-010,3,2025-03-09
SHR-010,1,2025-03-10
SHR-010,1,2025-03-11
SHR-010,1,2025-03-12
SHR-010,2,2025-03-13
SHR-010,2,2025-03-18
SHR-010,2,2025-03-19
SHR-010,1,2025-03-21
SHR-010,3,2025-03-22
SHR-010,3,2025-03-23
SHR-010,3,2025-03-25
SHR-010,2,2025-03-26
SHR-010,4,2025-03-27
SHR-010,1,2025-03-28
SHR-010,2,2025-03-29
SHR-010,1,2025-03-30
SHR-010,3,2025-03-31
SHR-010,3,2025-04-01
SHR-010,1,2025-04-02
SHR-010,1,2025-04-03
SHR-010,1,2025-04-04
SHR-010,2,2025-04-05
SHR-010,1,2025-04-07
SHR-010,1,2025-04-08
SHR-010,1,2025-04-10
SHR-010,2,2025-04-15
SHR-010,2,2025-04-16
SHR-010,2,2025-04-17
SHR-010,2,2025-04-20
SHR-010,1,2025-04-21
SHR-010,1,2025-04-23
SHR-010,1,2025-04-24
SHR-010,1,2025-04-25
SHR-010,1,2025-04-26
SHR-010,3,2025-04-27
SHR-010,3,2025-04-28
SHR-010,1,2025-04-29
SHR-010,1,2025-05-03
SHR-010,2,2025-05-06
SHR-010,1,2025-05-07
SHR-010,1,2025-05-09
SHR-010,1,2025-05-11
SHR-010,1,2025-05-13
SHR-010,1,2025-05-14
SHR-010,2,2025-05-15
SHR-010,3,2025-05-16
SHR-010,1,2025-05-17
SHR-010,2,2025-05-18
SHR-010,1,2025-05-19
SHR-010,3,2025-05-20
SHR-010,1,2025-05-21
SHR-010,1,2025-05-23
SHR-010,1,2025-05-27
SHR-010,1,2025-05-28
SHR-010,1,2025-05-29
SHR-010,2,2025-05-30
SHR-010,1,2025-06-01
SHR-010,2,2025-06-03
SHR-010,1,2025-06-06
SHR-010,1,2025-06-07
SHR-010,1,2025-06-08
SHR-010,1,2025-06-13
SHR-010,2,2025-06-14
SHR-010,2,2025-06-17
SHR-010,1,2025-06-18
SHR-010,2,2025-06-19
SHR-010,1,2025-06-20
SHR-010,3,2025-06-24
SHR-010,2,2025-06-26
SHR-010,3,2025-06-27
SHR-010,3,2025-06-29
SHR-010,2,2025-06-30
SHR-010,1,2025-07-02
SHR-010,1,2025-07-03
SHR-010,1,2025-07-05
SHR-010,1,2025-07-07
SHR-010,1,2025-07-08
SHR-010,1,2025-07-09
SHR-010,3,2025-07-10
SHR-010,1,2025-07-12
SHR-010,2,2025-07-13
SHR-010,3,2025-07-14
SHR-010,2,2025-07-18
SHR-010,2,2025-07-20
SHR-010,2,2025-07-21
SHR-010,2,2025-07-22
SHR-010,1,2025-07-23
SHR-010,1,2025-07-24
SHR-010,1,2025-07-25
SHR-010,3,2025-07-27
SHR-010,1,2025-07-28
SHR-010,1,2025-07-29
SHR-010,5,2025-07-30
SHR-010,3,2025-07-31
SHR-010,3,2025-08-01
SHR-010,2,2025-08-02
SHR-010,1,2025-08-05
SHR-010,2,2025-08-06
SHR-010,1,2025-08-07
SHR-010,1,2025-08-09
SHR-010,1,2025-08-13
SHR-010,1,2025-08-15
SHR-010,1,2025-08-16
SHR-010,3,2025-08-17
SHR-010,1,2025-08-18
SHR-010,6,2025-08-19
SHR-010,1,2025-08-20
SHR-010,2,2025-08-22
SHR-010,2,2025-08-23
SHR-010,1,2025-08-25
SHR-010,2,2025-08-28
SHR-010,1,2025-08-29
SHR-010,1,2025-08-30
SHR-010,4,2025-08-31
SHR-010,1,2025-09-03
SHR-010,1,2025-09-05
SHR-010,1,2025-09-06
SHR-010,1,2025-09-08
SHR-010,1,2025-09-10
SHR-010,1,2025-09-11
SHR-010,1,2025-09-12
SHR-010,1,2025-09-13
SHR-010,1,2025-09-14
SHR-010,1,2025-09-16
SHR-010,1,2025-09-23
SHR-010,1,2025-09-24
SHR-010,3,2025-09-26
SHR-010,3,2025-09-29
SHR-010,1,2025-09-30
SHR-010,1,2025-10-01
SHR-010,1,2025-10-02
SHR-010,1,2025-10-03
SHR-010,2,2025-10-05
SHR-010,2,2025-10-06
SHR-010,1,2025-10-09
SHR-010,1,2025-10-11
SHR-010,1,2025-10-12
SHR-010,2,2025-10-13
SHR-010,1,2025-10-16
SHR-010,1,2025-10-23
SHR-010,4,2025-10-24
SHR-010,2,2025-10-27
SHR-010,2,2025-10-29
SHR-010,2,2025-10-31
SHR-010,1,2025-11-03
SHR-010,1,2025-11-05
SHR-010,1,2025-11-08
SHR-010,1,2025-11-09
SHR-010,2,2025-11-10
SHR-010,2,2025-11-11
SHR-010,1,2025-11-12
SHR-010,3,2025-11-14
SHR-010,1,2025-11-15
SHR-010,1,2025-11-19
SHR-010,1,2025-11-20
SHR-010,2,2025-11-21
SHR-010,1,2025-11-22
SHR-010,1,2025-11-24
SHR-010,1,2025-11-28
SHR-010,3,2025-11-29
SHR-010,5,2025-12-02
SHR-010,2,2025-12-04
SHR-010,1,2025-12-07
SHR-010,1,2025-12-08
SHR-010,1,2025-12-09
SHR-010,2,2025-12-15
SHR-010,2,2025-12-17
SHR-010,1,2025-12-19
SHR-010,1,2025-12-20
SHR-010,1,2025-12-21
SHR-010,3,2025-12-22
SHR-010,1,2025-12-25
SHR-010,2,2025-12-26
SHR-010,1,2025-12-28
SHR-010,1,2025-12-30
SHR-010,3,2025-12-31
SHR-010,1,2026-01-01
SHR-010,1,2026-01-03
SHR-010,1,2026-01-04
SHR-010,1,2026-01-06
SHR-010,1,2026-01-08
SHR-010,2,2026-01-12
SHR-010,4,2026-01-13
SHR-010,3,2026-01-15
SHR-010,1,2026-01-17
SHR-010,1,2026-01-18
SHR-010,1,2026-01-19
SHR-010,1,2026-01-21
SHR-010,1,2026-01-23
SHR-010,1,2026-01-24
SHR-010,1,2026-01-25
TAB-011,3,2023-01-26
TAB-011,1,2023-01-27
TAB-011,2,2023-01-29
TAB-011,3,2023-01-30
TAB-011,2,2023-01-31
TAB-011,4,2023-02-01
TAB-011,3,2023-02-02
TAB-011,4,2023-02-03
TAB-011,1,2023-02-04
TAB-011,3,2023-02-05
TAB-011,3,2023-02-06
TAB-011,4,2023-02-07
TAB-011,5,2023-02-08
TAB-011,2,2023-02-09
TAB-011,2,2023-02-10
TAB-011,5,2023-02-11
TAB-011,1,2023-02-12
TAB-011,2,2023-02-13
TAB-011,3,2023-02-14
TAB-011,2,2023-02-15
TAB-011,3,2023-02-16
TAB-011,4,2023-02-17
TAB-011,2,2023-02-18
TAB-011,5,2023-02-19
TAB-011,3,2023-02-20
TAB-011,4,2023-02-21
TAB-011,3,2023-02-22
TAB-011,3,2023-02-23
TAB-011,1,2023-02-24
TAB-011,5,2023-02-25
TAB-011,1,2023-02-26
TAB-011,4,2023-02-27
TAB-011,2,2023-02-28
TAB-011,1,2023-03-01
TAB-011,1,2023-03-02
TAB-011,5,2023-03-03
TAB-011,7,2023-03-04
TAB-011,1,2023-03-05
TAB-011,5,2023-03-06
TAB-011,10,2023-03-07
TAB-011,1,2023-03-08
TAB-011,1,2023-03-09
TAB-011,3,2023-03-10
TAB-011,1,2023-03-11
TAB-011,2,2023-03-12
TAB-011,3,2023-03-13
TAB-011,4,2023-03-14
TAB-011,5,2023-03-15
TAB-011,6,2023-03-16
TAB-011,2,2023-03-17
TAB-011,2,2023-03-18
TAB-011,1,2023-03-19
TAB-011,3,2023-03-20
TAB-011,6,2023-03-21
TAB-011,4,2023-03-22
TAB-011,5,2023-03-23
TAB-011,2,2023-03-25
TAB-011,3,2023-03-26
TAB-011,3,2023-03-27
TAB-011,4,2023-03-28
TAB-011,1,2023-03-29
TAB-011,5,2023-03-30
TAB-011,1,2023-03-31
TAB-011,5,2023-04-01
TAB-011,3,2023-04-02
TAB-011,4,2023-04-03
TAB-011,3,2023-04-04
TAB-011,2,2023-04-05
TAB-011,1,2023-04-06
TAB-011,5,2023-04-07
TAB-011,5,2023-04-08
TAB-011,5,2023-04-10
TAB-011,5,2023-04-11
TAB-011,4,2023-04-12
TAB-011,3,2023-04-13
TAB-011,2,2023-04-14
TAB-011,2,2023-04-15
TAB-011,2,2023-04-16
TAB-011,4,2023-04-17
TAB-011,4,2023-04-18
TAB-011,3,2023-04-19
TAB-011,5,2023-04-20
TAB-011,4,2023-04-21
TAB-011,1,2023-04-22
TAB-011,3,2023-04-23
TAB-011,1,2023-04-24
TAB-011,1,2023-04-25
TAB-011,4,2023-04-26
TAB-011,2,2023-04-27
TAB-011,2,2023-04-28
TAB-011,5,2023-04-29
TAB-011,6,2023-05-01
TAB-011,3,2023-05-02
TAB-011,4,2023-05-03
TAB-011,6,2023-05-04
TAB-011,3,2023-05-05
TAB-011,4,2023-05-06
TAB-011,4,2023-05-07
TAB-011,2,2023-05-08
TAB-011,3,2023-05-10
TAB-011,6,2023-05-11
TAB-011,1,2023-05-12
TAB-011,6,2023-05-13
TAB-011,3,2023-05-14
TAB-011,4,2023-05-15
TAB-011,4,2023-05-16
TAB-011,2,2023-05-17
TAB-011,2,2023-05-18
TAB-011,4,2023-05-19
TAB-011,4,2023-05-20
TAB-011,1,2023-05-21
TAB-011,2,2023-05-22
TAB-011,3,2023-05-23
TAB-011,2,2023-05-24
TAB-011,4,2023-05-25
TAB-011,1,2023-05-26
TAB-011,1,2023-05-27
TAB-011,4,2023-05-28
TAB-011,4,2023-05-29
TAB-011,4,2023-05-30
TAB-011,3,2023-05-31
TAB-011,2,2023-06-01
TAB-011,7,2023-06-02
TAB-011,2,2023-06-03
TAB-011,3,2023-06-04
TAB-011,2,2023-06-05
TAB-011,2,2023-06-06
TAB-011,4,2023-06-07
TAB-011,4,2023-06-08
TAB-011,2,2023-06-09
TAB-011,5,2023-06-10
TAB-011,2,2023-06-11
TAB-011,2,2023-06-12
TAB-011,2,2023-06-13
TAB-011,4,2023-06-14
TAB-011,3,2023-06-15
TAB-011,4,2023-06-16
TAB-011,2,2023-06-17
TAB-011,3,2023-06-18
TAB-011,2,2023-06-19
TAB-011,6,2023-06-20
TAB-011,2,2023-06-21
TAB-011,1,2023-06-22
TAB-011,2,2023-06-23
TAB-011,6,2023-06-24
TAB-011,1,2023-06-25
TAB-011,3,2023-06-26
TAB-011,6,2023-06-27
TAB-011,2,2023-06-28
TAB-011,4,2023-06-30
TAB-011,3,2023-07-01
TAB-011,3,2023-07-02
TAB-011,5,2023-07-03
TAB-011,2,2023-07-04
TAB-011,2,2023-07-05
TAB-011,6,2023-07-06
TAB-011,5,2023-07-07
TAB-011,3,2023-07-08
TAB-011,5,2023-07-10
TAB-011,4,2023-07-11
TAB-011,3,2023-07-12
TAB-011,2,2023-07-13
TAB-011,1,2023-07-14
TAB-011,2,2023-07-15
TAB-011,3,2023-07-16
TAB-011,2,2023-07-17
TAB-011,1,2023-07-18
TAB-011,4,2023-07-19
TAB-011,6,2023-07-21
TAB-011,5,2023-07-22
TAB-011,3,2023-07-23
TAB-011,3,2023-07-24
TAB-011,4,2023-07-25
TAB-011,3,2023-07-26
TAB-011,4,2023-07-27
TAB-011,6,2023-07-28
TAB-011,3,2023-07-29
TAB-011,2,2023-07-30
TAB-011,5,2023-07-31
TAB-011,4,2023-08-01
TAB-011,2,2023-08-02
TAB-011,2,2023-08-03
TAB-011,7,2023-08-05
TAB-011,5,2023-08-06
TAB-011,2,2023-08-07
TAB-011,3,2023-08-08
TAB-011,2,2023-08-09
TAB-011,3,2023-08-10
TAB-011,3,2023-08-11
TAB-011,1,2023-08-12
TAB-011,3,2023-08-13
TAB-011,2,2023-08-14
TAB-011,1,2023-08-15
TAB-011,2,2023-08-16
TAB-011,1,2023-08-17
TAB-011,5,2023-08-19
TAB-011,5,2023-08-20
TAB-011,4,2023-08-21
TAB-011,1,2023-08-22
TAB-011,3,2023-08-23
TAB-011,2,2023-08-24
TAB-011,3,2023-08-25
TAB-011,6,2023-08-26
TAB-011,6,2023-08-27
TAB-011,3,2023-08-28
TAB-011,7,2023-08-29
TAB-011,3,2023-08-30
TAB-011,2,2023-08-31
TAB-011,1,2023-09-01
TAB-011,3,2023-09-02
TAB-011,3,2023-09-03
TAB-011,3,2023-09-04
TAB-011,2,2023-09-05
TAB-011,4,2023-09-06
TAB-011,5,2023-09-07
TAB-011,6,2023-09-08
TAB-011,3,2023-09-09
TAB-011,5,2023-09-10
TAB-011,3,2023-09-11
TAB-011,3,2023-09-12
TAB-011,3,2023-09-13
TAB-011,5,2023-09-14
TAB-011,4,2023-09-15
TAB-011,3,2023-09-16
TAB-011,4,2023-09-17
TAB-011,6,2023-09-18
TAB-011,4,2023-09-19
TAB-011,5,2023-09-20
TAB-011,6,2023-09-22
TAB-011,5,2023-09-23
TAB-011,2,2023-09-24
TAB-011,4,2023-09-25
TAB-011,4,2023-09-26
TAB-011,2,2023-09-27
TAB-011,2,2023-09-28
TAB-011,2,2023-09-29
TAB-011,1,2023-09-30
TAB-011,1,2023-10-01
TAB-011,1,2023-10-02
TAB-011,1,2023-10-03
TAB-011,3,2023-10-04
TAB-011,4,2023-10-05
TAB-011,5,2023-10-06
TAB-011,6,2023-10-07
TAB-011,2,2023-10-08
TAB-011,5,2023-10-10
TAB-011,3,2023-10-11
TAB-011,2,2023-10-13
TAB-011,1,2023-10-14
TAB-011,2,2023-10-15
TAB-011,2,2023-10-16
TAB-011,2,2023-10-17
TAB-011,4,2023-10-18
TAB-011,8,2023-10-19
TAB-011,4,2023-10-20
TAB-011,3,2023-10-21
TAB-011,5,2023-10-23
TAB-011,3,2023-10-24
TAB-011,3,2023-10-25
TAB-011,1,2023-10-26
TAB-011,1,2023-10-27
TAB-011,3,2023-10-30
TAB-011,5,2023-10-31
TAB-011,2,2023-11-01
TAB-011,1,2023-11-02
TAB-011,3,2023-11-03
TAB-011,2,2023-11-04
TAB-011,6,2023-11-05
TAB-011,1,2023-11-06
TAB-011,2,2023-11-07
TAB-011,3,2023-11-08
TAB-011,7,2023-11-09
TAB-011,4,2023-11-10
TAB-011,5,2023-11-12
TAB-011,3,2023-11-13
TAB-011,1,2023-11-14
TAB-011,8,2023-11-15
TAB-011,2,2023-11-16
TAB-011,3,2023-11-17
TAB-011,2,2023-11-18
TAB-011,4,2023-11-19
TAB-011,4,2023-11-20
TAB-011,1,2023-11-21
TAB-011,3,2023-11-22
TAB-011,3,2023-11-23
TAB-011,2,2023-11-24
TAB-011,3,2023-11-25
TAB-011,3,2023-11-26
TAB-011,2,2023-11-27
TAB-011,1,2023-11-28
TAB-011,1,2023-11-29
TAB-011,2,2023-11-30
TAB-011,3,2023-12-01
TAB-011,5,2023-12-02
TAB-011,3,2023-12-03
TAB-011,1,2023-12-04
TAB-011,3,2023-12-05
TAB-011,6,2023-12-06
TAB-011,5,2023-12-07
TAB-011,2,2023-12-08
TAB-011,3,2023-12-10
TAB-011,6,2023-12-11
TAB-011,1,2023-12-12
TAB-011,7,2023-12-13
TAB-011,1,2023-12-14
TAB-011,4,2023-12-15
TAB-011,2,2023-12-16
TAB-011,5,2023-12-18
TAB-011,3,2023-12-19
TAB-011,2,2023-12-20
TAB-011,4,2023-12-21
TAB-011,2,2023-12-23
TAB-011,2,2023-12-24
TAB-011,1,2023-12-25
TAB-011,3,2023-12-26
TAB-011,4,2023-12-27
TAB-011,4,2023-12-28
TAB-011,4,2023-12-29
TAB-011,5,2023-12-30
TAB-011,4,2023-12-31
TAB-011,4,2024-01-01
TAB-011,4,2024-01-02
TAB-011,4,2024-01-03
TAB-011,8,2024-01-04
TAB-011,3,2024-01-05
TAB-011,4,2024-01-06
TAB-011,6,2024-01-07
TAB-011,3,2024-01-08
TAB-011,2,2024-01-09
TAB-011,3,2024-01-10
TAB-011,5,2024-01-11
TAB-011,4,2024-01-12
TAB-011,3,2024-01-13
TAB-011,1,2024-01-14
TAB-011,4,2024-01-15
TAB-011,3,2024-01-16
TAB-011,1,2024-01-17
TAB-011,1,2024-01-18
TAB-011,4,2024-01-19
TAB-011,3,2024-01-20
TAB-011,2,2024-01-21
TAB-011,5,2024-01-22
TAB-011,3,2024-01-23
TAB-011,5,2024-01-24
TAB-011,2,2024-01-25
TAB-011,3,2024-01-26
TAB-011,3,2024-01-27
TAB-011,2,2024-01-28
TAB-011,1,2024-01-29
TAB-011,4,2024-01-30
TAB-011,4,2024-01-31
TAB-011,3,2024-02-01
TAB-011,1,2024-02-02
TAB-011,3,2024-02-04
TAB-011,1,2024-02-05
TAB-011,3,2024-02-06
TAB-011,5,2024-02-08
TAB-011,5,2024-02-09
TAB-011,2,2024-02-10
TAB-011,3,2024-02-11
TAB-011,2,2024-02-12
TAB-011,4,2024-02-13
TAB-011,2,2024-02-14
TAB-011,1,2024-02-15
TAB-011,1,2024-02-16
TAB-011,2,2024-02-17
TAB-011,2,2024-02-18
TAB-011,5,2024-02-19
TAB-011,4,2024-02-20
TAB-011,1,2024-02-22
TAB-011,6,2024-02-23
TAB-011,4,2024-02-24
TAB-011,1,2024-02-25
TAB-011,3,2024-02-26
TAB-011,5,2024-02-27
TAB-011,2,2024-02-28
TAB-011,4,2024-02-29
TAB-011,3,2024-03-01
TAB-011,3,2024-03-02
TAB-011,5,2024-03-03
TAB-011,4,2024-03-04
TAB-011,3,2024-03-05
TAB-011,2,2024-03-06
TAB-011,9,2024-03-07
TAB-011,2,2024-03-08
TAB-011,1,2024-03-09
TAB-011,2,2024-03-10
TAB-011,1,2024-03-11
TAB-011,4,2024-03-12
TAB-011,3,2024-03-13
TAB-011,4,2024-03-15
TAB-011,2,2024-03-16
TAB-011,5,2024-03-17
TAB-011,3,2024-03-18
TAB-011,4,2024-03-19
TAB-011,8,2024-03-20
TAB-011,6,2024-03-21
TAB-011,2,2024-03-22
TAB-011,2,2024-03-24
TAB-011,1,2024-03-25
TAB-011,3,2024-03-26
TAB-011,2,2024-03-27
TAB-011,3,2024-03-28
TAB-011,5,2024-03-29
TAB-011,7,2024-03-30
TAB-011,2,2024-03-31
TAB-011,2,2024-04-01
TAB-011,3,2024-04-02
TAB-011,2,2024-04-03
TAB-011,5,2024-04-04
TAB-011,2,2024-04-05
TAB-011,1,2024-04-06
TAB-011,4,2024-04-07
TAB-011,4,2024-04-09
TAB-011,3,2024-04-10
TAB-011,3,2024-04-11
TAB-011,5,2024-04-12
TAB-011,3,2024-04-13
TAB-011,1,2024-04-15
TAB-011,4,2024-04-16
TAB-011,3,2024-04-17
TAB-011,4,2024-04-18
TAB-011,1,2024-04-19
TAB-011,3,2024-04-20
TAB-011,3,2024-04-21
TAB-011,5,2024-04-22
TAB-011,3,2024-04-23
TAB-011,1,2024-04-24
TAB-011,1,2024-04-25
TAB-011,3,2024-04-26
TAB-011,1,2024-04-27
TAB-011,1,2024-04-28
TAB-011,4,2024-04-29
TAB-011,1,2024-04-30
TAB-011,6,2024-05-01
TAB-011,4,2024-05-02
TAB-011,3,2024-05-03
TAB-011,3,2024-05-04
TAB-011,1,2024-05-05
TAB-011,4,2024-05-06
TAB-011,6,2024-05-07
TAB-011,1,2024-05-08
TAB-011,4,2024-05-09
TAB-011,3,2024-05-10
TAB-011,2,2024-05-11
TAB-011,10,2024-05-12
TAB-011,1,2024-05-14
TAB-011,3,2024-05-15
TAB-011,3,2024-05-17
TAB-011,4,2024-05-18
TAB-011,2,2024-05-19
TAB-011,2,2024-05-20
TAB-011,4,2024-05-21
TAB-011,1,2024-05-22
TAB-011,3,2024-05-23
TAB-011,4,2024-05-24
TAB-011,1,2024-05-25
TAB-011,3,2024-05-26
TAB-011,3,2024-05-27
TAB-011,5,2024-05-28
TAB-011,2,2024-05-29
TAB-011,4,2024-05-30
TAB-011,4,2024-05-31
TAB-011,4,2024-06-01
TAB-011,3,2024-06-02
TAB-011,5,2024-06-03
TAB-011,2,2024-06-04
TAB-011,1,2024-06-05
TAB-011,2,2024-06-06
TAB-011,4,2024-06-07
TAB-011,3,2024-06-08
TAB-011,1,2024-06-09
TAB-011,3,2024-06-10
TAB-011,3,2024-06-11
TAB-011,2,2024-06-12
TAB-011,6,2024-06-13
TAB-011,4,2024-06-14
TAB-011,1,2024-06-15
TAB-011,2,2024-06-16
TAB-011,2,2024-06-17
TAB-011,3,2024-06-18
TAB-011,7,2024-06-19
TAB-011,3,2024-06-20
TAB-011,3,2024-06-21
TAB-011,6,2024-06-23
TAB-011,1,2024-06-24
TAB-011,3,2024-06-25
TAB-011,1,2024-06-26
TAB-011,2,2024-06-27
TAB-011,2,2024-06-28
TAB-011,5,2024-06-29
TAB-011,4,2024-06-30
TAB-011,2,2024-07-01
TAB-011,5,2024-07-02
TAB-011,2,2024-07-03
TAB-011,5,2024-07-04
TAB-011,3,2024-07-05
TAB-011,4,2024-07-06
TAB-011,4,2024-07-07
TAB-011,2,2024-07-08
TAB-011,3,2024-07-09
TAB-011,3,2024-07-10
TAB-011,3,2024-07-12
TAB-011,3,2024-07-13
TAB-011,1,2024-07-14
TAB-011,2,2024-07-15
TAB-011,1,2024-07-16
TAB-011,4,2024-07-18
TAB-011,5,2024-07-19
TAB-011,4,2024-07-20
TAB-011,3,2024-07-21
TAB-011,4,2024-07-22
TAB-011,2,2024-07-23
TAB-011,2,2024-07-24
TAB-011,3,2024-07-25
TAB-011,3,2024-07-26
TAB-011,4,2024-07-27
TAB-011,3,2024-07-28
TAB-011,4,2024-07-29
TAB-011,1,2024-07-30
TAB-011,4,2024-07-31
TAB-011,4,2024-08-01
TAB-011,3,2024-08-02
TAB-011,2,2024-08-03
TAB-011,1,2024-08-04
TAB-011,5,2024-08-05
TAB-011,4,2024-08-06
TAB-011,5,2024-08-07
TAB-011,2,2024-08-08
TAB-011,6,2024-08-09
TAB-011,7,2024-08-10
TAB-011,4,2024-08-11
TAB-011,1,2024-08-12
TAB-011,1,2024-08-13
TAB-011,1,2024-08-14
TAB-011,1,2024-08-15
TAB-011,5,2024-08-16
TAB-011,6,2024-08-17
TAB-011,1,2024-08-18
TAB-011,3,2024-08-19
TAB-011,2,2024-08-20
TAB-011,5,2024-08-21
TAB-011,3,2024-08-22
TAB-011,3,2024-08-23
TAB-011,4,2024-08-24
TAB-011,3,2024-08-25
TAB-011,4,2024-08-26
TAB-011,3,2024-08-27
TAB-011,1,2024-08-28
TAB-011,2,2024-08-29
TAB-011,5,2024-08-30
TAB-011,2,2024-08-31
TAB-011,2,2024-09-01
TAB-011,4,2024-09-02
TAB-011,3,2024-09-03
TAB-011,3,2024-09-04
TAB-011,2,2024-09-05
TAB-011,5,2024-09-06
TAB-011,2,2024-09-07
TAB-011,3,2024-09-08
TAB-011,2,2024-09-09
TAB-011,1,2024-09-10
TAB-011,1,2024-09-11
TAB-011,2,2024-09-12
TAB-011,3,2024-09-13
TAB-011,6,2024-09-14
TAB-011,5,2024-09-15
TAB-011,4,2024-09-17
TAB-011,2,2024-09-18
TAB-011,2,2024-09-19
TAB-011,1,2024-09-20
TAB-011,1,2024-09-21
TAB-011,6,2024-09-22
TAB-011,4,2024-09-23
TAB-011,7,2024-09-24
TAB-011,4,2024-09-25
TAB-011,1,2024-09-26
TAB-011,4,2024-09-27
TAB-011,2,2024-09-28
TAB-011,2,2024-09-29
TAB-011,4,2024-09-30
TAB-011,8,2024-10-01
TAB-011,2,2024-10-02
TAB-011,4,2024-10-03
TAB-011,5,2024-10-04
TAB-011,3,2024-10-05
TAB-011,3,2024-10-07
TAB-011,3,2024-10-08
TAB-011,3,2024-10-09
TAB-011,3,2024-10-10
TAB-011,5,2024-10-11
TAB-011,3,2024-10-12
TAB-011,5,2024-10-13
TAB-011,3,2024-10-14
TAB-011,2,2024-10-15
TAB-011,2,2024-10-16
TAB-011,2,2024-10-17
TAB-011,6,2024-10-18
TAB-011,4,2024-10-19
TAB-011,4,2024-10-20
TAB-011,4,2024-10-21
TAB-011,2,2024-10-22
TAB-011,3,2024-10-23
TAB-011,3,2024-10-24
TAB-011,1,2024-10-25
TAB-011,3,2024-10-27
TAB-011,1,2024-10-28
TAB-011,3,2024-10-30
TAB-011,4,2024-10-31
TAB-011,2,2024-11-01
TAB-011,1,2024-11-03
TAB-011,2,2024-11-04
TAB-011,3,2024-11-05
TAB-011,2,2024-11-06
TAB-011,3,2024-11-07
TAB-011,1,2024-11-08
TAB-011,3,2024-11-09
TAB-011,6,2024-11-10
TAB-011,4,2024-11-11
TAB-011,4,2024-11-12
TAB-011,3,2024-11-13
TAB-011,2,2024-11-14
TAB-011,5,2024-11-15
TAB-011,4,2024-11-16
TAB-011,3,2024-11-17
TAB-011,6,2024-11-18
TAB-011,5,2024-11-20
TAB-011,2,2024-11-21
TAB-011,4,2024-11-22
TAB-011,2,2024-11-23
TAB-011,3,2024-11-24
TAB-011,1,2024-11-25
TAB-011,3,2024-11-26
TAB-011,5,2024-11-27
TAB-011,6,2024-11-28
TAB-011,6,2024-11-29
TAB-011,3,2024-11-30
TAB-011,2,2024-12-01
TAB-011,3,2024-12-02
TAB-011,3,2024-12-03
TAB-011,6,2024-12-04
TAB-011,3,2024-12-05
TAB-011,6,2024-12-06
TAB-011,4,2024-12-07
TAB-011,1,2024-12-08
TAB-011,3,2024-12-09
TAB-011,1,2024-12-10
TAB-011,4,2024-12-11
TAB-011,4,2024-12-12
TAB-011,4,2024-12-13
TAB-011,2,2024-12-14
TAB-011,2,2024-12-15
TAB-011,2,2024-12-16
TAB-011,4,2024-12-17
TAB-011,4,2024-12-18
TAB-011,5,2024-12-19
TAB-011,3,2024-12-20
TAB-011,1,2024-12-21
TAB-011,2,2024-12-22
TAB-011,1,2024-12-23
TAB-011,7,2024-12-24
TAB-011,3,2024-12-25
TAB-011,1,2024-12-26
TAB-011,1,2024-12-27
TAB-011,3,2024-12-28
TAB-011,4,2024-12-29
TAB-011,3,2024-12-30
TAB-011,3,2024-12-31
TAB-011,5,2025-01-01
TAB-011,4,2025-01-02
TAB-011,2,2025-01-03
TAB-011,4,2025-01-04
TAB-011,5,2025-01-05
TAB-011,6,2025-01-06
TAB-011,5,2025-01-09
TAB-011,4,2025-01-10
TAB-011,5,2025-01-11
TAB-011,3,2025-01-12
TAB-011,2,2025-01-13
TAB-011,1,2025-01-14
TAB-011,1,2025-01-15
TAB-011,1,2025-01-16
TAB-011,4,2025-01-17
TAB-011,5,2025-01-18
TAB-011,4,2025-01-20
TAB-011,1,2025-01-21
TAB-011,1,2025-01-22
TAB-011,1,2025-01-23
TAB-011,6,2025-01-24
TAB-011,3,2025-01-25
TAB-011,4,2025-01-26
TAB-011,5,2025-01-27
TAB-011,3,2025-01-28
TAB-011,3,2025-01-29
TAB-011,5,2025-01-30
TAB-011,3,2025-01-31
TAB-011,2,2025-02-01
TAB-011,3,2025-02-02
TAB-011,2,2025-02-03
TAB-011,6,2025-02-04
TAB-011,2,2025-02-05
TAB-011,2,2025-02-06
TAB-011,2,2025-02-07
TAB-011,3,2025-02-08
TAB-011,3,2025-02-09
TAB-011,3,2025-02-10
TAB-011,3,2025-02-11
TAB-011,3,2025-02-13
TAB-011,2,2025-02-14
TAB-011,4,2025-02-15
TAB-011,5,2025-02-16
TAB-011,2,2025-02-17
TAB-011,2,2025-02-20
TAB-011,5,2025-02-21
TAB-011,7,2025-02-22
TAB-011,8,2025-02-23
TAB-011,3,2025-02-24
TAB-011,1,2025-02-25
TAB-011,5,2025-02-26
TAB-011,2,2025-02-27
TAB-011,2,2025-02-28
TAB-011,2,2025-03-01
TAB-011,3,2025-03-02
TAB-011,1,2025-03-03
TAB-011,5,2025-03-04
TAB-011,4,2025-03-05
TAB-011,4,2025-03-06
TAB-011,4,2025-03-07
TAB-011,3,2025-03-08
TAB-011,2,2025-03-09
TAB-011,2,2025-03-10
TAB-011,1,2025-03-11
TAB-011,3,2025-03-12
TAB-011,5,2025-03-13
TAB-011,3,2025-03-14
TAB-011,2,2025-03-16
TAB-011,1,2025-03-17
TAB-011,1,2025-03-18
TAB-011,2,2025-03-19
TAB-011,4,2025-03-20
TAB-011,2,2025-03-22
TAB-011,3,2025-03-23
TAB-011,2,2025-03-24
TAB-011,8,2025-03-25
TAB-011,4,2025-03-26
TAB-011,2,2025-03-27
TAB-011,1,2025-03-28
TAB-011,4,2025-03-29
TAB-011,2,2025-03-30
TAB-011,7,2025-03-31
TAB-011,1,2025-04-01
TAB-011,2,2025-04-02
TAB-011,2,2025-04-03
TAB-011,2,2025-04-04
TAB-011,6,2025-04-05
TAB-011,3,2025-04-06
TAB-011,4,2025-04-07
TAB-011,4,2025-04-08
TAB-011,3,2025-04-09
TAB-011,1,2025-04-10
TAB-011,2,2025-04-11
TAB-011,2,2025-04-12
TAB-011,2,2025-04-13
TAB-011,2,2025-04-14
TAB-011,6,2025-04-15
TAB-011,5,2025-04-16
TAB-011,3,2025-04-17
TAB-011,1,2025-04-18
TAB-011,2,2025-04-19
TAB-011,3,2025-04-20
TAB-011,4,2025-04-21
TAB-011,1,2025-04-22
TAB-011,3,2025-04-23
TAB-011,5,2025-04-24
TAB-011,4,2025-04-25
TAB-011,3,2025-04-26
TAB-011,5,2025-04-27
TAB-011,4,2025-04-28
TAB-011,2,2025-04-29
TAB-011,4,2025-05-01
TAB-011,2,2025-05-02
TAB-011,2,2025-05-03
TAB-011,5,2025-05-04
TAB-011,5,2025-05-05
TAB-011,2,2025-05-06
TAB-011,2,2025-05-07
TAB-011,1,2025-05-08
TAB-011,5,2025-05-09
TAB-011,4,2025-05-10
TAB-011,5,2025-05-11
TAB-011,1,2025-05-12
TAB-011,3,2025-05-13
TAB-011,2,2025-05-14
TAB-011,6,2025-05-15
TAB-011,3,2025-05-16
TAB-011,3,2025-05-17
TAB-011,2,2025-05-18
TAB-011,3,2025-05-19
TAB-011,1,2025-05-20
TAB-011,2,2025-05-21
TAB-011,3,2025-05-22
TAB-011,5,2025-05-23
TAB-011,1,2025-05-24
TAB-011,2,2025-05-25
TAB-011,4,2025-05-26
TAB-011,3,2025-05-27
TAB-011,5,2025-05-28
TAB-011,1,2025-05-29
TAB-011,5,2025-05-30
TAB-011,1,2025-05-31
TAB-011,3,2025-06-01
TAB-011,1,2025-06-02
TAB-011,3,2025-06-03
TAB-011,4,2025-06-04
TAB-011,3,2025-06-05
TAB-011,1,2025-06-06
TAB-011,1,2025-06-07
TAB-011,2,2025-06-08
TAB-011,3,2025-06-09
TAB-011,1,2025-06-10
TAB-011,3,2025-06-11
TAB-011,3,2025-06-12
TAB-011,2,2025-06-13
TAB-011,6,2025-06-14
TAB-011,3,2025-06-15
TAB-011,3,2025-06-16
TAB-011,2,2025-06-17
TAB-011,4,2025-06-19
TAB-011,4,2025-06-20
TAB-011,5,2025-06-21
TAB-011,2,2025-06-22
TAB-011,2,2025-06-23
TAB-011,2,2025-06-24
TAB-011,4,2025-06-25
TAB-011,5,2025-06-26
TAB-011,3,2025-06-27
TAB-011,4,2025-06-28
TAB-011,4,2025-06-29
TAB-011,1,2025-06-30
TAB-011,1,2025-07-01
TAB-011,2,2025-07-02
TAB-011,3,2025-07-04
TAB-011,2,2025-07-05
TAB-011,3,2025-07-06
TAB-011,4,2025-07-07
TAB-011,3,2025-07-08
TAB-011,5,2025-07-09
TAB-011,2,2025-07-10
TAB-011,2,2025-07-11
TAB-011,3,2025-07-12
TAB-011,3,2025-07-13
TAB-011,4,2025-07-14
TAB-011,5,2025-07-15
TAB-011,4,2025-07-16
TAB-011,2,2025-07-17
TAB-011,3,2025-07-19
TAB-011,6,2025-07-20
TAB-011,2,2025-07-21
TAB-011,4,2025-07-22
TAB-011,2,2025-07-23
TAB-011,2,2025-07-24
TAB-011,2,2025-07-25
TAB-011,4,2025-07-27
TAB-011,1,2025-07-28
TAB-011,1,2025-07-29
TAB-011,1,2025-07-30
TAB-011,1,2025-07-31
TAB-011,2,2025-08-01
TAB-011,2,2025-08-02
TAB-011,2,2025-08-03
TAB-011,2,2025-08-04
TAB-011,2,2025-08-05
TAB-011,1,2025-08-06
TAB-011,2,2025-08-07
TAB-011,3,2025-08-08
TAB-011,1,2025-08-10
TAB-011,2,2025-08-11
TAB-011,2,2025-08-12
TAB-011,2,2025-08-13
TAB-011,1,2025-08-14
TAB-011,2,2025-08-15
TAB-011,6,2025-08-16
TAB-011,6,2025-08-17
TAB-011,1,2025-08-18
TAB-011,2,2025-08-19
TAB-011,4,2025-08-20
TAB-011,1,2025-08-21
TAB-011,3,2025-08-22
TAB-011,5,2025-08-23
TAB-011,5,2025-08-24
TAB-011,2,2025-08-25
TAB-011,1,2025-08-26
TAB-011,5,2025-08-27
TAB-011,2,2025-08-28
TAB-011,2,2025-08-29
TAB-011,3,2025-08-30
TAB-011,5,2025-08-31
TAB-011,2,2025-09-01
TAB-011,5,2025-09-02
TAB-011,4,2025-09-04
TAB-011,4,2025-09-05
TAB-011,1,2025-09-06
TAB-011,2,2025-09-07
TAB-011,1,2025-09-08
TAB-011,6,2025-09-10
TAB-011,1,2025-09-11
TAB-011,2,2025-09-12
TAB-011,3,2025-09-13
TAB-011,4,2025-09-14
TAB-011,4,2025-09-15
TAB-011,3,2025-09-16
TAB-011,5,2025-09-17
TAB-011,3,2025-09-18
TAB-011,4,2025-09-19
TAB-011,3,2025-09-20
TAB-011,2,2025-09-21
TAB-011,4,2025-09-22
TAB-011,3,2025-09-23
TAB-011,5,2025-09-24
TAB-011,1,2025-09-25
TAB-011,4,2025-09-26
TAB-011,4,2025-09-27
TAB-011,1,2025-09-28
TAB-011,2,2025-09-29
TAB-011,3,2025-09-30
TAB-011,5,2025-10-01
TAB-011,1,2025-10-02
TAB-011,3,2025-10-03
TAB-011,1,2025-10-04
TAB-011,4,2025-10-05
TAB-011,1,2025-10-06
TAB-011,1,2025-10-07
TAB-011,2,2025-10-08
TAB-011,4,2025-10-09
TAB-011,1,2025-10-10
TAB-011,2,2025-10-11
TAB-011,2,2025-10-12
TAB-011,3,2025-10-13
TAB-011,1,2025-10-14
TAB-011,2,2025-10-15
TAB-011,3,2025-10-16
TAB-011,1,2025-10-17
TAB-011,4,2025-10-18
TAB-011,1,2025-10-19
TAB-011,2,2025-10-20
TAB-011,2,2025-10-21
TAB-011,7,2025-10-22
TAB-011,1,2025-10-23
TAB-011,3,2025-10-24
TAB-011,1,2025-10-25
TAB-011,5,2025-10-26
TAB-011,1,2025-10-27
TAB-011,3,2025-10-28
TAB-011,3,2025-10-29
TAB-011,1,2025-10-30
TAB-011,1,2025-10-31
TAB-011,3,2025-11-03
TAB-011,1,2025-11-04
TAB-011,3,2025-11-05
TAB-011,3,2025-11-06
TAB-011,7,2025-11-07
TAB-011,2,2025-11-08
TAB-011,4,2025-11-09
TAB-011,3,2025-11-10
TAB-011,2,2025-11-11
TAB-011,1,2025-11-12
TAB-011,3,2025-11-13
TAB-011,4,2025-11-14
TAB-011,2,2025-11-15
TAB-011,4,2025-11-16
TAB-011,4,2025-11-18
TAB-011,3,2025-11-19
TAB-011,4,2025-11-20
TAB-011,3,2025-11-21
TAB-011,3,2025-11-22
TAB-011,3,2025-11-23
TAB-011,1,2025-11-24
TAB-011,5,2025-11-25
TAB-011,1,2025-11-26
TAB-011,3,2025-11-27
TAB-011,5,2025-11-28
TAB-011,1,2025-11-29
TAB-011,2,2025-11-30
TAB-011,1,2025-12-01
TAB-011,6,2025-12-02
TAB-011,1,2025-12-03
TAB-011,2,2025-12-04
TAB-011,2,2025-12-05
TAB-011,6,2025-12-06
TAB-011,6,2025-12-07
TAB-011,4,2025-12-08
TAB-011,2,2025-12-09
TAB-011,2,2025-12-10
TAB-011,2,2025-12-11
TAB-011,2,2025-12-12
TAB-011,4,2025-12-13
TAB-011,3,2025-12-14
TAB-011,1,2025-12-16
TAB-011,2,2025-12-17
TAB-011,4,2025-12-19
TAB-011,3,2025-12-20
TAB-011,7,2025-12-21
TAB-011,2,2025-12-22
TAB-011,1,2025-12-23
TAB-011,1,2025-12-24
TAB-011,3,2025-12-25
TAB-011,8,2025-12-26
TAB-011,1,2025-12-27
TAB-011,5,2025-12-28
TAB-011,6,2025-12-29
TAB-011,2,2025-12-30
TAB-011,1,2025-12-31
TAB-011,1,2026-01-01
TAB-011,2,2026-01-02
TAB-011,5,2026-01-03
TAB-011,3,2026-01-04
TAB-011,2,2026-01-05
TAB-011,2,2026-01-06
TAB-011,2,2026-01-07
TAB-011,4,2026-01-08
TAB-011,2,2026-01-09
TAB-011,3,2026-01-11
TAB-011,5,2026-01-12
TAB-011,1,2026-01-13
TAB-011,1,2026-01-14
TAB-011,3,2026-01-15
TAB-011,2,2026-01-16
TAB-011,8,2026-01-17
TAB-011,2,2026-01-18
TAB-011,4,2026-01-19
TAB-011,6,2026-01-20
TAB-011,1,2026-01-21
TAB-011,3,2026-01-22
TAB-011,3,2026-01-23
TAB-011,2,2026-01-25
MIC-012,1,2023-01-26
MIC-012,6,2023-01-27
MIC-012,1,2023-01-28
MIC-012,2,2023-01-29
MIC-012,3,2023-01-30
MIC-012,3,2023-01-31
MIC-012,5,2023-02-01
MIC-012,2,2023-02-02
MIC-012,1,2023-02-03
MIC-012,2,2023-02-04
MIC-012,1,2023-02-05
MIC-012,2,2023-02-06
MIC-012,3,2023-02-07
MIC-012,1,2023-02-08
MIC-012,3,2023-02-10
MIC-012,2,2023-02-11
MIC-012,2,2023-02-12
MIC-012,1,2023-02-13
MIC-012,1,2023-02-14
MIC-012,2,2023-02-16
MIC-012,3,2023-02-18
MIC-012,4,2023-02-19
MIC-012,3,2023-02-20
MIC-012,1,2023-02-21
MIC-012,5,2023-02-22
MIC-012,1,2023-02-23
MIC-012,2,2023-02-24
MIC-012,4,2023-02-25
MIC-012,3,2023-02-26
MIC-012,1,2023-02-27
MIC-012,2,2023-02-28
MIC-012,1,2023-03-01
MIC-012,1,2023-03-02
MIC-012,3,2023-03-03
MIC-012,1,2023-03-04
MIC-012,5,2023-03-05
MIC-012,1,2023-03-07
MIC-012,1,2023-03-08
MIC-012,3,2023-03-09
MIC-012,3,2023-03-10
MIC-012,1,2023-03-11
MIC-012,2,2023-03-12
MIC-012,2,2023-03-13
MIC-012,2,2023-03-14
MIC-012,3,2023-03-15
MIC-012,5,2023-03-16
MIC-012,2,2023-03-17
MIC-012,1,2023-03-18
MIC-012,1,2023-03-19
MIC-012,4,2023-03-20
MIC-012,1,2023-03-21
MIC-012,1,2023-03-22
MIC-012,1,2023-03-24
MIC-012,5,2023-03-25
MIC-012,1,2023-03-27
MIC-012,1,2023-03-28
MIC-012,2,2023-03-29
MIC-012,2,2023-03-31
MIC-012,4,2023-04-01
MIC-012,1,2023-04-02
MIC-012,2,2023-04-03
MIC-012,4,2023-04-06
MIC-012,2,2023-04-07
MIC-012,3,2023-04-08
MIC-012,2,2023-04-09
MIC-012,1,2023-04-10
MIC-012,1,2023-04-11
MIC-012,6,2023-04-12
MIC-012,2,2023-04-13
MIC-012,4,2023-04-14
MIC-012,5,2023-04-15
MIC-012,1,2023-04-16
MIC-012,1,2023-04-18
MIC-012,3,2023-04-19
MIC-012,2,2023-04-20
MIC-012,2,2023-04-21
MIC-012,1,2023-04-22
MIC-012,1,2023-04-24
MIC-012,3,2023-04-25
MIC-012,3,2023-04-27
MIC-012,2,2023-04-28
MIC-012,1,2023-04-29
MIC-012,3,2023-04-30
MIC-012,3,2023-05-01
MIC-012,1,2023-05-02
MIC-012,1,2023-05-03
MIC-012,5,2023-05-04
MIC-012,2,2023-05-05
MIC-012,5,2023-05-06
MIC-012,3,2023-05-07
MIC-012,5,2023-05-08
MIC-012,2,2023-05-09
MIC-012,1,2023-05-10
MIC-012,1,2023-05-12
MIC-012,4,2023-05-13
MIC-012,1,2023-05-14
MIC-012,1,2023-05-15
MIC-012,2,2023-05-17
MIC-012,1,2023-05-18
MIC-012,2,2023-05-19
MIC-012,2,2023-05-20
MIC-012,2,2023-05-21
MIC-012,1,2023-05-22
MIC-012,3,2023-05-23
MIC-012,2,2023-05-24
MIC-012,2,2023-05-25
MIC-012,2,2023-05-26
MIC-012,1,2023-05-27
MIC-012,2,2023-05-28
MIC-012,1,2023-05-29
MIC-012,2,2023-05-31
MIC-012,1,2023-06-01
MIC-012,2,2023-06-02
MIC-012,3,2023-06-03
MIC-012,6,2023-06-05
MIC-012,3,2023-06-06
MIC-012,4,2023-06-09
MIC-012,1,2023-06-10
MIC-012,2,2023-06-11
MIC-012,1,2023-06-12
MIC-012,3,2023-06-13
MIC-012,2,2023-06-14
MIC-012,1,2023-06-16
MIC-012,2,2023-06-17
MIC-012,2,2023-06-18
MIC-012,1,2023-06-19
MIC-012,2,2023-06-20
MIC-012,1,2023-06-21
MIC-012,1,2023-06-22
MIC-012,1,2023-06-23
MIC-012,1,2023-06-24
MIC-012,2,2023-06-25
MIC-012,2,2023-06-26
MIC-012,2,2023-06-27
MIC-012,1,2023-06-28
MIC-012,2,2023-06-29
MIC-012,1,2023-06-30
MIC-012,1,2023-07-01
MIC-012,1,2023-07-02
MIC-012,1,2023-07-03
MIC-012,2,2023-07-05
MIC-012,3,2023-07-06
MIC-012,1,2023-07-07
MIC-012,1,2023-07-08
MIC-012,3,2023-07-09
MIC-012,2,2023-07-10
MIC-012,2,2023-07-11
MIC-012,1,2023-07-12
MIC-012,2,2023-07-13
MIC-012,1,2023-07-15
MIC-012,3,2023-07-16
MIC-012,3,2023-07-17
MIC-012,4,2023-07-18
MIC-012,1,2023-07-19
MIC-012,4,2023-07-22
MIC-012,4,2023-07-23
MIC-012,3,2023-07-24
MIC-012,1,2023-07-25
MIC-012,1,2023-07-26
MIC-012,1,2023-07-27
MIC-012,4,2023-07-28
MIC-012,4,2023-07-29
MIC-012,2,2023-07-30
MIC-012,3,2023-07-31
MIC-012,5,2023-08-01
MIC-012,2,2023-08-02
MIC-012,4,2023-08-03
MIC-012,1,2023-08-04
MIC-012,1,2023-08-06
MIC-012,5,2023-08-07
MIC-012,2,2023-08-08
MIC-012,3,2023-08-09
MIC-012,3,2023-08-10
MIC-012,2,2023-08-12
MIC-012,1,2023-08-13
MIC-012,3,2023-08-14
MIC-012,1,2023-08-15
MIC-012,3,2023-08-16
MIC-012,3,2023-08-17
MIC-012,2,2023-08-18
MIC-012,4,2023-08-19
MIC-012,1,2023-08-20
MIC-012,2,2023-08-21
MIC-012,7,2023-08-22
MIC-012,3,2023-08-24
MIC-012,2,2023-08-25
MIC-012,2,2023-08-26
MIC-012,2,2023-08-27
MIC-012,2,2023-08-28
MIC-012,1,2023-08-29
MIC-012,3,2023-08-30
MIC-012,2,2023-08-31
MIC-012,1,2023-09-01
MIC-012,2,2023-09-02
MIC-012,1,2023-09-04
MIC-012,1,2023-09-05
MIC-012,3,2023-09-06
MIC-012,2,2023-09-07
MIC-012,2,2023-09-08
MIC-012,3,2023-09-09
MIC-012,1,2023-09-11
MIC-012,1,2023-09-12
MIC-012,1,2023-09-13
MIC-012,2,2023-09-14
MIC-012,2,2023-09-15
MIC-012,3,2023-09-16
MIC-012,1,2023-09-17
MIC-012,2,2023-09-18
MIC-012,1,2023-09-19
MIC-012,6,2023-09-20
MIC-012,3,2023-09-21
MIC-012,2,2023-09-23
MIC-012,4,2023-09-25
MIC-012,3,2023-09-26
MIC-012,1,2023-09-27
MIC-012,2,2023-09-28
MIC-012,1,2023-10-01
MIC-012,2,2023-10-02
MIC-012,3,2023-10-03
MIC-012,2,2023-10-04
MIC-012,2,2023-10-05
MIC-012,3,2023-10-07
MIC-012,1,2023-10-08
MIC-012,3,2023-10-09
MIC-012,2,2023-10-10
MIC-012,3,2023-10-11
MIC-012,2,2023-10-12
MIC-012,1,2023-10-13
MIC-012,2,2023-10-14
MIC-012,2,2023-10-15
MIC-012,2,2023-10-17
MIC-012,3,2023-10-18
MIC-012,1,2023-10-19
MIC-012,2,2023-10-20
MIC-012,3,2023-10-21
MIC-012,5,2023-10-22
MIC-012,3,2023-10-23
MIC-012,3,2023-10-24
MIC-012,4,2023-10-25
MIC-012,2,2023-10-26
MIC-012,1,2023-10-27
MIC-012,2,2023-10-28
MIC-012,2,2023-10-29
MIC-012,3,2023-10-30
MIC-012,2,2023-10-31
MIC-012,2,2023-11-01
MIC-012,2,2023-11-02
MIC-012,1,2023-11-03
MIC-012,1,2023-11-05
MIC-012,4,2023-11-06
MIC-012,1,2023-11-07
MIC-012,5,2023-11-08
MIC-012,3,2023-11-09
MIC-012,3,2023-11-10
MIC-012,2,2023-11-11
MIC-012,2,2023-11-12
MIC-012,1,2023-11-13
MIC-012,3,2023-11-14
MIC-012,3,2023-11-15
MIC-012,2,2023-11-16
MIC-012,2,2023-11-17
MIC-012,1,2023-11-18
MIC-012,3,2023-11-19
MIC-012,3,2023-11-20
MIC-012,2,2023-11-21
MIC-012,4,2023-11-22
MIC-012,5,2023-11-23
MIC-012,1,2023-11-24
MIC-012,5,2023-11-25
MIC-012,2,2023-11-26
MIC-012,2,2023-11-27
MIC-012,1,2023-11-28
MIC-012,3,2023-11-29
MIC-012,2,2023-11-30
MIC-012,1,2023-12-01
MIC-012,2,2023-12-02
MIC-012,1,2023-12-03
MIC-012,3,2023-12-04
MIC-012,3,2023-12-05
MIC-012,4,2023-12-06
MIC-012,3,2023-12-08
MIC-012,1,2023-12-09
MIC-012,1,2023-12-10
MIC-012,1,2023-12-11
MIC-012,2,2023-12-12
MIC-012,3,2023-12-13
MIC-012,4,2023-12-15
MIC-012,4,2023-12-16
MIC-012,1,2023-12-17
MIC-012,6,2023-12-18
MIC-012,7,2023-12-19
MIC-012,2,2023-12-20
MIC-012,3,2023-12-21
MIC-012,1,2023-12-22
MIC-012,3,2023-12-23
MIC-012,2,2023-12-24
MIC-012,2,2023-12-25
MIC-012,2,2023-12-27
MIC-012,2,2023-12-28
MIC-012,4,2023-12-30
MIC-012,1,2023-12-31
MIC-012,1,2024-01-01
MIC-012,1,2024-01-03
MIC-012,1,2024-01-04
MIC-012,5,2024-01-05
MIC-012,4,2024-01-07
MIC-012,1,2024-01-08
MIC-012,4,2024-01-09
MIC-012,4,2024-01-10
MIC-012,1,2024-01-11
MIC-012,3,2024-01-12
MIC-012,5,2024-01-13
MIC-012,3,2024-01-14
MIC-012,3,2024-01-15
MIC-012,5,2024-01-16
MIC-012,2,2024-01-17
MIC-012,3,2024-01-18
MIC-012,3,2024-01-19
MIC-012,2,2024-01-21
MIC-012,1,2024-01-22
MIC-012,2,2024-01-23
MIC-012,5,2024-01-24
MIC-012,1,2024-01-25
MIC-012,2,2024-01-26
MIC-012,1,2024-01-27
MIC-012,2,2024-01-28
MIC-012,4,2024-01-29
MIC-012,4,2024-01-30
MIC-012,1,2024-01-31
MIC-012,2,2024-02-01
MIC-012,1,2024-02-02
MIC-012,4,2024-02-03
MIC-012,1,2024-02-04
MIC-012,6,2024-02-05
MIC-012,2,2024-02-06
MIC-012,2,2024-02-07
MIC-012,2,2024-02-08
MIC-012,1,2024-02-10
MIC-012,1,2024-02-12
MIC-012,2,2024-02-13
MIC-012,2,2024-02-14
MIC-012,3,2024-02-15
MIC-012,1,2024-02-16
MIC-012,3,2024-02-17
MIC-012,2,2024-02-18
MIC-012,2,2024-02-20
MIC-012,1,2024-02-21
MIC-012,7,2024-02-22
MIC-012,5,2024-02-23
MIC-012,1,2024-02-24
MIC-012,1,2024-02-25
MIC-012,3,2024-02-27
MIC-012,1,2024-02-28
MIC-012,3,2024-02-29
MIC-012,4,2024-03-02
MIC-012,2,2024-03-03
MIC-012,5,2024-03-05
MIC-012,4,2024-03-06
MIC-012,1,2024-03-07
MIC-012,3,2024-03-08
MIC-012,2,2024-03-10
MIC-012,1,2024-03-11
MIC-012,1,2024-03-13
MIC-012,2,2024-03-15
MIC-012,2,2024-03-16
MIC-012,1,2024-03-18
MIC-012,3,2024-03-19
MIC-012,3,2024-03-20
MIC-012,3,2024-03-21
MIC-012,2,2024-03-22
MIC-012,1,2024-03-23
MIC-012,6,2024-03-24
MIC-012,1,2024-03-25
MIC-012,2,2024-03-26
MIC-012,1,2024-03-29
MIC-012,5,2024-03-30
MIC-012,2,2024-04-01
MIC-012,2,2024-04-02
MIC-012,3,2024-04-03
MIC-012,1,2024-04-04
MIC-012,1,2024-04-05
MIC-012,4,2024-04-06
MIC-012,3,2024-04-07
MIC-012,5,2024-04-08
MIC-012,2,2024-04-09
MIC-012,1,2024-04-10
MIC-012,1,2024-04-12
MIC-012,2,2024-04-14
MIC-012,3,2024-04-15
MIC-012,1,2024-04-16
MIC-012,2,2024-04-17
MIC-012,1,2024-04-18
MIC-012,4,2024-04-20
MIC-012,1,2024-04-21
MIC-012,3,2024-04-22
MIC-012,2,2024-04-23
MIC-012,1,2024-04-24
MIC-012,4,2024-04-25
MIC-012,3,2024-04-26
MIC-012,1,2024-04-27
MIC-012,3,2024-04-28
MIC-012,1,2024-04-29
MIC-012,1,2024-04-30
MIC-012,2,2024-05-02
MIC-012,3,2024-05-03
MIC-012,5,2024-05-04
MIC-012,2,2024-05-05
MIC-012,1,2024-05-06
MIC-012,5,2024-05-07
MIC-012,2,2024-05-08
MIC-012,3,2024-05-09
MIC-012,2,2024-05-10
MIC-012,1,2024-05-11
MIC-012,2,2024-05-12
MIC-012,4,2024-05-13
MIC-012,2,2024-05-14
MIC-012,2,2024-05-16
MIC-012,2,2024-05-18
MIC-012,4,2024-05-19
MIC-012,2,2024-05-20
MIC-012,4,2024-05-21
MIC-012,1,2024-05-22
MIC-012,4,2024-05-24
MIC-012,2,2024-05-26
MIC-012,1,2024-05-27
MIC-012,4,2024-05-28
MIC-012,2,2024-05-29
MIC-012,1,2024-05-30
MIC-012,3,2024-06-01
MIC-012,1,2024-06-02
MIC-012,2,2024-06-03
MIC-012,1,2024-06-04
MIC-012,1,2024-06-05
MIC-012,4,2024-06-06
MIC-012,2,2024-06-08
MIC-012,5,2024-06-09
MIC-012,1,2024-06-11
MIC-012,1,2024-06-12
MIC-012,2,2024-06-13
MIC-012,1,2024-06-14
MIC-012,4,2024-06-15
MIC-012,2,2024-06-17
MIC-012,1,2024-06-18
MIC-012,1,2024-06-19
MIC-012,1,2024-06-21
MIC-012,4,2024-06-22
MIC-012,3,2024-06-23
MIC-012,2,2024-06-24
MIC-012,4,2024-06-26
MIC-012,1,2024-06-27
MIC-012,1,2024-06-28
MIC-012,4,2024-06-30
MIC-012,2,2024-07-01
MIC-012,2,2024-07-02
MIC-012,3,2024-07-03
MIC-012,4,2024-07-04
MIC-012,3,2024-07-05
MIC-012,1,2024-07-06
MIC-012,2,2024-07-07
MIC-012,1,2024-07-08
MIC-012,2,2024-07-09
MIC-012,4,2024-07-10
MIC-012,3,2024-07-11
MIC-012,1,2024-07-12
MIC-012,3,2024-07-13
MIC-012,5,2024-07-14
MIC-012,3,2024-07-15
MIC-012,1,2024-07-16
MIC-012,2,2024-07-18
MIC-012,3,2024-07-19
MIC-012,2,2024-07-20
MIC-012,1,2024-07-21
MIC-012,4,2024-07-23
MIC-012,1,2024-07-24
MIC-012,4,2024-07-25
MIC-012,2,2024-07-26
MIC-012,1,2024-07-27
MIC-012,2,2024-07-28
MIC-012,2,2024-08-01
MIC-012,5,2024-08-02
MIC-012,1,2024-08-03
MIC-012,5,2024-08-04
MIC-012,5,2024-08-05
MIC-012,1,2024-08-07
MIC-012,1,2024-08-08
MIC-012,5,2024-08-09
MIC-012,2,2024-08-10
MIC-012,3,2024-08-11
MIC-012,6,2024-08-13
MIC-012,3,2024-08-14
MIC-012,3,2024-08-15
MIC-012,1,2024-08-16
MIC-012,3,2024-08-17
MIC-012,4,2024-08-18
MIC-012,2,2024-08-19
MIC-012,4,2024-08-20
MIC-012,2,2024-08-21
MIC-012,2,2024-08-22
MIC-012,1,2024-08-24
MIC-012,2,2024-08-25
MIC-012,2,2024-08-26
MIC-012,4,2024-08-27
MIC-012,1,2024-08-28
MIC-012,4,2024-08-30
MIC-012,1,2024-08-31
MIC-012,2,2024-09-01
MIC-012,2,2024-09-02
MIC-012,2,2024-09-03
MIC-012,4,2024-09-04
MIC-012,3,2024-09-05
MIC-012,4,2024-09-06
MIC-012,2,2024-09-07
MIC-012,2,2024-09-08
MIC-012,4,2024-09-10
MIC-012,1,2024-09-11
MIC-012,1,2024-09-12
MIC-012,5,2024-09-13
MIC-012,1,2024-09-14
MIC-012,2,2024-09-15
MIC-012,1,2024-09-16
MIC-012,1,2024-09-17
MIC-012,5,2024-09-18
MIC-012,3,2024-09-20
MIC-012,3,2024-09-21
MIC-012,2,2024-09-22
MIC-012,3,2024-09-23
MIC-012,1,2024-09-24
MIC-012,2,2024-09-25
MIC-012,3,2024-09-26
MIC-012,4,2024-09-27
MIC-012,2,2024-09-28
MIC-012,1,2024-09-30
MIC-012,3,2024-10-01
MIC-012,1,2024-10-02
MIC-012,3,2024-10-03
MIC-012,2,2024-10-04
MIC-012,4,2024-10-05
MIC-012,1,2024-10-06
MIC-012,3,2024-10-07
MIC-012,2,2024-10-08
MIC-012,2,2024-10-10
MIC-012,2,2024-10-12
MIC-012,1,2024-10-13
MIC-012,4,2024-10-15
MIC-012,2,2024-10-16
MIC-012,2,2024-10-17
MIC-012,1,2024-10-19
MIC-012,1,2024-10-20
MIC-012,4,2024-10-23
MIC-012,2,2024-10-24
MIC-012,1,2024-10-25
MIC-012,3,2024-10-26
MIC-012,4,2024-10-27
MIC-012,3,2024-10-28
MIC-012,1,2024-10-31
MIC-012,1,2024-11-01
MIC-012,2,2024-11-02
MIC-012,6,2024-11-03
MIC-012,5,2024-11-04
MIC-012,2,2024-11-05
MIC-012,2,2024-11-06
MIC-012,2,2024-11-07
MIC-012,2,2024-11-08
MIC-012,2,2024-11-10
MIC-012,2,2024-11-12
MIC-012,2,2024-11-13
MIC-012,3,2024-11-14
MIC-012,3,2024-11-15
MIC-012,2,2024-11-17
MIC-012,2,2024-11-18
MIC-012,2,2024-11-19
MIC-012,1,2024-11-20
MIC-012,4,2024-11-21
MIC-012,1,2024-11-22
MIC-012,1,2024-11-23
MIC-012,2,2024-11-24
MIC-012,2,2024-11-25
MIC-012,2,2024-11-26
MIC-012,3,2024-11-27
MIC-012,3,2024-11-29
MIC-012,1,2024-11-30
MIC-012,1,2024-12-01
MIC-012,3,2024-12-02
MIC-012,3,2024-12-03
MIC-012,3,2024-12-04
MIC-012,1,2024-12-05
MIC-012,3,2024-12-06
MIC-012,1,2024-12-07
MIC-012,1,2024-12-08
MIC-012,3,2024-12-10
MIC-012,3,2024-12-11
MIC-012,1,2024-12-13
MIC-012,6,2024-12-14
MIC-012,1,2024-12-15
MIC-012,2,2024-12-16
MIC-012,1,2024-12-17
MIC-012,2,2024-12-19
MIC-012,3,2024-12-20
MIC-012,1,2024-12-21
MIC-012,1,2024-12-22
MIC-012,3,2024-12-23
MIC-012,4,2024-12-24
MIC-012,2,2024-12-25
MIC-012,5,2024-12-26
MIC-012,2,2024-12-27
MIC-012,1,2024-12-29
MIC-012,1,2024-12-30
MIC-012,4,2024-12-31
MIC-012,2,2025-01-01
MIC-012,2,2025-01-02
MIC-012,1,2025-01-03
MIC-012,1,2025-01-04
MIC-012,2,2025-01-06
MIC-012,2,2025-01-07
MIC-012,2,2025-01-08
MIC-012,1,2025-01-09
MIC-012,1,2025-01-10
MIC-012,2,2025-01-11
MIC-012,6,2025-01-12
MIC-012,3,2025-01-13
MIC-012,1,2025-01-14
MIC-012,1,2025-01-16
MIC-012,3,2025-01-17
MIC-012,2,2025-01-19
MIC-012,2,2025-01-20
MIC-012,2,2025-01-21
MIC-012,1,2025-01-22
MIC-012,3,2025-01-23
MIC-012,1,2025-01-24
MIC-012,2,2025-01-25
MIC-012,2,2025-01-26
MIC-012,1,2025-01-27
MIC-012,1,2025-01-28
MIC-012,3,2025-01-29
MIC-012,1,2025-01-30
MIC-012,2,2025-01-31
MIC-012,1,2025-02-01
MIC-012,2,2025-02-02
MIC-012,1,2025-02-03
MIC-012,2,2025-02-04
MIC-012,2,2025-02-05
MIC-012,2,2025-02-06
MIC-012,2,2025-02-07
MIC-012,2,2025-02-08
MIC-012,2,2025-02-09
MIC-012,2,2025-02-11
MIC-012,3,2025-02-12
MIC-012,5,2025-02-13
MIC-012,5,2025-02-14
MIC-012,8,2025-02-15
MIC-012,2,2025-02-16
MIC-012,5,2025-02-19
MIC-012,2,2025-02-20
MIC-012,2,2025-02-22
MIC-012,2,2025-02-23
MIC-012,1,2025-02-24
MIC-012,1,2025-02-25
MIC-012,2,2025-02-26
MIC-012,4,2025-02-27
MIC-012,5,2025-02-28
MIC-012,1,2025-03-01
MIC-012,4,2025-03-02
MIC-012,3,2025-03-03
MIC-012,1,2025-03-04
MIC-012,1,2025-03-05
MIC-012,2,2025-03-06
MIC-012,2,2025-03-07
MIC-012,2,2025-03-08
MIC-012,1,2025-03-09
MIC-012,2,2025-03-10
MIC-012,1,2025-03-11
MIC-012,1,2025-03-12
MIC-012,4,2025-03-13
MIC-012,3,2025-03-14
MIC-012,3,2025-03-16
MIC-012,1,2025-03-17
MIC-012,4,2025-03-18
MIC-012,6,2025-03-20
MIC-012,4,2025-03-21
MIC-012,2,2025-03-23
MIC-012,2,2025-03-24
MIC-012,1,2025-03-25
MIC-012,2,2025-03-26
MIC-012,2,2025-03-27
MIC-012,1,2025-03-28
MIC-012,5,2025-03-29
MIC-012,3,2025-03-30
MIC-012,2,2025-04-01
MIC-012,1,2025-04-05
MIC-012,1,2025-04-06
MIC-012,1,2025-04-07
MIC-012,1,2025-04-08
MIC-012,2,2025-04-09
MIC-012,3,2025-04-10
MIC-012,3,2025-04-11
MIC-012,2,2025-04-12
MIC-012,1,2025-04-13
MIC-012,2,2025-04-14
MIC-012,3,2025-04-15
MIC-012,5,2025-04-16
MIC-012,2,2025-04-17
MIC-012,3,2025-04-19
MIC-012,2,2025-04-20
MIC-012,1,2025-04-21
MIC-012,1,2025-04-22
MIC-012,1,2025-04-23
MIC-012,1,2025-04-24
MIC-012,1,2025-04-25
MIC-012,4,2025-04-26
MIC-012,5,2025-04-27
MIC-012,2,2025-04-28
MIC-012,3,2025-04-29
MIC-012,3,2025-04-30
MIC-012,3,2025-05-01
MIC-012,3,2025-05-02
MIC-012,2,2025-05-03
MIC-012,2,2025-05-04
MIC-012,4,2025-05-05
MIC-012,4,2025-05-06
MIC-012,1,2025-05-07
MIC-012,1,2025-05-08
MIC-012,2,2025-05-09
MIC-012,1,2025-05-10
MIC-012,1,2025-05-11
MIC-012,2,2025-05-12
MIC-012,3,2025-05-13
MIC-012,2,2025-05-14
MIC-012,4,2025-05-15
MIC-012,3,2025-05-17
MIC-012,3,2025-05-19
MIC-012,2,2025-05-20
MIC-012,1,2025-05-22
MIC-012,2,2025-05-23
MIC-012,2,2025-05-24
MIC-012,2,2025-05-25
MIC-012,1,2025-05-26
MIC-012,2,2025-05-27
MIC-012,3,2025-05-28
MIC-012,3,2025-05-29
MIC-012,3,2025-05-30
MIC-012,2,2025-05-31
MIC-012,2,2025-06-01
MIC-012,5,2025-06-02
MIC-012,2,2025-06-03
MIC-012,1,2025-06-04
MIC-012,2,2025-06-05
MIC-012,3,2025-06-06
MIC-012,2,2025-06-07
MIC-012,3,2025-06-08
MIC-012,3,2025-06-09
MIC-012,5,2025-06-10
MIC-012,3,2025-06-11
MIC-012,1,2025-06-12
MIC-012,6,2025-06-13
MIC-012,3,2025-06-14
MIC-012,2,2025-06-15
MIC-012,2,2025-06-16
MIC-012,2,2025-06-17
MIC-012,3,2025-06-18
MIC-012,1,2025-06-19
MIC-012,2,2025-06-20
MIC-012,2,2025-06-22
MIC-012,3,2025-06-23
MIC-012,2,2025-06-24
MIC-012,1,2025-06-25
MIC-012,1,2025-06-26
MIC-012,4,2025-06-27
MIC-012,1,2025-06-29
MIC-012,1,2025-06-30
MIC-012,3,2025-07-02
MIC-012,4,2025-07-03
MIC-012,6,2025-07-04
MIC-012,2,2025-07-05
MIC-012,1,2025-07-06
MIC-012,1,2025-07-07
MIC-012,4,2025-07-08
MIC-012,1,2025-07-09
MIC-012,2,2025-07-10
MIC-012,2,2025-07-11
MIC-012,3,2025-07-12
MIC-012,1,2025-07-13
MIC-012,1,2025-07-14
MIC-012,2,2025-07-15
MIC-012,4,2025-07-16
MIC-012,1,2025-07-17
MIC-012,2,2025-07-18
MIC-012,2,2025-07-19
MIC-012,2,2025-07-21
MIC-012,3,2025-07-23
MIC-012,3,2025-07-24
MIC-012,2,2025-07-25
MIC-012,2,2025-07-26
MIC-012,3,2025-07-27
MIC-012,1,2025-07-28
MIC-012,4,2025-07-29
MIC-012,1,2025-07-30
MIC-012,1,2025-07-31
MIC-012,1,2025-08-01
MIC-012,3,2025-08-02
MIC-012,4,2025-08-03
MIC-012,2,2025-08-04
MIC-012,2,2025-08-05
MIC-012,2,2025-08-06
MIC-012,2,2025-08-07
MIC-012,2,2025-08-08
MIC-012,2,2025-08-09
MIC-012,1,2025-08-10
MIC-012,2,2025-08-11
MIC-012,1,2025-08-12
MIC-012,2,2025-08-13
MIC-012,3,2025-08-15
MIC-012,4,2025-08-16
MIC-012,3,2025-08-17
MIC-012,7,2025-08-18
MIC-012,2,2025-08-19
MIC-012,6,2025-08-20
MIC-012,2,2025-08-21
MIC-012,2,2025-08-23
MIC-012,2,2025-08-24
MIC-012,1,2025-08-25
MIC-012,1,2025-08-27
MIC-012,3,2025-08-28
MIC-012,1,2025-08-29
MIC-012,4,2025-09-01
MIC-012,3,2025-09-02
MIC-012,3,2025-09-03
MIC-012,4,2025-09-04
MIC-012,1,2025-09-05
MIC-012,1,2025-09-06
MIC-012,4,2025-09-07
MIC-012,3,2025-09-08
MIC-012,2,2025-09-09
MIC-012,3,2025-09-10
MIC-012,7,2025-09-11
MIC-012,2,2025-09-12
MIC-012,1,2025-09-13
MIC-012,3,2025-09-14
MIC-012,4,2025-09-15
MIC-012,1,2025-09-16
MIC-012,1,2025-09-18
MIC-012,6,2025-09-19
MIC-012,1,2025-09-20
MIC-012,2,2025-09-21
MIC-012,4,2025-09-23
MIC-012,1,2025-09-24
MIC-012,2,2025-09-25
MIC-012,2,2025-09-26
MIC-012,3,2025-09-27
MIC-012,2,2025-09-28
MIC-012,2,2025-09-29
MIC-012,1,2025-09-30
MIC-012,5,2025-10-01
MIC-012,1,2025-10-03
MIC-012,4,2025-10-04
MIC-012,1,2025-10-05
MIC-012,2,2025-10-06
MIC-012,2,2025-10-07
MIC-012,1,2025-10-08
MIC-012,3,2025-10-09
MIC-012,2,2025-10-10
MIC-012,2,2025-10-12
MIC-012,2,2025-10-13
MIC-012,3,2025-10-14
MIC-012,3,2025-10-15
MIC-012,2,2025-10-16
MIC-012,2,2025-10-17
MIC-012,2,2025-10-18
MIC-012,1,2025-10-19
MIC-012,1,2025-10-20
MIC-012,1,2025-10-21
MIC-012,4,2025-10-22
MIC-012,2,2025-10-23
MIC-012,6,2025-10-25
MIC-012,4,2025-10-26
MIC-012,2,2025-10-27
MIC-012,3,2025-10-29
MIC-012,1,2025-10-30
MIC-012,1,2025-10-31
MIC-012,2,2025-11-01
MIC-012,3,2025-11-02
MIC-012,6,2025-11-03
MIC-012,1,2025-11-04
MIC-012,5,2025-11-05
MIC-012,5,2025-11-06
MIC-012,3,2025-11-07
MIC-012,2,2025-11-08
MIC-012,1,2025-11-09
MIC-012,2,2025-11-10
MIC-012,2,2025-11-11
MIC-012,1,2025-11-13
MIC-012,1,2025-11-14
MIC-012,1,2025-11-15
MIC-012,2,2025-11-16
MIC-012,4,2025-11-17
MIC-012,3,2025-11-18
MIC-012,1,2025-11-19
MIC-012,2,2025-11-20
MIC-012,2,2025-11-21
MIC-012,2,2025-11-22
MIC-012,1,2025-11-23
MIC-012,2,2025-11-26
MIC-012,2,2025-11-27
MIC-012,1,2025-11-28
MIC-012,2,2025-11-29
MIC-012,3,2025-11-30
MIC-012,1,2025-12-01
MIC-012,2,2025-12-02
MIC-012,2,2025-12-03
MIC-012,1,2025-12-04
MIC-012,2,2025-12-05
MIC-012,3,2025-12-06
MIC-012,3,2025-12-07
MIC-012,3,2025-12-08
MIC-012,1,2025-12-10
MIC-012,3,2025-12-11
MIC-012,1,2025-12-12
MIC-012,2,2025-12-13
MIC-012,2,2025-12-14
MIC-012,4,2025-12-15
MIC-012,3,2025-12-16
MIC-012,2,2025-12-18
MIC-012,3,2025-12-19
MIC-012,1,2025-12-20
MIC-012,3,2025-12-21
MIC-012,1,2025-12-22
MIC-012,5,2025-12-24
MIC-012,1,2025-12-25
MIC-012,5,2025-12-26
MIC-012,2,2025-12-27
MIC-012,4,2025-12-28
MIC-012,2,2025-12-29
MIC-012,4,2025-12-30
MIC-012,4,2025-12-31
MIC-012,2,2026-01-01
MIC-012,4,2026-01-02
MIC-012,2,2026-01-03
MIC-012,1,2026-01-04
MIC-012,1,2026-01-05
MIC-012,2,2026-01-06
MIC-012,2,2026-01-07
MIC-012,3,2026-01-09
MIC-012,4,2026-01-10
MIC-012,3,2026-01-11
MIC-012,5,2026-01-12
MIC-012,1,2026-01-13
MIC-012,2,2026-01-14
MIC-012,3,2026-01-15
MIC-012,2,2026-01-16
MIC-012,3,2026-01-17
MIC-012,1,2026-01-18
MIC-012,1,2026-01-19
MIC-012,1,2026-01-20
MIC-012,4,2026-01-21
MIC-012,2,2026-01-23
MIC-012,3,2026-01-24
MIC-012,3,2026-01-25
IPH-767,7,2023-01-26
IPH-767,5,2023-01-27
IPH-767,4,2023-01-28
IPH-767,7,2023-01-30
IPH-767,3,2023-01-31
IPH-767,3,2023-02-01
IPH-767,1,2023-02-02
IPH-767,3,2023-02-03
IPH-767,1,2023-02-04
IPH-767,4,2023-02-05
IPH-767,1,2023-02-06
IPH-767,3,2023-02-07
IPH-767,5,2023-02-08
IPH-767,3,2023-02-09
IPH-767,3,2023-02-10
IPH-767,3,2023-02-11
IPH-767,3,2023-02-12
IPH-767,4,2023-02-13
IPH-767,5,2023-02-14
IPH-767,7,2023-02-15
IPH-767,2,2023-02-16
IPH-767,7,2023-02-17
IPH-767,8,2023-02-18
IPH-767,4,2023-02-19
IPH-767,6,2023-02-20
IPH-767,1,2023-02-21
IPH-767,4,2023-02-22
IPH-767,4,2023-02-23
IPH-767,11,2023-02-24
IPH-767,4,2023-02-25
IPH-767,2,2023-02-26
IPH-767,7,2023-02-27
IPH-767,12,2023-02-28
IPH-767,6,2023-03-01
IPH-767,5,2023-03-02
IPH-767,4,2023-03-03
IPH-767,3,2023-03-04
IPH-767,4,2023-03-05
IPH-767,7,2023-03-06
IPH-767,2,2023-03-07
IPH-767,1,2023-03-08
IPH-767,3,2023-03-09
IPH-767,5,2023-03-10
IPH-767,3,2023-03-11
IPH-767,8,2023-03-12
IPH-767,2,2023-03-13
IPH-767,5,2023-03-14
IPH-767,2,2023-03-15
IPH-767,4,2023-03-16
IPH-767,5,2023-03-17
IPH-767,2,2023-03-18
IPH-767,5,2023-03-19
IPH-767,3,2023-03-20
IPH-767,5,2023-03-21
IPH-767,3,2023-03-22
IPH-767,3,2023-03-23
IPH-767,4,2023-03-24
IPH-767,7,2023-03-25
IPH-767,4,2023-03-26
IPH-767,1,2023-03-27
IPH-767,6,2023-03-28
IPH-767,4,2023-03-29
IPH-767,3,2023-03-30
IPH-767,6,2023-03-31
IPH-767,4,2023-04-01
IPH-767,4,2023-04-02
IPH-767,4,2023-04-03
IPH-767,1,2023-04-04
IPH-767,5,2023-04-05
IPH-767,5,2023-04-06
IPH-767,5,2023-04-07
IPH-767,8,2023-04-08
IPH-767,3,2023-04-09
IPH-767,5,2023-04-10
IPH-767,2,2023-04-11
IPH-767,2,2023-04-12
IPH-767,4,2023-04-13
IPH-767,4,2023-04-14
IPH-767,5,2023-04-15
IPH-767,2,2023-04-16
IPH-767,5,2023-04-17
IPH-767,6,2023-04-18
IPH-767,1,2023-04-19
IPH-767,4,2023-04-20
IPH-767,3,2023-04-21
IPH-767,4,2023-04-22
IPH-767,5,2023-04-23
IPH-767,2,2023-04-24
IPH-767,3,2023-04-25
IPH-767,2,2023-04-26
IPH-767,5,2023-04-28
IPH-767,5,2023-04-29
IPH-767,2,2023-04-30
IPH-767,3,2023-05-01
IPH-767,2,2023-05-02
IPH-767,3,2023-05-03
IPH-767,5,2023-05-05
IPH-767,7,2023-05-06
IPH-767,2,2023-05-07
IPH-767,3,2023-05-08
IPH-767,7,2023-05-10
IPH-767,3,2023-05-11
IPH-767,6,2023-05-12
IPH-767,2,2023-05-13
IPH-767,6,2023-05-14
IPH-767,3,2023-05-15
IPH-767,2,2023-05-16
IPH-767,3,2023-05-17
IPH-767,4,2023-05-18
IPH-767,4,2023-05-19
IPH-767,5,2023-05-20
IPH-767,2,2023-05-21
IPH-767,4,2023-05-22
IPH-767,3,2023-05-23
IPH-767,6,2023-05-24
IPH-767,2,2023-05-25
IPH-767,6,2023-05-26
IPH-767,4,2023-05-27
IPH-767,6,2023-05-28
IPH-767,3,2023-05-29
IPH-767,4,2023-05-30
IPH-767,4,2023-05-31
IPH-767,4,2023-06-01
IPH-767,4,2023-06-02
IPH-767,3,2023-06-03
IPH-767,6,2023-06-04
IPH-767,1,2023-06-05
IPH-767,4,2023-06-06
IPH-767,2,2023-06-07
IPH-767,7,2023-06-08
IPH-767,2,2023-06-09
IPH-767,9,2023-06-10
IPH-767,3,2023-06-11
IPH-767,4,2023-06-12
IPH-767,1,2023-06-13
IPH-767,3,2023-06-14
IPH-767,5,2023-06-15
IPH-767,3,2023-06-16
IPH-767,3,2023-06-18
IPH-767,6,2023-06-19
IPH-767,4,2023-06-20
IPH-767,4,2023-06-22
IPH-767,1,2023-06-23
IPH-767,9,2023-06-24
IPH-767,5,2023-06-25
IPH-767,10,2023-06-26
IPH-767,3,2023-06-27
IPH-767,4,2023-06-28
IPH-767,4,2023-06-29
IPH-767,4,2023-06-30
IPH-767,5,2023-07-01
IPH-767,6,2023-07-02
IPH-767,4,2023-07-03
IPH-767,6,2023-07-04
IPH-767,2,2023-07-05
IPH-767,5,2023-07-06
IPH-767,6,2023-07-07
IPH-767,8,2023-07-08
IPH-767,4,2023-07-09
IPH-767,4,2023-07-11
IPH-767,1,2023-07-12
IPH-767,3,2023-07-13
IPH-767,4,2023-07-14
IPH-767,7,2023-07-15
IPH-767,1,2023-07-16
IPH-767,2,2023-07-17
IPH-767,1,2023-07-18
IPH-767,6,2023-07-20
IPH-767,5,2023-07-21
IPH-767,3,2023-07-22
IPH-767,3,2023-07-23
IPH-767,3,2023-07-24
IPH-767,2,2023-07-25
IPH-767,2,2023-07-26
IPH-767,3,2023-07-27
IPH-767,2,2023-07-28
IPH-767,8,2023-07-29
IPH-767,6,2023-07-30
IPH-767,1,2023-07-31
IPH-767,3,2023-08-01
IPH-767,5,2023-08-02
IPH-767,1,2023-08-03
IPH-767,3,2023-08-04
IPH-767,7,2023-08-05
IPH-767,2,2023-08-06
IPH-767,2,2023-08-07
IPH-767,4,2023-08-08
IPH-767,3,2023-08-09
IPH-767,3,2023-08-10
IPH-767,2,2023-08-11
IPH-767,4,2023-08-12
IPH-767,4,2023-08-13
IPH-767,5,2023-08-14
IPH-767,5,2023-08-15
IPH-767,5,2023-08-16
IPH-767,5,2023-08-17
IPH-767,3,2023-08-18
IPH-767,4,2023-08-19
IPH-767,3,2023-08-20
IPH-767,1,2023-08-21
IPH-767,4,2023-08-22
IPH-767,5,2023-08-23
IPH-767,6,2023-08-24
IPH-767,1,2023-08-25
IPH-767,1,2023-08-26
IPH-767,3,2023-08-27
IPH-767,9,2023-08-28
IPH-767,2,2023-08-29
IPH-767,4,2023-08-30
IPH-767,2,2023-08-31
IPH-767,6,2023-09-01
IPH-767,5,2023-09-02
IPH-767,5,2023-09-03
IPH-767,7,2023-09-04
IPH-767,4,2023-09-05
IPH-767,4,2023-09-06
IPH-767,10,2023-09-07
IPH-767,2,2023-09-08
IPH-767,1,2023-09-09
IPH-767,5,2023-09-10
IPH-767,2,2023-09-11
IPH-767,5,2023-09-12
IPH-767,4,2023-09-13
IPH-767,7,2023-09-14
IPH-767,1,2023-09-15
IPH-767,4,2023-09-16
IPH-767,5,2023-09-17
IPH-767,2,2023-09-18
IPH-767,3,2023-09-19
IPH-767,4,2023-09-21
IPH-767,4,2023-09-22
IPH-767,2,2023-09-23
IPH-767,3,2023-09-24
IPH-767,5,2023-09-25
IPH-767,5,2023-09-26
IPH-767,3,2023-09-27
IPH-767,8,2023-09-28
IPH-767,3,2023-09-29
IPH-767,5,2023-09-30
IPH-767,3,2023-10-01
IPH-767,3,2023-10-02
IPH-767,6,2023-10-03
IPH-767,9,2023-10-04
IPH-767,6,2023-10-05
IPH-767,4,2023-10-06
IPH-767,5,2023-10-07
IPH-767,4,2023-10-08
IPH-767,2,2023-10-09
IPH-767,3,2023-10-10
IPH-767,1,2023-10-11
IPH-767,8,2023-10-12
IPH-767,4,2023-10-14
IPH-767,2,2023-10-15
IPH-767,2,2023-10-16
IPH-767,6,2023-10-17
IPH-767,2,2023-10-18
IPH-767,1,2023-10-19
IPH-767,2,2023-10-20
IPH-767,5,2023-10-21
IPH-767,2,2023-10-22
IPH-767,7,2023-10-23
IPH-767,4,2023-10-24
IPH-767,2,2023-10-25
IPH-767,7,2023-10-26
IPH-767,3,2023-10-27
IPH-767,7,2023-10-28
IPH-767,4,2023-10-29
IPH-767,7,2023-10-30
IPH-767,1,2023-10-31
IPH-767,4,2023-11-01
IPH-767,5,2023-11-02
IPH-767,2,2023-11-03
IPH-767,4,2023-11-04
IPH-767,5,2023-11-06
IPH-767,3,2023-11-07
IPH-767,6,2023-11-08
IPH-767,5,2023-11-09
IPH-767,4,2023-11-10
IPH-767,1,2023-11-11
IPH-767,6,2023-11-12
IPH-767,3,2023-11-13
IPH-767,4,2023-11-14
IPH-767,3,2023-11-15
IPH-767,5,2023-11-16
IPH-767,2,2023-11-17
IPH-767,3,2023-11-18
IPH-767,5,2023-11-19
IPH-767,3,2023-11-20
IPH-767,4,2023-11-21
IPH-767,4,2023-11-22
IPH-767,3,2023-11-23
IPH-767,4,2023-11-24
IPH-767,4,2023-11-25
IPH-767,4,2023-11-27
IPH-767,2,2023-11-28
IPH-767,4,2023-11-29
IPH-767,1,2023-11-30
IPH-767,7,2023-12-01
IPH-767,8,2023-12-02
IPH-767,3,2023-12-03
IPH-767,5,2023-12-04
IPH-767,5,2023-12-05
IPH-767,1,2023-12-06
IPH-767,1,2023-12-07
IPH-767,3,2023-12-08
IPH-767,6,2023-12-09
IPH-767,3,2023-12-10
IPH-767,4,2023-12-12
IPH-767,3,2023-12-13
IPH-767,7,2023-12-14
IPH-767,3,2023-12-15
IPH-767,2,2023-12-16
IPH-767,5,2023-12-17
IPH-767,8,2023-12-18
IPH-767,4,2023-12-19
IPH-767,3,2023-12-21
IPH-767,6,2023-12-22
IPH-767,8,2023-12-23
IPH-767,5,2023-12-24
IPH-767,7,2023-12-25
IPH-767,6,2023-12-26
IPH-767,5,2023-12-27
IPH-767,2,2023-12-28
IPH-767,2,2023-12-29
IPH-767,7,2023-12-30
IPH-767,2,2023-12-31
IPH-767,2,2024-01-02
IPH-767,5,2024-01-03
IPH-767,6,2024-01-04
IPH-767,4,2024-01-05
IPH-767,3,2024-01-06
IPH-767,5,2024-01-07
IPH-767,4,2024-01-08
IPH-767,2,2024-01-09
IPH-767,1,2024-01-10
IPH-767,2,2024-01-11
IPH-767,1,2024-01-12
IPH-767,1,2024-01-13
IPH-767,6,2024-01-14
IPH-767,2,2024-01-15
IPH-767,2,2024-01-16
IPH-767,6,2024-01-17
IPH-767,6,2024-01-18
IPH-767,2,2024-01-19
IPH-767,5,2024-01-20
IPH-767,7,2024-01-21
IPH-767,2,2024-01-22
IPH-767,6,2024-01-23
IPH-767,4,2024-01-24
IPH-767,2,2024-01-25
IPH-767,3,2024-01-26
IPH-767,5,2024-01-27
IPH-767,5,2024-01-28
IPH-767,5,2024-01-29
IPH-767,4,2024-01-30
IPH-767,8,2024-01-31
IPH-767,6,2024-02-01
IPH-767,1,2024-02-02
IPH-767,6,2024-02-03
IPH-767,6,2024-02-04
IPH-767,4,2024-02-05
IPH-767,2,2024-02-06
IPH-767,5,2024-02-07
IPH-767,2,2024-02-08
IPH-767,1,2024-02-09
IPH-767,3,2024-02-10
IPH-767,4,2024-02-11
IPH-767,7,2024-02-12
IPH-767,8,2024-02-13
IPH-767,4,2024-02-14
IPH-767,2,2024-02-15
IPH-767,4,2024-02-16
IPH-767,2,2024-02-17
IPH-767,7,2024-02-18
IPH-767,6,2024-02-19
IPH-767,5,2024-02-21
IPH-767,4,2024-02-22
IPH-767,7,2024-02-23
IPH-767,3,2024-02-24
IPH-767,4,2024-02-25
IPH-767,7,2024-02-26
IPH-767,5,2024-02-27
IPH-767,5,2024-02-28
IPH-767,5,2024-02-29
IPH-767,3,2024-03-01
IPH-767,4,2024-03-02
IPH-767,5,2024-03-03
IPH-767,2,2024-03-04
IPH-767,4,2024-03-05
IPH-767,6,2024-03-06
IPH-767,7,2024-03-07
IPH-767,7,2024-03-08
IPH-767,4,2024-03-09
IPH-767,7,2024-03-10
IPH-767,3,2024-03-11
IPH-767,6,2024-03-12
IPH-767,3,2024-03-13
IPH-767,2,2024-03-14
IPH-767,3,2024-03-15
IPH-767,2,2024-03-16
IPH-767,5,2024-03-17
IPH-767,8,2024-03-18
IPH-767,4,2024-03-19
IPH-767,5,2024-03-20
IPH-767,8,2024-03-21
IPH-767,3,2024-03-22
IPH-767,3,2024-03-23
IPH-767,5,2024-03-24
IPH-767,5,2024-03-25
IPH-767,4,2024-03-26
IPH-767,5,2024-03-27
IPH-767,4,2024-03-28
IPH-767,3,2024-03-29
IPH-767,5,2024-03-30
IPH-767,3,2024-03-31
IPH-767,7,2024-04-01
IPH-767,8,2024-04-02
IPH-767,2,2024-04-03
IPH-767,10,2024-04-04
IPH-767,7,2024-04-05
IPH-767,2,2024-04-06
IPH-767,5,2024-04-07
IPH-767,5,2024-04-08
IPH-767,3,2024-04-09
IPH-767,2,2024-04-10
IPH-767,6,2024-04-11
IPH-767,1,2024-04-12
IPH-767,4,2024-04-13
IPH-767,5,2024-04-14
IPH-767,1,2024-04-15
IPH-767,1,2024-04-16
IPH-767,8,2024-04-17
IPH-767,3,2024-04-18
IPH-767,5,2024-04-19
IPH-767,7,2024-04-20
IPH-767,3,2024-04-21
IPH-767,4,2024-04-22
IPH-767,6,2024-04-23
IPH-767,1,2024-04-24
IPH-767,6,2024-04-25
IPH-767,5,2024-04-26
IPH-767,5,2024-04-27
IPH-767,5,2024-04-28
IPH-767,7,2024-04-29
IPH-767,3,2024-04-30
IPH-767,6,2024-05-01
IPH-767,1,2024-05-02
IPH-767,8,2024-05-03
IPH-767,4,2024-05-04
IPH-767,3,2024-05-05
IPH-767,4,2024-05-06
IPH-767,5,2024-05-07
IPH-767,6,2024-05-08
IPH-767,5,2024-05-09
IPH-767,1,2024-05-10
IPH-767,3,2024-05-11
IPH-767,5,2024-05-12
IPH-767,7,2024-05-13
IPH-767,2,2024-05-14
IPH-767,2,2024-05-15
IPH-767,3,2024-05-16
IPH-767,8,2024-05-17
IPH-767,6,2024-05-18
IPH-767,3,2024-05-19
IPH-767,5,2024-05-20
IPH-767,6,2024-05-21
IPH-767,1,2024-05-22
IPH-767,4,2024-05-23
IPH-767,7,2024-05-24
IPH-767,4,2024-05-25
IPH-767,4,2024-05-26
IPH-767,2,2024-05-27
IPH-767,4,2024-05-28
IPH-767,6,2024-05-29
IPH-767,3,2024-05-30
IPH-767,6,2024-05-31
IPH-767,5,2024-06-01
IPH-767,6,2024-06-02
IPH-767,4,2024-06-03
IPH-767,3,2024-06-04
IPH-767,7,2024-06-05
IPH-767,3,2024-06-06
IPH-767,3,2024-06-07
IPH-767,5,2024-06-08
IPH-767,5,2024-06-09
IPH-767,5,2024-06-10
IPH-767,2,2024-06-11
IPH-767,7,2024-06-12
IPH-767,3,2024-06-13
IPH-767,3,2024-06-14
IPH-767,5,2024-06-15
IPH-767,5,2024-06-16
IPH-767,2,2024-06-17
IPH-767,5,2024-06-18
IPH-767,5,2024-06-19
IPH-767,4,2024-06-21
IPH-767,6,2024-06-22
IPH-767,2,2024-06-23
IPH-767,7,2024-06-24
IPH-767,3,2024-06-25
IPH-767,2,2024-06-26
IPH-767,3,2024-06-27
IPH-767,2,2024-06-28
IPH-767,5,2024-06-29
IPH-767,1,2024-06-30
IPH-767,4,2024-07-01
IPH-767,3,2024-07-02
IPH-767,4,2024-07-03
IPH-767,9,2024-07-04
IPH-767,6,2024-07-05
IPH-767,4,2024-07-06
IPH-767,9,2024-07-07
IPH-767,2,2024-07-08
IPH-767,5,2024-07-09
IPH-767,6,2024-07-10
IPH-767,5,2024-07-11
IPH-767,5,2024-07-12
IPH-767,6,2024-07-13
IPH-767,3,2024-07-14
IPH-767,7,2024-07-15
IPH-767,7,2024-07-16
IPH-767,4,2024-07-17
IPH-767,5,2024-07-18
IPH-767,4,2024-07-19
IPH-767,1,2024-07-20
IPH-767,1,2024-07-21
IPH-767,3,2024-07-22
IPH-767,3,2024-07-23
IPH-767,3,2024-07-24
IPH-767,6,2024-07-25
IPH-767,2,2024-07-26
IPH-767,5,2024-07-27
IPH-767,1,2024-07-28
IPH-767,5,2024-07-29
IPH-767,2,2024-07-30
IPH-767,3,2024-07-31
IPH-767,4,2024-08-01
IPH-767,5,2024-08-02
IPH-767,2,2024-08-03
IPH-767,3,2024-08-04
IPH-767,3,2024-08-05
IPH-767,2,2024-08-06
IPH-767,5,2024-08-07
IPH-767,1,2024-08-08
IPH-767,5,2024-08-09
IPH-767,2,2024-08-10
IPH-767,4,2024-08-11
IPH-767,4,2024-08-12
IPH-767,3,2024-08-13
IPH-767,3,2024-08-14
IPH-767,5,2024-08-15
IPH-767,5,2024-08-16
IPH-767,4,2024-08-17
IPH-767,4,2024-08-18
IPH-767,8,2024-08-19
IPH-767,7,2024-08-20
IPH-767,5,2024-08-22
IPH-767,5,2024-08-24
IPH-767,7,2024-08-25
IPH-767,5,2024-08-26
IPH-767,3,2024-08-27
IPH-767,3,2024-08-28
IPH-767,9,2024-08-29
IPH-767,3,2024-08-30
IPH-767,2,2024-08-31
IPH-767,7,2024-09-01
IPH-767,3,2024-09-02
IPH-767,5,2024-09-03
IPH-767,5,2024-09-04
IPH-767,5,2024-09-05
IPH-767,4,2024-09-06
IPH-767,1,2024-09-07
IPH-767,2,2024-09-08
IPH-767,4,2024-09-09
IPH-767,2,2024-09-10
IPH-767,2,2024-09-11
IPH-767,5,2024-09-12
IPH-767,2,2024-09-13
IPH-767,1,2024-09-14
IPH-767,1,2024-09-15
IPH-767,2,2024-09-16
IPH-767,5,2024-09-17
IPH-767,2,2024-09-18
IPH-767,4,2024-09-19
IPH-767,4,2024-09-20
IPH-767,4,2024-09-21
IPH-767,1,2024-09-22
IPH-767,2,2024-09-23
IPH-767,4,2024-09-25
IPH-767,2,2024-09-26
IPH-767,6,2024-09-27
IPH-767,1,2024-09-28
IPH-767,3,2024-09-29
IPH-767,2,2024-09-30
IPH-767,4,2024-10-01
IPH-767,5,2024-10-02
IPH-767,4,2024-10-03
IPH-767,9,2024-10-04
IPH-767,3,2024-10-05
IPH-767,1,2024-10-06
IPH-767,7,2024-10-07
IPH-767,2,2024-10-09
IPH-767,3,2024-10-10
IPH-767,8,2024-10-11
IPH-767,5,2024-10-12
IPH-767,2,2024-10-13
IPH-767,3,2024-10-14
IPH-767,3,2024-10-15
IPH-767,2,2024-10-16
IPH-767,2,2024-10-17
IPH-767,6,2024-10-18
IPH-767,2,2024-10-19
IPH-767,4,2024-10-20
IPH-767,2,2024-10-21
IPH-767,1,2024-10-22
IPH-767,6,2024-10-23
IPH-767,5,2024-10-24
IPH-767,1,2024-10-25
IPH-767,2,2024-10-26
IPH-767,4,2024-10-27
IPH-767,3,2024-10-28
IPH-767,4,2024-10-29
IPH-767,5,2024-10-30
IPH-767,5,2024-10-31
IPH-767,4,2024-11-01
IPH-767,2,2024-11-02
IPH-767,5,2024-11-03
IPH-767,8,2024-11-04
IPH-767,6,2024-11-05
IPH-767,6,2024-11-06
IPH-767,2,2024-11-07
IPH-767,2,2024-11-08
IPH-767,4,2024-11-09
IPH-767,5,2024-11-10
IPH-767,4,2024-11-11
IPH-767,4,2024-11-12
IPH-767,5,2024-11-13
IPH-767,8,2024-11-14
IPH-767,4,2024-11-15
IPH-767,1,2024-11-16
IPH-767,4,2024-11-17
IPH-767,8,2024-11-18
IPH-767,2,2024-11-19
IPH-767,2,2024-11-20
IPH-767,4,2024-11-21
IPH-767,6,2024-11-22
IPH-767,2,2024-11-23
IPH-767,4,2024-11-24
IPH-767,1,2024-11-25
IPH-767,5,2024-11-26
IPH-767,1,2024-11-27
IPH-767,4,2024-11-28
IPH-767,5,2024-11-29
IPH-767,2,2024-11-30
IPH-767,8,2024-12-01
IPH-767,5,2024-12-02
IPH-767,1,2024-12-03
IPH-767,4,2024-12-04
IPH-767,5,2024-12-06
IPH-767,3,2024-12-07
IPH-767,9,2024-12-08
IPH-767,4,2024-12-09
IPH-767,3,2024-12-10
IPH-767,4,2024-12-11
IPH-767,3,2024-12-12
IPH-767,9,2024-12-13
IPH-767,5,2024-12-14
IPH-767,4,2024-12-15
IPH-767,5,2024-12-17
IPH-767,7,2024-12-18
IPH-767,9,2024-12-19
IPH-767,5,2024-12-20
IPH-767,3,2024-12-21
IPH-767,6,2024-12-22
IPH-767,5,2024-12-23
IPH-767,5,2024-12-24
IPH-767,3,2024-12-25
IPH-767,5,2024-12-26
IPH-767,8,2024-12-27
IPH-767,5,2024-12-28
IPH-767,4,2024-12-29
IPH-767,4,2024-12-30
IPH-767,9,2024-12-31
IPH-767,8,2025-01-01
IPH-767,3,2025-01-02
IPH-767,3,2025-01-03
IPH-767,3,2025-01-04
IPH-767,3,2025-01-06
IPH-767,4,2025-01-07
IPH-767,3,2025-01-08
IPH-767,2,2025-01-09
IPH-767,5,2025-01-10
IPH-767,4,2025-01-11
IPH-767,3,2025-01-12
IPH-767,4,2025-01-13
IPH-767,3,2025-01-14
IPH-767,4,2025-01-15
IPH-767,2,2025-01-16
IPH-767,8,2025-01-17
IPH-767,5,2025-01-18
IPH-767,5,2025-01-19
IPH-767,3,2025-01-20
IPH-767,5,2025-01-21
IPH-767,4,2025-01-22
IPH-767,7,2025-01-23
IPH-767,3,2025-01-24
IPH-767,5,2025-01-25
IPH-767,7,2025-01-26
IPH-767,5,2025-01-27
IPH-767,2,2025-01-28
IPH-767,4,2025-01-29
IPH-767,6,2025-01-30
IPH-767,1,2025-01-31
IPH-767,6,2025-02-01
IPH-767,4,2025-02-02
IPH-767,3,2025-02-03
IPH-767,4,2025-02-04
IPH-767,7,2025-02-05
IPH-767,3,2025-02-06
IPH-767,1,2025-02-07
IPH-767,4,2025-02-08
IPH-767,1,2025-02-10
IPH-767,2,2025-02-11
IPH-767,2,2025-02-12
IPH-767,2,2025-02-13
IPH-767,4,2025-02-14
IPH-767,2,2025-02-15
IPH-767,4,2025-02-16
IPH-767,2,2025-02-17
IPH-767,3,2025-02-18
IPH-767,4,2025-02-19
IPH-767,4,2025-02-20
IPH-767,5,2025-02-21
IPH-767,8,2025-02-22
IPH-767,2,2025-02-23
IPH-767,3,2025-02-24
IPH-767,6,2025-02-25
IPH-767,5,2025-02-26
IPH-767,5,2025-02-27
IPH-767,4,2025-02-28
IPH-767,4,2025-03-01
IPH-767,2,2025-03-02
IPH-767,6,2025-03-04
IPH-767,2,2025-03-05
IPH-767,4,2025-03-06
IPH-767,6,2025-03-07
IPH-767,7,2025-03-08
IPH-767,1,2025-03-09
IPH-767,2,2025-03-10
IPH-767,4,2025-03-11
IPH-767,6,2025-03-12
IPH-767,5,2025-03-13
IPH-767,2,2025-03-14
IPH-767,4,2025-03-15
IPH-767,6,2025-03-16
IPH-767,5,2025-03-17
IPH-767,1,2025-03-18
IPH-767,1,2025-03-19
IPH-767,1,2025-03-20
IPH-767,5,2025-03-21
IPH-767,5,2025-03-22
IPH-767,3,2025-03-23
IPH-767,2,2025-03-24
IPH-767,3,2025-03-25
IPH-767,2,2025-03-26
IPH-767,1,2025-03-27
IPH-767,5,2025-03-28
IPH-767,2,2025-03-29
IPH-767,6,2025-03-30
IPH-767,2,2025-03-31
IPH-767,7,2025-04-01
IPH-767,4,2025-04-02
IPH-767,8,2025-04-03
IPH-767,6,2025-04-04
IPH-767,4,2025-04-05
IPH-767,4,2025-04-06
IPH-767,4,2025-04-07
IPH-767,4,2025-04-08
IPH-767,6,2025-04-09
IPH-767,5,2025-04-10
IPH-767,4,2025-04-11
IPH-767,4,2025-04-12
IPH-767,2,2025-04-13
IPH-767,1,2025-04-14
IPH-767,9,2025-04-15
IPH-767,5,2025-04-16
IPH-767,3,2025-04-17
IPH-767,2,2025-04-18
IPH-767,6,2025-04-19
IPH-767,1,2025-04-20
IPH-767,6,2025-04-21
IPH-767,7,2025-04-22
IPH-767,4,2025-04-23
IPH-767,3,2025-04-24
IPH-767,1,2025-04-25
IPH-767,1,2025-04-26
IPH-767,3,2025-04-27
IPH-767,3,2025-04-28
IPH-767,6,2025-04-29
IPH-767,5,2025-04-30
IPH-767,1,2025-05-01
IPH-767,9,2025-05-02
IPH-767,1,2025-05-03
IPH-767,4,2025-05-04
IPH-767,1,2025-05-05
IPH-767,2,2025-05-06
IPH-767,4,2025-05-07
IPH-767,4,2025-05-08
IPH-767,3,2025-05-09
IPH-767,3,2025-05-10
IPH-767,3,2025-05-11
IPH-767,4,2025-05-12
IPH-767,2,2025-05-13
IPH-767,1,2025-05-14
IPH-767,3,2025-05-15
IPH-767,3,2025-05-16
IPH-767,7,2025-05-17
IPH-767,1,2025-05-18
IPH-767,4,2025-05-19
IPH-767,4,2025-05-20
IPH-767,1,2025-05-21
IPH-767,5,2025-05-22
IPH-767,4,2025-05-23
IPH-767,2,2025-05-24
IPH-767,5,2025-05-25
IPH-767,5,2025-05-26
IPH-767,1,2025-05-27
IPH-767,6,2025-05-28
IPH-767,1,2025-05-29
IPH-767,4,2025-05-30
IPH-767,2,2025-05-31
IPH-767,2,2025-06-01
IPH-767,5,2025-06-02
IPH-767,4,2025-06-03
IPH-767,4,2025-06-04
IPH-767,4,2025-06-05
IPH-767,7,2025-06-06
IPH-767,3,2025-06-07
IPH-767,5,2025-06-08
IPH-767,2,2025-06-09
IPH-767,2,2025-06-10
IPH-767,5,2025-06-11
IPH-767,2,2025-06-12
IPH-767,10,2025-06-13
IPH-767,5,2025-06-14
IPH-767,6,2025-06-15
IPH-767,4,2025-06-16
IPH-767,3,2025-06-17
IPH-767,4,2025-06-18
IPH-767,4,2025-06-19
IPH-767,3,2025-06-20
IPH-767,3,2025-06-21
IPH-767,6,2025-06-22
IPH-767,4,2025-06-23
IPH-767,6,2025-06-24
IPH-767,5,2025-06-25
IPH-767,5,2025-06-26
IPH-767,2,2025-06-27
IPH-767,5,2025-06-28
IPH-767,3,2025-06-29
IPH-767,6,2025-06-30
IPH-767,3,2025-07-01
IPH-767,5,2025-07-02
IPH-767,7,2025-07-03
IPH-767,2,2025-07-04
IPH-767,4,2025-07-05
IPH-767,3,2025-07-06
IPH-767,2,2025-07-07
IPH-767,6,2025-07-08
IPH-767,4,2025-07-09
IPH-767,9,2025-07-10
IPH-767,6,2025-07-11
IPH-767,5,2025-07-12
IPH-767,2,2025-07-13
IPH-767,2,2025-07-14
IPH-767,4,2025-07-15
IPH-767,3,2025-07-16
IPH-767,2,2025-07-17
IPH-767,3,2025-07-18
IPH-767,5,2025-07-19
IPH-767,4,2025-07-20
IPH-767,5,2025-07-21
IPH-767,2,2025-07-22
IPH-767,4,2025-07-24
IPH-767,3,2025-07-25
IPH-767,5,2025-07-26
IPH-767,4,2025-07-27
IPH-767,3,2025-07-28
IPH-767,5,2025-07-29
IPH-767,2,2025-07-30
IPH-767,5,2025-07-31
IPH-767,6,2025-08-01
IPH-767,4,2025-08-02
IPH-767,6,2025-08-03
IPH-767,7,2025-08-04
IPH-767,3,2025-08-05
IPH-767,1,2025-08-06
IPH-767,3,2025-08-07
IPH-767,3,2025-08-08
IPH-767,2,2025-08-09
IPH-767,5,2025-08-10
IPH-767,3,2025-08-11
IPH-767,3,2025-08-12
IPH-767,3,2025-08-13
IPH-767,2,2025-08-14
IPH-767,2,2025-08-15
IPH-767,3,2025-08-16
IPH-767,5,2025-08-17
IPH-767,1,2025-08-18
IPH-767,10,2025-08-19
IPH-767,5,2025-08-20
IPH-767,6,2025-08-21
IPH-767,8,2025-08-22
IPH-767,4,2025-08-23
IPH-767,6,2025-08-24
IPH-767,3,2025-08-25
IPH-767,2,2025-08-26
IPH-767,5,2025-08-27
IPH-767,5,2025-08-28
IPH-767,1,2025-08-29
IPH-767,3,2025-08-30
IPH-767,2,2025-08-31
IPH-767,4,2025-09-01
IPH-767,5,2025-09-02
IPH-767,3,2025-09-03
IPH-767,4,2025-09-04
IPH-767,3,2025-09-05
IPH-767,8,2025-09-06
IPH-767,5,2025-09-07
IPH-767,3,2025-09-08
IPH-767,4,2025-09-09
IPH-767,7,2025-09-10
IPH-767,5,2025-09-11
IPH-767,5,2025-09-12
IPH-767,7,2025-09-13
IPH-767,6,2025-09-14
IPH-767,2,2025-09-15
IPH-767,5,2025-09-16
IPH-767,8,2025-09-17
IPH-767,2,2025-09-18
IPH-767,3,2025-09-19
IPH-767,7,2025-09-20
IPH-767,5,2025-09-21
IPH-767,5,2025-09-22
IPH-767,5,2025-09-23
IPH-767,2,2025-09-24
IPH-767,3,2025-09-25
IPH-767,3,2025-09-26
IPH-767,2,2025-09-27
IPH-767,3,2025-09-28
IPH-767,5,2025-09-29
IPH-767,4,2025-09-30
IPH-767,7,2025-10-01
IPH-767,3,2025-10-02
IPH-767,3,2025-10-03
IPH-767,2,2025-10-04
IPH-767,6,2025-10-05
IPH-767,5,2025-10-06
IPH-767,4,2025-10-07
IPH-767,1,2025-10-08
IPH-767,6,2025-10-09
IPH-767,2,2025-10-10
IPH-767,4,2025-10-11
IPH-767,4,2025-10-12
IPH-767,4,2025-10-13
IPH-767,3,2025-10-14
IPH-767,8,2025-10-15
IPH-767,4,2025-10-16
IPH-767,2,2025-10-17
IPH-767,2,2025-10-18
IPH-767,3,2025-10-19
IPH-767,2,2025-10-20
IPH-767,5,2025-10-21
IPH-767,6,2025-10-22
IPH-767,4,2025-10-23
IPH-767,1,2025-10-24
IPH-767,2,2025-10-25
IPH-767,5,2025-10-26
IPH-767,5,2025-10-27
IPH-767,2,2025-10-28
IPH-767,4,2025-10-29
IPH-767,2,2025-10-30
IPH-767,7,2025-10-31
IPH-767,2,2025-11-01
IPH-767,1,2025-11-02
IPH-767,6,2025-11-03
IPH-767,4,2025-11-04
IPH-767,3,2025-11-05
IPH-767,4,2025-11-06
IPH-767,10,2025-11-07
IPH-767,3,2025-11-08
IPH-767,6,2025-11-09
IPH-767,5,2025-11-10
IPH-767,5,2025-11-11
IPH-767,4,2025-11-12
IPH-767,5,2025-11-13
IPH-767,6,2025-11-14
IPH-767,4,2025-11-15
IPH-767,13,2025-11-16
IPH-767,3,2025-11-17
IPH-767,3,2025-11-18
IPH-767,4,2025-11-19
IPH-767,2,2025-11-20
IPH-767,2,2025-11-21
IPH-767,2,2025-11-22
IPH-767,7,2025-11-23
IPH-767,5,2025-11-24
IPH-767,6,2025-11-25
IPH-767,6,2025-11-26
IPH-767,2,2025-11-27
IPH-767,3,2025-11-28
IPH-767,3,2025-11-29
IPH-767,4,2025-11-30
IPH-767,7,2025-12-01
IPH-767,4,2025-12-02
IPH-767,4,2025-12-03
IPH-767,6,2025-12-04
IPH-767,5,2025-12-05
IPH-767,2,2025-12-06
IPH-767,3,2025-12-07
IPH-767,5,2025-12-09
IPH-767,5,2025-12-10
IPH-767,3,2025-12-11
IPH-767,5,2025-12-12
IPH-767,5,2025-12-13
IPH-767,9,2025-12-14
IPH-767,5,2025-12-15
IPH-767,3,2025-12-16
IPH-767,4,2025-12-17
IPH-767,6,2025-12-18
IPH-767,7,2025-12-19
IPH-767,3,2025-12-20
IPH-767,5,2025-12-21
IPH-767,4,2025-12-22
IPH-767,4,2025-12-23
IPH-767,1,2025-12-24
IPH-767,4,2025-12-25
IPH-767,6,2025-12-26
IPH-767,4,2025-12-27
IPH-767,4,2025-12-28
IPH-767,5,2025-12-29
IPH-767,6,2025-12-30
IPH-767,1,2025-12-31
IPH-767,3,2026-01-01
IPH-767,3,2026-01-02
IPH-767,3,2026-01-03
IPH-767,1,2026-01-04
IPH-767,3,2026-01-05
IPH-767,7,2026-01-06
IPH-767,6,2026-01-07
IPH-767,3,2026-01-08
IPH-767,4,2026-01-09
IPH-767,5,2026-01-10
IPH-767,4,2026-01-11
IPH-767,2,2026-01-12
IPH-767,5,2026-01-13
IPH-767,1,2026-01-14
IPH-767,3,2026-01-15
IPH-767,2,2026-01-16
IPH-767,4,2026-01-17
IPH-767,3,2026-01-18
IPH-767,4,2026-01-19
IPH-767,1,2026-01-20
IPH-767,6,2026-01-21
IPH-767,5,2026-01-22
IPH-767,7,2026-01-23
IPH-767,2,2026-01-24
MC-487,11,2023-01-26
MC-487,10,2023-01-27
MC-487,9,2023-01-28
MC-487,5,2023-01-29
MC-487,5,2023-01-30
MC-487,10,2023-01-31
MC-487,12,2023-02-01
MC-487,14,2023-02-02
MC-487,9,2023-02-03
MC-487,10,2023-02-04
MC-487,12,2023-02-05
MC-487,14,2023-02-06
MC-487,11,2023-02-07
MC-487,9,2023-02-08
MC-487,11,2023-02-09
MC-487,7,2023-02-10
MC-487,14,2023-02-11
MC-487,11,2023-02-12
MC-487,12,2023-02-13
MC-487,6,2023-02-14
MC-487,17,2023-02-15
MC-487,15,2023-02-16
MC-487,11,2023-02-17
MC-487,14,2023-02-18
MC-487,18,2023-02-19
MC-487,12,2023-02-20
MC-487,14,2023-02-21
MC-487,9,2023-02-22
MC-487,8,2023-02-23
MC-487,12,2023-02-24
MC-487,14,2023-02-25
MC-487,12,2023-02-26
MC-487,10,2023-02-27
MC-487,3,2023-02-28
MC-487,6,2023-03-01
MC-487,16,2023-03-02
MC-487,9,2023-03-03
MC-487,11,2023-03-04
MC-487,8,2023-03-05
MC-487,14,2023-03-06
MC-487,5,2023-03-07
MC-487,9,2023-03-08
MC-487,9,2023-03-09
MC-487,11,2023-03-10
MC-487,11,2023-03-11
MC-487,7,2023-03-12
MC-487,16,2023-03-13
MC-487,12,2023-03-14
MC-487,10,2023-03-15
MC-487,10,2023-03-16
MC-487,8,2023-03-17
MC-487,11,2023-03-18
MC-487,16,2023-03-19
MC-487,10,2023-03-20
MC-487,11,2023-03-21
MC-487,7,2023-03-22
MC-487,11,2023-03-23
MC-487,6,2023-03-24
MC-487,16,2023-03-25
MC-487,7,2023-03-26
MC-487,17,2023-03-27
MC-487,8,2023-03-28
MC-487,11,2023-03-29
MC-487,10,2023-03-30
MC-487,11,2023-03-31
MC-487,13,2023-04-01
MC-487,11,2023-04-02
MC-487,7,2023-04-03
MC-487,10,2023-04-04
MC-487,11,2023-04-05
MC-487,11,2023-04-06
MC-487,15,2023-04-07
MC-487,12,2023-04-08
MC-487,5,2023-04-09
MC-487,10,2023-04-10
MC-487,7,2023-04-11
MC-487,6,2023-04-12
MC-487,9,2023-04-13
MC-487,4,2023-04-14
MC-487,17,2023-04-15
MC-487,12,2023-04-16
MC-487,10,2023-04-17
MC-487,7,2023-04-18
MC-487,13,2023-04-19
MC-487,6,2023-04-20
MC-487,11,2023-04-21
MC-487,11,2023-04-22
MC-487,7,2023-04-23
MC-487,6,2023-04-24
MC-487,8,2023-04-25
MC-487,16,2023-04-26
MC-487,9,2023-04-27
MC-487,14,2023-04-28
MC-487,13,2023-04-29
MC-487,14,2023-04-30
MC-487,10,2023-05-01
MC-487,15,2023-05-02
MC-487,4,2023-05-03
MC-487,10,2023-05-04
MC-487,11,2023-05-05
MC-487,7,2023-05-06
MC-487,8,2023-05-07
MC-487,11,2023-05-08
MC-487,9,2023-05-09
MC-487,16,2023-05-10
MC-487,6,2023-05-11
MC-487,6,2023-05-12
MC-487,11,2023-05-13
MC-487,9,2023-05-14
MC-487,7,2023-05-15
MC-487,12,2023-05-16
MC-487,10,2023-05-17
MC-487,9,2023-05-18
MC-487,16,2023-05-19
MC-487,12,2023-05-20
MC-487,7,2023-05-21
MC-487,13,2023-05-22
MC-487,15,2023-05-23
MC-487,7,2023-05-24
MC-487,8,2023-05-25
MC-487,9,2023-05-26
MC-487,9,2023-05-27
MC-487,13,2023-05-28
MC-487,15,2023-05-29
MC-487,16,2023-05-30
MC-487,8,2023-05-31
MC-487,11,2023-06-01
MC-487,8,2023-06-02
MC-487,10,2023-06-03
MC-487,8,2023-06-04
MC-487,9,2023-06-05
MC-487,17,2023-06-06
MC-487,5,2023-06-07
MC-487,6,2023-06-08
MC-487,10,2023-06-09
MC-487,8,2023-06-10
MC-487,5,2023-06-11
MC-487,12,2023-06-12
MC-487,10,2023-06-13
MC-487,12,2023-06-14
MC-487,7,2023-06-15
MC-487,13,2023-06-16
MC-487,12,2023-06-17
MC-487,9,2023-06-18
MC-487,8,2023-06-19
MC-487,8,2023-06-20
MC-487,14,2023-06-21
MC-487,10,2023-06-22
MC-487,9,2023-06-23
MC-487,11,2023-06-24
MC-487,11,2023-06-25
MC-487,10,2023-06-26
MC-487,14,2023-06-27
MC-487,12,2023-06-28
MC-487,11,2023-06-29
MC-487,11,2023-06-30
MC-487,4,2023-07-01
MC-487,11,2023-07-02
MC-487,9,2023-07-03
MC-487,13,2023-07-04
MC-487,8,2023-07-05
MC-487,7,2023-07-06
MC-487,8,2023-07-07
MC-487,12,2023-07-08
MC-487,13,2023-07-09
MC-487,9,2023-07-10
MC-487,3,2023-07-11
MC-487,14,2023-07-12
MC-487,8,2023-07-13
MC-487,8,2023-07-14
MC-487,14,2023-07-15
MC-487,10,2023-07-16
MC-487,8,2023-07-17
MC-487,6,2023-07-18
MC-487,6,2023-07-19
MC-487,10,2023-07-20
MC-487,16,2023-07-21
MC-487,6,2023-07-22
MC-487,15,2023-07-23
MC-487,6,2023-07-24
MC-487,10,2023-07-25
MC-487,5,2023-07-26
MC-487,5,2023-07-27
MC-487,11,2023-07-28
MC-487,15,2023-07-29
MC-487,7,2023-07-30
MC-487,7,2023-07-31
MC-487,8,2023-08-01
MC-487,13,2023-08-02
MC-487,10,2023-08-03
MC-487,12,2023-08-04
MC-487,16,2023-08-05
MC-487,14,2023-08-06
MC-487,8,2023-08-07
MC-487,14,2023-08-08
MC-487,17,2023-08-09
MC-487,13,2023-08-10
MC-487,9,2023-08-11
MC-487,13,2023-08-12
MC-487,14,2023-08-13
MC-487,14,2023-08-14
MC-487,6,2023-08-15
MC-487,11,2023-08-16
MC-487,12,2023-08-17
MC-487,12,2023-08-18
MC-487,9,2023-08-19
MC-487,6,2023-08-20
MC-487,7,2023-08-21
MC-487,15,2023-08-22
MC-487,10,2023-08-23
MC-487,6,2023-08-24
MC-487,8,2023-08-25
MC-487,5,2023-08-26
MC-487,12,2023-08-27
MC-487,12,2023-08-28
MC-487,6,2023-08-29
MC-487,11,2023-08-30
MC-487,6,2023-08-31
MC-487,11,2023-09-01
MC-487,9,2023-09-02
MC-487,9,2023-09-03
MC-487,11,2023-09-04
MC-487,14,2023-09-05
MC-487,11,2023-09-06
MC-487,8,2023-09-07
MC-487,9,2023-09-08
MC-487,13,2023-09-09
MC-487,7,2023-09-10
MC-487,14,2023-09-11
MC-487,9,2023-09-12
MC-487,9,2023-09-13
MC-487,12,2023-09-14
MC-487,13,2023-09-15
MC-487,12,2023-09-16
MC-487,5,2023-09-17
MC-487,6,2023-09-18
MC-487,10,2023-09-19
MC-487,10,2023-09-20
MC-487,8,2023-09-21
MC-487,11,2023-09-22
MC-487,8,2023-09-23
MC-487,5,2023-09-24
MC-487,8,2023-09-25
MC-487,14,2023-09-26
MC-487,6,2023-09-27
MC-487,7,2023-09-28
MC-487,10,2023-09-29
MC-487,10,2023-09-30
MC-487,8,2023-10-01
MC-487,9,2023-10-02
MC-487,11,2023-10-03
MC-487,11,2023-10-04
MC-487,5,2023-10-05
MC-487,12,2023-10-06
MC-487,13,2023-10-07
MC-487,7,2023-10-08
MC-487,8,2023-10-09
MC-487,11,2023-10-10
MC-487,17,2023-10-11
MC-487,6,2023-10-12
MC-487,14,2023-10-13
MC-487,13,2023-10-14
MC-487,15,2023-10-15
MC-487,12,2023-10-16
MC-487,10,2023-10-17
MC-487,10,2023-10-18
MC-487,9,2023-10-19
MC-487,15,2023-10-20
MC-487,2,2023-10-21
MC-487,10,2023-10-22
MC-487,12,2023-10-23
MC-487,11,2023-10-24
MC-487,15,2023-10-25
MC-487,8,2023-10-26
MC-487,12,2023-10-27
MC-487,11,2023-10-28
MC-487,9,2023-10-29
MC-487,8,2023-10-30
MC-487,10,2023-10-31
MC-487,11,2023-11-01
MC-487,21,2023-11-02
MC-487,12,2023-11-03
MC-487,8,2023-11-04
MC-487,9,2023-11-05
MC-487,9,2023-11-06
MC-487,10,2023-11-07
MC-487,14,2023-11-08
MC-487,10,2023-11-09
MC-487,14,2023-11-10
MC-487,13,2023-11-11
MC-487,6,2023-11-12
MC-487,14,2023-11-13
MC-487,11,2023-11-14
MC-487,14,2023-11-15
MC-487,13,2023-11-16
MC-487,12,2023-11-17
MC-487,8,2023-11-18
MC-487,12,2023-11-19
MC-487,6,2023-11-20
MC-487,15,2023-11-21
MC-487,11,2023-11-22
MC-487,11,2023-11-23
MC-487,15,2023-11-24
MC-487,5,2023-11-25
MC-487,11,2023-11-26
MC-487,12,2023-11-27
MC-487,7,2023-11-28
MC-487,8,2023-11-29
MC-487,10,2023-11-30
MC-487,9,2023-12-01
MC-487,12,2023-12-02
MC-487,16,2023-12-03
MC-487,7,2023-12-04
MC-487,8,2023-12-05
MC-487,9,2023-12-06
MC-487,12,2023-12-07
MC-487,8,2023-12-08
MC-487,8,2023-12-09
MC-487,10,2023-12-10
MC-487,14,2023-12-11
MC-487,3,2023-12-12
MC-487,10,2023-12-13
MC-487,2,2023-12-14
MC-487,11,2023-12-15
MC-487,10,2023-12-16
MC-487,6,2023-12-17
MC-487,10,2023-12-18
MC-487,13,2023-12-19
MC-487,8,2023-12-20
MC-487,13,2023-12-21
MC-487,13,2023-12-22
MC-487,15,2023-12-23
MC-487,4,2023-12-24
MC-487,13,2023-12-25
MC-487,9,2023-12-26
MC-487,13,2023-12-27
MC-487,9,2023-12-28
MC-487,10,2023-12-29
MC-487,12,2023-12-30
MC-487,9,2023-12-31
MC-487,9,2024-01-01
MC-487,11,2024-01-02
MC-487,6,2024-01-03
MC-487,5,2024-01-04
MC-487,10,2024-01-05
MC-487,7,2024-01-06
MC-487,9,2024-01-07
MC-487,12,2024-01-08
MC-487,13,2024-01-09
MC-487,15,2024-01-10
MC-487,11,2024-01-11
MC-487,9,2024-01-12
MC-487,7,2024-01-13
MC-487,5,2024-01-14
MC-487,11,2024-01-15
MC-487,9,2024-01-16
MC-487,13,2024-01-17
MC-487,16,2024-01-18
MC-487,5,2024-01-19
MC-487,10,2024-01-20
MC-487,5,2024-01-21
MC-487,8,2024-01-22
MC-487,5,2024-01-23
MC-487,10,2024-01-24
MC-487,9,2024-01-25
MC-487,4,2024-01-26
MC-487,7,2024-01-27
MC-487,9,2024-01-28
MC-487,11,2024-01-29
MC-487,8,2024-01-30
MC-487,13,2024-01-31
MC-487,14,2024-02-01
MC-487,10,2024-02-02
MC-487,6,2024-02-03
MC-487,13,2024-02-04
MC-487,12,2024-02-05
MC-487,7,2024-02-06
MC-487,10,2024-02-07
MC-487,5,2024-02-08
MC-487,6,2024-02-09
MC-487,11,2024-02-10
MC-487,9,2024-02-11
MC-487,13,2024-02-12
MC-487,4,2024-02-13
MC-487,6,2024-02-14
MC-487,5,2024-02-15
MC-487,7,2024-02-16
MC-487,8,2024-02-17
MC-487,20,2024-02-18
MC-487,16,2024-02-19
MC-487,9,2024-02-20
MC-487,16,2024-02-21
MC-487,9,2024-02-22
MC-487,8,2024-02-23
MC-487,9,2024-02-24
MC-487,16,2024-02-25
MC-487,8,2024-02-26
MC-487,8,2024-02-27
MC-487,11,2024-02-28
MC-487,10,2024-02-29
MC-487,11,2024-03-01
MC-487,5,2024-03-02
MC-487,5,2024-03-03
MC-487,10,2024-03-04
MC-487,7,2024-03-05
MC-487,14,2024-03-06
MC-487,15,2024-03-07
MC-487,3,2024-03-08
MC-487,12,2024-03-09
MC-487,7,2024-03-10
MC-487,16,2024-03-11
MC-487,11,2024-03-12
MC-487,15,2024-03-13
MC-487,8,2024-03-14
MC-487,12,2024-03-15
MC-487,12,2024-03-16
MC-487,8,2024-03-17
MC-487,9,2024-03-18
MC-487,7,2024-03-19
MC-487,6,2024-03-20
MC-487,8,2024-03-21
MC-487,6,2024-03-22
MC-487,8,2024-03-23
MC-487,10,2024-03-24
MC-487,10,2024-03-25
MC-487,11,2024-03-26
MC-487,16,2024-03-27
MC-487,10,2024-03-28
MC-487,12,2024-03-29
MC-487,8,2024-03-30
MC-487,13,2024-03-31
MC-487,4,2024-04-01
MC-487,6,2024-04-02
MC-487,8,2024-04-03
MC-487,9,2024-04-04
MC-487,11,2024-04-05
MC-487,8,2024-04-06
MC-487,12,2024-04-07
MC-487,7,2024-04-08
MC-487,13,2024-04-09
MC-487,6,2024-04-10
MC-487,9,2024-04-11
MC-487,9,2024-04-12
MC-487,10,2024-04-13
MC-487,3,2024-04-14
MC-487,13,2024-04-15
MC-487,17,2024-04-16
MC-487,8,2024-04-17
MC-487,9,2024-04-18
MC-487,11,2024-04-19
MC-487,7,2024-04-20
MC-487,18,2024-04-21
MC-487,12,2024-04-22
MC-487,15,2024-04-23
MC-487,11,2024-04-24
MC-487,6,2024-04-25
MC-487,5,2024-04-26
MC-487,12,2024-04-27
MC-487,13,2024-04-28
MC-487,11,2024-04-29
MC-487,10,2024-04-30
MC-487,12,2024-05-01
MC-487,13,2024-05-02
MC-487,10,2024-05-03
MC-487,13,2024-05-04
MC-487,9,2024-05-05
MC-487,7,2024-05-06
MC-487,8,2024-05-07
MC-487,12,2024-05-08
MC-487,14,2024-05-09
MC-487,8,2024-05-10
MC-487,12,2024-05-11
MC-487,10,2024-05-12
MC-487,9,2024-05-13
MC-487,7,2024-05-14
MC-487,10,2024-05-15
MC-487,5,2024-05-16
MC-487,9,2024-05-17
MC-487,9,2024-05-18
MC-487,8,2024-05-19
MC-487,6,2024-05-20
MC-487,11,2024-05-21
MC-487,12,2024-05-22
MC-487,12,2024-05-23
MC-487,9,2024-05-24
MC-487,12,2024-05-25
MC-487,13,2024-05-26
MC-487,12,2024-05-27
MC-487,12,2024-05-28
MC-487,9,2024-05-29
MC-487,7,2024-05-30
MC-487,10,2024-05-31
MC-487,12,2024-06-01
MC-487,5,2024-06-02
MC-487,14,2024-06-03
MC-487,8,2024-06-04
MC-487,9,2024-06-05
MC-487,15,2024-06-06
MC-487,8,2024-06-07
MC-487,6,2024-06-08
MC-487,15,2024-06-09
MC-487,13,2024-06-10
MC-487,12,2024-06-11
MC-487,12,2024-06-12
MC-487,9,2024-06-13
MC-487,8,2024-06-14
MC-487,10,2024-06-15
MC-487,14,2024-06-16
MC-487,9,2024-06-17
MC-487,14,2024-06-18
MC-487,13,2024-06-19
MC-487,8,2024-06-20
MC-487,8,2024-06-21
MC-487,9,2024-06-22
MC-487,11,2024-06-23
MC-487,9,2024-06-24
MC-487,6,2024-06-25
MC-487,10,2024-06-26
MC-487,4,2024-06-27
MC-487,10,2024-06-28
MC-487,11,2024-06-29
MC-487,10,2024-06-30
MC-487,11,2024-07-01
MC-487,6,2024-07-02
MC-487,9,2024-07-03
MC-487,13,2024-07-04
MC-487,15,2024-07-05
MC-487,7,2024-07-06
MC-487,9,2024-07-07
MC-487,9,2024-07-08
MC-487,12,2024-07-09
MC-487,8,2024-07-10
MC-487,12,2024-07-11
MC-487,9,2024-07-12
MC-487,8,2024-07-13
MC-487,7,2024-07-14
MC-487,5,2024-07-15
MC-487,12,2024-07-16
MC-487,10,2024-07-17
MC-487,9,2024-07-18
MC-487,5,2024-07-19
MC-487,4,2024-07-20
MC-487,9,2024-07-21
MC-487,10,2024-07-22
MC-487,7,2024-07-23
MC-487,14,2024-07-24
MC-487,12,2024-07-25
MC-487,21,2024-07-26
MC-487,9,2024-07-27
MC-487,9,2024-07-28
MC-487,9,2024-07-29
MC-487,10,2024-07-30
MC-487,12,2024-07-31
MC-487,6,2024-08-01
MC-487,15,2024-08-02
MC-487,5,2024-08-03
MC-487,8,2024-08-04
MC-487,4,2024-08-05
MC-487,6,2024-08-06
MC-487,8,2024-08-07
MC-487,8,2024-08-08
MC-487,5,2024-08-09
MC-487,13,2024-08-10
MC-487,9,2024-08-11
MC-487,13,2024-08-12
MC-487,13,2024-08-13
MC-487,6,2024-08-14
MC-487,13,2024-08-15
MC-487,17,2024-08-16
MC-487,13,2024-08-17
MC-487,15,2024-08-18
MC-487,6,2024-08-19
MC-487,12,2024-08-20
MC-487,16,2024-08-21
MC-487,7,2024-08-22
MC-487,8,2024-08-23
MC-487,7,2024-08-24
MC-487,8,2024-08-25
MC-487,13,2024-08-26
MC-487,16,2024-08-27
MC-487,11,2024-08-28
MC-487,4,2024-08-29
MC-487,16,2024-08-30
MC-487,16,2024-08-31
MC-487,14,2024-09-01
MC-487,8,2024-09-02
MC-487,7,2024-09-03
MC-487,12,2024-09-04
MC-487,10,2024-09-05
MC-487,11,2024-09-06
MC-487,11,2024-09-07
MC-487,7,2024-09-08
MC-487,17,2024-09-09
MC-487,10,2024-09-10
MC-487,16,2024-09-11
MC-487,8,2024-09-12
MC-487,11,2024-09-13
MC-487,9,2024-09-14
MC-487,8,2024-09-15
MC-487,13,2024-09-16
MC-487,9,2024-09-17
MC-487,7,2024-09-18
MC-487,6,2024-09-19
MC-487,13,2024-09-20
MC-487,7,2024-09-21
MC-487,8,2024-09-22
MC-487,8,2024-09-23
MC-487,12,2024-09-24
MC-487,9,2024-09-25
MC-487,8,2024-09-26
MC-487,17,2024-09-27
MC-487,3,2024-09-28
MC-487,7,2024-09-29
MC-487,10,2024-09-30
MC-487,8,2024-10-01
MC-487,9,2024-10-02
MC-487,15,2024-10-03
MC-487,7,2024-10-04
MC-487,9,2024-10-05
MC-487,8,2024-10-06
MC-487,9,2024-10-07
MC-487,13,2024-10-08
MC-487,8,2024-10-09
MC-487,11,2024-10-10
MC-487,13,2024-10-11
MC-487,14,2024-10-12
MC-487,8,2024-10-13
MC-487,7,2024-10-14
MC-487,10,2024-10-15
MC-487,10,2024-10-16
MC-487,8,2024-10-17
MC-487,11,2024-10-18
MC-487,5,2024-10-19
MC-487,14,2024-10-20
MC-487,10,2024-10-21
MC-487,4,2024-10-22
MC-487,10,2024-10-23
MC-487,13,2024-10-24
MC-487,11,2024-10-25
MC-487,14,2024-10-26
MC-487,15,2024-10-27
MC-487,14,2024-10-28
MC-487,6,2024-10-29
MC-487,4,2024-10-30
MC-487,12,2024-10-31
MC-487,6,2024-11-01
MC-487,5,2024-11-02
MC-487,5,2024-11-03
MC-487,12,2024-11-04
MC-487,11,2024-11-05
MC-487,9,2024-11-06
MC-487,9,2024-11-07
MC-487,7,2024-11-08
MC-487,10,2024-11-09
MC-487,8,2024-11-10
MC-487,12,2024-11-11
MC-487,14,2024-11-12
MC-487,6,2024-11-13
MC-487,11,2024-11-14
MC-487,7,2024-11-15
MC-487,12,2024-11-16
MC-487,17,2024-11-17
MC-487,7,2024-11-18
MC-487,11,2024-11-19
MC-487,3,2024-11-20
MC-487,11,2024-11-21
MC-487,10,2024-11-22
MC-487,10,2024-11-23
MC-487,9,2024-11-24
MC-487,8,2024-11-25
MC-487,7,2024-11-26
MC-487,8,2024-11-27
MC-487,16,2024-11-28
MC-487,10,2024-11-29
MC-487,8,2024-11-30
MC-487,5,2024-12-01
MC-487,16,2024-12-02
MC-487,11,2024-12-03
MC-487,8,2024-12-04
MC-487,9,2024-12-05
MC-487,7,2024-12-06
MC-487,7,2024-12-07
MC-487,12,2024-12-08
MC-487,13,2024-12-09
MC-487,7,2024-12-10
MC-487,14,2024-12-11
MC-487,9,2024-12-12
MC-487,5,2024-12-13
MC-487,15,2024-12-14
MC-487,13,2024-12-15
MC-487,11,2024-12-16
MC-487,12,2024-12-17
MC-487,12,2024-12-18
MC-487,8,2024-12-19
MC-487,11,2024-12-20
MC-487,8,2024-12-21
MC-487,17,2024-12-22
MC-487,11,2024-12-23
MC-487,13,2024-12-24
MC-487,10,2024-12-25
MC-487,6,2024-12-26
MC-487,12,2024-12-27
MC-487,9,2024-12-28
MC-487,9,2024-12-29
MC-487,5,2024-12-30
MC-487,12,2024-12-31
MC-487,12,2025-01-01
MC-487,15,2025-01-02
MC-487,8,2025-01-03
MC-487,9,2025-01-04
MC-487,13,2025-01-05
MC-487,7,2025-01-06
MC-487,8,2025-01-07
MC-487,17,2025-01-08
MC-487,6,2025-01-09
MC-487,8,2025-01-10
MC-487,10,2025-01-11
MC-487,8,2025-01-12
MC-487,13,2025-01-13
MC-487,10,2025-01-14
MC-487,6,2025-01-15
MC-487,10,2025-01-16
MC-487,8,2025-01-17
MC-487,7,2025-01-18
MC-487,9,2025-01-19
MC-487,5,2025-01-20
MC-487,8,2025-01-21
MC-487,14,2025-01-22
MC-487,12,2025-01-23
MC-487,12,2025-01-24
MC-487,11,2025-01-25
MC-487,9,2025-01-26
MC-487,10,2025-01-27
MC-487,9,2025-01-28
MC-487,15,2025-01-29
MC-487,7,2025-01-30
MC-487,9,2025-01-31
MC-487,17,2025-02-01
MC-487,10,2025-02-02
MC-487,6,2025-02-03
MC-487,8,2025-02-04
MC-487,11,2025-02-05
MC-487,5,2025-02-06
MC-487,16,2025-02-07
MC-487,12,2025-02-08
MC-487,9,2025-02-09
MC-487,9,2025-02-10
MC-487,7,2025-02-11
MC-487,4,2025-02-12
MC-487,11,2025-02-13
MC-487,7,2025-02-14
MC-487,8,2025-02-15
MC-487,5,2025-02-16
MC-487,9,2025-02-17
MC-487,15,2025-02-18
MC-487,7,2025-02-19
MC-487,6,2025-02-20
MC-487,11,2025-02-21
MC-487,9,2025-02-22
MC-487,12,2025-02-23
MC-487,12,2025-02-24
MC-487,8,2025-02-25
MC-487,8,2025-02-26
MC-487,13,2025-02-27
MC-487,7,2025-02-28
MC-487,7,2025-03-01
MC-487,8,2025-03-02
MC-487,12,2025-03-03
MC-487,12,2025-03-04
MC-487,3,2025-03-05
MC-487,9,2025-03-06
MC-487,8,2025-03-07
MC-487,9,2025-03-08
MC-487,7,2025-03-09
MC-487,5,2025-03-10
MC-487,7,2025-03-11
MC-487,5,2025-03-12
MC-487,16,2025-03-13
MC-487,5,2025-03-14
MC-487,12,2025-03-15
MC-487,15,2025-03-16
MC-487,11,2025-03-17
MC-487,12,2025-03-18
MC-487,8,2025-03-19
MC-487,12,2025-03-20
MC-487,13,2025-03-21
MC-487,17,2025-03-22
MC-487,14,2025-03-23
MC-487,8,2025-03-24
MC-487,11,2025-03-25
MC-487,7,2025-03-26
MC-487,11,2025-03-27
MC-487,12,2025-03-28
MC-487,12,2025-03-29
MC-487,6,2025-03-30
MC-487,7,2025-03-31
MC-487,15,2025-04-01
MC-487,4,2025-04-02
MC-487,11,2025-04-03
MC-487,6,2025-04-04
MC-487,9,2025-04-05
MC-487,14,2025-04-06
MC-487,13,2025-04-07
MC-487,10,2025-04-08
MC-487,5,2025-04-09
MC-487,8,2025-04-10
MC-487,5,2025-04-11
MC-487,16,2025-04-12
MC-487,9,2025-04-13
MC-487,8,2025-04-14
MC-487,7,2025-04-15
MC-487,8,2025-04-16
MC-487,15,2025-04-17
MC-487,12,2025-04-18
MC-487,10,2025-04-19
MC-487,12,2025-04-20
MC-487,8,2025-04-21
MC-487,12,2025-04-22
MC-487,8,2025-04-23
MC-487,9,2025-04-24
MC-487,7,2025-04-25
MC-487,7,2025-04-26
MC-487,8,2025-04-27
MC-487,8,2025-04-28
MC-487,9,2025-04-29
MC-487,13,2025-04-30
MC-487,15,2025-05-01
MC-487,19,2025-05-02
MC-487,9,2025-05-03
MC-487,11,2025-05-04
MC-487,11,2025-05-05
MC-487,14,2025-05-06
MC-487,7,2025-05-07
MC-487,9,2025-05-08
MC-487,13,2025-05-09
MC-487,11,2025-05-10
MC-487,5,2025-05-11
MC-487,11,2025-05-12
MC-487,8,2025-05-13
MC-487,13,2025-05-14
MC-487,9,2025-05-15
MC-487,10,2025-05-16
MC-487,7,2025-05-17
MC-487,9,2025-05-18
MC-487,5,2025-05-19
MC-487,9,2025-05-20
MC-487,14,2025-05-21
MC-487,15,2025-05-22
MC-487,11,2025-05-23
MC-487,13,2025-05-24
MC-487,6,2025-05-25
MC-487,14,2025-05-26
MC-487,11,2025-05-27
MC-487,6,2025-05-28
MC-487,5,2025-05-29
MC-487,7,2025-05-30
MC-487,9,2025-05-31
MC-487,15,2025-06-01
MC-487,10,2025-06-02
MC-487,13,2025-06-03
MC-487,6,2025-06-04
MC-487,13,2025-06-05
MC-487,10,2025-06-06
MC-487,6,2025-06-07
MC-487,8,2025-06-08
MC-487,14,2025-06-09
MC-487,9,2025-06-10
MC-487,14,2025-06-11
MC-487,9,2025-06-12
MC-487,13,2025-06-13
MC-487,14,2025-06-14
MC-487,9,2025-06-15
MC-487,9,2025-06-16
MC-487,11,2025-06-17
MC-487,13,2025-06-18
MC-487,7,2025-06-19
MC-487,13,2025-06-20
MC-487,7,2025-06-21
MC-487,9,2025-06-22
MC-487,8,2025-06-23
MC-487,12,2025-06-24
MC-487,15,2025-06-25
MC-487,10,2025-06-26
MC-487,6,2025-06-27
MC-487,7,2025-06-28
MC-487,15,2025-06-29
MC-487,15,2025-06-30
MC-487,9,2025-07-01
MC-487,14,2025-07-02
MC-487,8,2025-07-03
MC-487,8,2025-07-04
MC-487,11,2025-07-05
MC-487,8,2025-07-06
MC-487,12,2025-07-07
MC-487,10,2025-07-08
MC-487,12,2025-07-09
MC-487,10,2025-07-10
MC-487,7,2025-07-11
MC-487,15,2025-07-12
MC-487,10,2025-07-13
MC-487,12,2025-07-14
MC-487,6,2025-07-15
MC-487,8,2025-07-16
MC-487,7,2025-07-17
MC-487,8,2025-07-18
MC-487,12,2025-07-19
MC-487,9,2025-07-20
MC-487,9,2025-07-21
MC-487,14,2025-07-22
MC-487,10,2025-07-23
MC-487,9,2025-07-24
MC-487,8,2025-07-25
MC-487,10,2025-07-26
MC-487,6,2025-07-27
MC-487,12,2025-07-28
MC-487,8,2025-07-29
MC-487,8,2025-07-30
MC-487,15,2025-07-31
MC-487,11,2025-08-01
MC-487,11,2025-08-02
MC-487,12,2025-08-03
MC-487,11,2025-08-04
MC-487,12,2025-08-05
MC-487,9,2025-08-06
MC-487,6,2025-08-07
MC-487,5,2025-08-08
MC-487,16,2025-08-09
MC-487,7,2025-08-10
MC-487,12,2025-08-11
MC-487,12,2025-08-12
MC-487,10,2025-08-13
MC-487,8,2025-08-14
MC-487,15,2025-08-15
MC-487,18,2025-08-16
MC-487,13,2025-08-17
MC-487,10,2025-08-18
MC-487,9,2025-08-19
MC-487,11,2025-08-20
MC-487,9,2025-08-21
MC-487,11,2025-08-22
MC-487,9,2025-08-23
MC-487,11,2025-08-24
MC-487,7,2025-08-25
MC-487,7,2025-08-26
MC-487,11,2025-08-27
MC-487,13,2025-08-28
MC-487,7,2025-08-29
MC-487,15,2025-08-30
MC-487,8,2025-08-31
MC-487,7,2025-09-01
MC-487,9,2025-09-02
MC-487,7,2025-09-03
MC-487,14,2025-09-04
MC-487,16,2025-09-05
MC-487,8,2025-09-06
MC-487,5,2025-09-07
MC-487,9,2025-09-08
MC-487,9,2025-09-09
MC-487,7,2025-09-10
MC-487,13,2025-09-11
MC-487,15,2025-09-12
MC-487,6,2025-09-13
MC-487,10,2025-09-14
MC-487,11,2025-09-15
MC-487,5,2025-09-16
MC-487,8,2025-09-17
MC-487,11,2025-09-18
MC-487,11,2025-09-19
MC-487,14,2025-09-20
MC-487,7,2025-09-21
MC-487,13,2025-09-22
MC-487,7,2025-09-23
MC-487,5,2025-09-24
MC-487,17,2025-09-25
MC-487,10,2025-09-26
MC-487,9,2025-09-27
MC-487,4,2025-09-28
MC-487,10,2025-09-29
MC-487,10,2025-09-30
MC-487,11,2025-10-01
MC-487,7,2025-10-02
MC-487,13,2025-10-03
MC-487,8,2025-10-04
MC-487,13,2025-10-05
MC-487,10,2025-10-06
MC-487,11,2025-10-07
MC-487,9,2025-10-08
MC-487,10,2025-10-09
MC-487,9,2025-10-10
MC-487,9,2025-10-11
MC-487,4,2025-10-12
MC-487,7,2025-10-13
MC-487,5,2025-10-14
MC-487,14,2025-10-15
MC-487,11,2025-10-16
MC-487,9,2025-10-17
MC-487,7,2025-10-18
MC-487,5,2025-10-19
MC-487,11,2025-10-20
MC-487,3,2025-10-21
MC-487,12,2025-10-22
MC-487,12,2025-10-23
MC-487,4,2025-10-24
MC-487,11,2025-10-25
MC-487,13,2025-10-26
MC-487,13,2025-10-27
MC-487,10,2025-10-28
MC-487,10,2025-10-29
MC-487,5,2025-10-30
MC-487,7,2025-10-31
MC-487,5,2025-11-01
MC-487,12,2025-11-02
MC-487,12,2025-11-03
MC-487,16,2025-11-04
MC-487,12,2025-11-05
MC-487,5,2025-11-06
MC-487,15,2025-11-07
MC-487,17,2025-11-08
MC-487,15,2025-11-09
MC-487,8,2025-11-10
MC-487,5,2025-11-11
MC-487,11,2025-11-12
MC-487,8,2025-11-13
MC-487,8,2025-11-14
MC-487,8,2025-11-15
MC-487,15,2025-11-16
MC-487,9,2025-11-17
MC-487,11,2025-11-18
MC-487,9,2025-11-19
MC-487,8,2025-11-20
MC-487,9,2025-11-21
MC-487,6,2025-11-22
MC-487,11,2025-11-23
MC-487,10,2025-11-24
MC-487,8,2025-11-25
MC-487,16,2025-11-26
MC-487,14,2025-11-27
MC-487,19,2025-11-28
MC-487,12,2025-11-29
MC-487,16,2025-11-30
MC-487,11,2025-12-01
MC-487,10,2025-12-02
MC-487,7,2025-12-03
MC-487,8,2025-12-04
MC-487,12,2025-12-05
MC-487,12,2025-12-06
MC-487,11,2025-12-07
MC-487,10,2025-12-08
MC-487,11,2025-12-09
MC-487,10,2025-12-10
MC-487,11,2025-12-11
MC-487,16,2025-12-12
MC-487,7,2025-12-13
MC-487,10,2025-12-14
MC-487,16,2025-12-15
MC-487,11,2025-12-16
MC-487,9,2025-12-17
MC-487,14,2025-12-18
MC-487,11,2025-12-19
MC-487,16,2025-12-20
MC-487,12,2025-12-21
MC-487,18,2025-12-22
MC-487,9,2025-12-23
MC-487,8,2025-12-24
MC-487,8,2025-12-25
MC-487,10,2025-12-26
MC-487,14,2025-12-27
MC-487,12,2025-12-28
MC-487,9,2025-12-29
MC-487,7,2025-12-30
MC-487,13,2025-12-31
MC-487,13,2026-01-01
MC-487,8,2026-01-02
MC-487,7,2026-01-03
MC-487,11,2026-01-04
MC-487,11,2026-01-05
MC-487,3,2026-01-06
MC-487,12,2026-01-07
MC-487,6,2026-01-08
MC-487,9,2026-01-09
MC-487,9,2026-01-10
MC-487,12,2026-01-11
MC-487,14,2026-01-12
MC-487,6,2026-01-13
MC-487,12,2026-01-14
MC-487,7,2026-01-15
MC-487,11,2026-01-16
MC-487,11,2026-01-17
MC-487,5,2026-01-18
MC-487,6,2026-01-19
MC-487,18,2026-01-20
MC-487,8,2026-01-21
MC-487,13,2026-01-22
MC-487,9,2026-01-23
MC-487,9,2026-01-24
MC-487,12,2026-01-25
AUD-015,3,2023-01-26
AUD-015,2,2023-01-27
AUD-015,3,2023-01-28
AUD-015,3,2023-01-29
AUD-015,3,2023-01-30
AUD-015,3,2023-01-31
AUD-015,2,2023-02-01
AUD-015,4,2023-02-03
AUD-015,3,2023-02-04
AUD-015,5,2023-02-05
AUD-015,4,2023-02-06
AUD-015,2,2023-02-08
AUD-015,3,2023-02-09
AUD-015,2,2023-02-10
AUD-015,1,2023-02-11
AUD-015,4,2023-02-13
AUD-015,3,2023-02-14
AUD-015,4,2023-02-15
AUD-015,2,2023-02-16
AUD-015,2,2023-02-17
AUD-015,3,2023-02-18
AUD-015,2,2023-02-19
AUD-015,3,2023-02-20
AUD-015,4,2023-02-21
AUD-015,1,2023-02-22
AUD-015,2,2023-02-23
AUD-015,3,2023-02-24
AUD-015,4,2023-02-25
AUD-015,3,2023-02-26
AUD-015,3,2023-02-28
AUD-015,2,2023-03-01
AUD-015,4,2023-03-02
AUD-015,1,2023-03-03
AUD-015,1,2023-03-04
AUD-015,3,2023-03-05
AUD-015,6,2023-03-06
AUD-015,3,2023-03-07
AUD-015,4,2023-03-09
AUD-015,1,2023-03-10
AUD-015,4,2023-03-11
AUD-015,3,2023-03-12
AUD-015,4,2023-03-13
AUD-015,1,2023-03-14
AUD-015,3,2023-03-15
AUD-015,5,2023-03-16
AUD-015,7,2023-03-17
AUD-015,6,2023-03-18
AUD-015,5,2023-03-19
AUD-015,7,2023-03-20
AUD-015,4,2023-03-21
AUD-015,3,2023-03-22
AUD-015,4,2023-03-23
AUD-015,6,2023-03-24
AUD-015,4,2023-03-25
AUD-015,6,2023-03-26
AUD-015,6,2023-03-27
AUD-015,6,2023-03-28
AUD-015,1,2023-03-29
AUD-015,4,2023-03-30
AUD-015,1,2023-03-31
AUD-015,4,2023-04-01
AUD-015,3,2023-04-02
AUD-015,3,2023-04-03
AUD-015,4,2023-04-04
AUD-015,5,2023-04-05
AUD-015,5,2023-04-06
AUD-015,1,2023-04-08
AUD-015,3,2023-04-09
AUD-015,3,2023-04-10
AUD-015,1,2023-04-11
AUD-015,3,2023-04-12
AUD-015,2,2023-04-13
AUD-015,6,2023-04-14
AUD-015,2,2023-04-15
AUD-015,6,2023-04-16
AUD-015,4,2023-04-17
AUD-015,5,2023-04-18
AUD-015,4,2023-04-19
AUD-015,5,2023-04-20
AUD-015,2,2023-04-21
AUD-015,3,2023-04-22
AUD-015,8,2023-04-23
AUD-015,2,2023-04-24
AUD-015,3,2023-04-25
AUD-015,3,2023-04-27
AUD-015,4,2023-04-28
AUD-015,1,2023-04-29
AUD-015,1,2023-04-30
AUD-015,5,2023-05-01
AUD-015,4,2023-05-02
AUD-015,5,2023-05-03
AUD-015,2,2023-05-04
AUD-015,5,2023-05-05
AUD-015,3,2023-05-06
AUD-015,3,2023-05-07
AUD-015,4,2023-05-08
AUD-015,4,2023-05-09
AUD-015,6,2023-05-10
AUD-015,3,2023-05-11
AUD-015,1,2023-05-12
AUD-015,3,2023-05-13
AUD-015,6,2023-05-14
AUD-015,1,2023-05-15
AUD-015,3,2023-05-16
AUD-015,1,2023-05-17
AUD-015,1,2023-05-18
AUD-015,7,2023-05-19
AUD-015,3,2023-05-20
AUD-015,4,2023-05-21
AUD-015,1,2023-05-22
AUD-015,4,2023-05-23
AUD-015,2,2023-05-24
AUD-015,4,2023-05-26
AUD-015,4,2023-05-27
AUD-015,1,2023-05-28
AUD-015,2,2023-05-29
AUD-015,3,2023-05-30
AUD-015,3,2023-06-01
AUD-015,4,2023-06-02
AUD-015,8,2023-06-03
AUD-015,1,2023-06-04
AUD-015,4,2023-06-05
AUD-015,3,2023-06-06
AUD-015,3,2023-06-07
AUD-015,3,2023-06-08
AUD-015,2,2023-06-09
AUD-015,2,2023-06-10
AUD-015,5,2023-06-11
AUD-015,2,2023-06-12
AUD-015,5,2023-06-13
AUD-015,1,2023-06-14
AUD-015,2,2023-06-15
AUD-015,4,2023-06-16
AUD-015,2,2023-06-17
AUD-015,2,2023-06-18
AUD-015,3,2023-06-19
AUD-015,1,2023-06-20
AUD-015,3,2023-06-21
AUD-015,6,2023-06-22
AUD-015,1,2023-06-23
AUD-015,4,2023-06-24
AUD-015,2,2023-06-25
AUD-015,1,2023-06-26
AUD-015,3,2023-06-27
AUD-015,3,2023-06-28
AUD-015,3,2023-06-29
AUD-015,4,2023-06-30
AUD-015,3,2023-07-01
AUD-015,3,2023-07-02
AUD-015,2,2023-07-03
AUD-015,7,2023-07-04
AUD-015,1,2023-07-05
AUD-015,2,2023-07-06
AUD-015,4,2023-07-07
AUD-015,6,2023-07-08
AUD-015,1,2023-07-09
AUD-015,6,2023-07-10
AUD-015,2,2023-07-11
AUD-015,1,2023-07-12
AUD-015,4,2023-07-13
AUD-015,2,2023-07-14
AUD-015,4,2023-07-16
AUD-015,5,2023-07-17
AUD-015,4,2023-07-18
AUD-015,1,2023-07-19
AUD-015,4,2023-07-20
AUD-015,2,2023-07-21
AUD-015,1,2023-07-22
AUD-015,3,2023-07-23
AUD-015,2,2023-07-24
AUD-015,2,2023-07-25
AUD-015,1,2023-07-26
AUD-015,1,2023-07-27
AUD-015,3,2023-07-28
AUD-015,3,2023-07-29
AUD-015,3,2023-07-30
AUD-015,2,2023-07-31
AUD-015,9,2023-08-01
AUD-015,3,2023-08-02
AUD-015,5,2023-08-03
AUD-015,1,2023-08-04
AUD-015,3,2023-08-05
AUD-015,3,2023-08-06
AUD-015,3,2023-08-07
AUD-015,3,2023-08-08
AUD-015,2,2023-08-09
AUD-015,3,2023-08-10
AUD-015,2,2023-08-11
AUD-015,1,2023-08-12
AUD-015,5,2023-08-13
AUD-015,3,2023-08-14
AUD-015,1,2023-08-15
AUD-015,1,2023-08-16
AUD-015,5,2023-08-17
AUD-015,4,2023-08-18
AUD-015,3,2023-08-19
AUD-015,3,2023-08-20
AUD-015,2,2023-08-21
AUD-015,2,2023-08-22
AUD-015,2,2023-08-23
AUD-015,3,2023-08-24
AUD-015,1,2023-08-25
AUD-015,4,2023-08-26
AUD-015,3,2023-08-27
AUD-015,2,2023-08-29
AUD-015,1,2023-08-30
AUD-015,4,2023-08-31
AUD-015,1,2023-09-01
AUD-015,4,2023-09-02
AUD-015,1,2023-09-03
AUD-015,3,2023-09-04
AUD-015,6,2023-09-05
AUD-015,4,2023-09-06
AUD-015,3,2023-09-07
AUD-015,2,2023-09-08
AUD-015,2,2023-09-09
AUD-015,1,2023-09-10
AUD-015,9,2023-09-11
AUD-015,2,2023-09-12
AUD-015,1,2023-09-13
AUD-015,2,2023-09-15
AUD-015,4,2023-09-16
AUD-015,3,2023-09-18
AUD-015,3,2023-09-19
AUD-015,4,2023-09-20
AUD-015,1,2023-09-21
AUD-015,7,2023-09-22
AUD-015,1,2023-09-23
AUD-015,1,2023-09-24
AUD-015,2,2023-09-25
AUD-015,7,2023-09-26
AUD-015,2,2023-09-27
AUD-015,1,2023-09-28
AUD-015,2,2023-09-29
AUD-015,2,2023-09-30
AUD-015,9,2023-10-01
AUD-015,4,2023-10-02
AUD-015,3,2023-10-03
AUD-015,1,2023-10-05
AUD-015,1,2023-10-06
AUD-015,5,2023-10-07
AUD-015,3,2023-10-08
AUD-015,1,2023-10-09
AUD-015,2,2023-10-10
AUD-015,1,2023-10-11
AUD-015,4,2023-10-12
AUD-015,2,2023-10-13
AUD-015,4,2023-10-14
AUD-015,4,2023-10-15
AUD-015,2,2023-10-16
AUD-015,7,2023-10-17
AUD-015,6,2023-10-18
AUD-015,4,2023-10-19
AUD-015,2,2023-10-20
AUD-015,2,2023-10-21
AUD-015,2,2023-10-23
AUD-015,5,2023-10-24
AUD-015,3,2023-10-25
AUD-015,5,2023-10-26
AUD-015,4,2023-10-27
AUD-015,4,2023-10-28
AUD-015,3,2023-10-29
AUD-015,3,2023-10-30
AUD-015,3,2023-10-31
AUD-015,1,2023-11-01
AUD-015,4,2023-11-02
AUD-015,4,2023-11-03
AUD-015,1,2023-11-04
AUD-015,7,2023-11-06
AUD-015,1,2023-11-07
AUD-015,1,2023-11-08
AUD-015,2,2023-11-09
AUD-015,1,2023-11-10
AUD-015,2,2023-11-11
AUD-015,4,2023-11-12
AUD-015,3,2023-11-13
AUD-015,4,2023-11-14
AUD-015,2,2023-11-15
AUD-015,4,2023-11-16
AUD-015,2,2023-11-17
AUD-015,1,2023-11-18
AUD-015,3,2023-11-19
AUD-015,3,2023-11-20
AUD-015,2,2023-11-21
AUD-015,2,2023-11-22
AUD-015,1,2023-11-23
AUD-015,6,2023-11-24
AUD-015,6,2023-11-25
AUD-015,4,2023-11-26
AUD-015,3,2023-11-27
AUD-015,1,2023-11-28
AUD-015,1,2023-11-29
AUD-015,1,2023-11-30
AUD-015,4,2023-12-01
AUD-015,2,2023-12-02
AUD-015,2,2023-12-03
AUD-015,2,2023-12-04
AUD-015,3,2023-12-05
AUD-015,4,2023-12-06
AUD-015,3,2023-12-07
AUD-015,3,2023-12-08
AUD-015,2,2023-12-09
AUD-015,3,2023-12-10
AUD-015,4,2023-12-11
AUD-015,1,2023-12-12
AUD-015,4,2023-12-13
AUD-015,4,2023-12-14
AUD-015,1,2023-12-15
AUD-015,4,2023-12-16
AUD-015,1,2023-12-17
AUD-015,1,2023-12-18
AUD-015,5,2023-12-19
AUD-015,1,2023-12-20
AUD-015,3,2023-12-21
AUD-015,1,2023-12-22
AUD-015,2,2023-12-23
AUD-015,4,2023-12-24
AUD-015,4,2023-12-25
AUD-015,3,2023-12-26
AUD-015,2,2023-12-27
AUD-015,3,2023-12-28
AUD-015,2,2023-12-29
AUD-015,2,2023-12-31
AUD-015,1,2024-01-01
AUD-015,5,2024-01-02
AUD-015,5,2024-01-03
AUD-015,1,2024-01-04
AUD-015,3,2024-01-05
AUD-015,4,2024-01-06
AUD-015,3,2024-01-07
AUD-015,4,2024-01-08
AUD-015,3,2024-01-09
AUD-015,3,2024-01-10
AUD-015,1,2024-01-11
AUD-015,2,2024-01-12
AUD-015,3,2024-01-13
AUD-015,2,2024-01-14
AUD-015,2,2024-01-17
AUD-015,2,2024-01-18
AUD-015,4,2024-01-19
AUD-015,5,2024-01-20
AUD-015,5,2024-01-21
AUD-015,4,2024-01-22
AUD-015,6,2024-01-23
AUD-015,1,2024-01-24
AUD-015,2,2024-01-25
AUD-015,2,2024-01-26
AUD-015,3,2024-01-27
AUD-015,2,2024-01-28
AUD-015,6,2024-01-29
AUD-015,2,2024-01-30
AUD-015,2,2024-01-31
AUD-015,1,2024-02-01
AUD-015,6,2024-02-02
AUD-015,4,2024-02-03
AUD-015,2,2024-02-04
AUD-015,6,2024-02-05
AUD-015,4,2024-02-06
AUD-015,3,2024-02-07
AUD-015,4,2024-02-08
AUD-015,2,2024-02-09
AUD-015,4,2024-02-10
AUD-015,2,2024-02-11
AUD-015,3,2024-02-12
AUD-015,4,2024-02-13
AUD-015,5,2024-02-14
AUD-015,3,2024-02-15
AUD-015,2,2024-02-16
AUD-015,6,2024-02-17
AUD-015,5,2024-02-18
AUD-015,4,2024-02-19
AUD-015,3,2024-02-20
AUD-015,6,2024-02-21
AUD-015,1,2024-02-22
AUD-015,8,2024-02-23
AUD-015,4,2024-02-24
AUD-015,2,2024-02-25
AUD-015,2,2024-02-26
AUD-015,5,2024-02-27
AUD-015,3,2024-02-28
AUD-015,3,2024-02-29
AUD-015,3,2024-03-01
AUD-015,1,2024-03-02
AUD-015,2,2024-03-03
AUD-015,3,2024-03-04
AUD-015,1,2024-03-05
AUD-015,5,2024-03-06
AUD-015,2,2024-03-07
AUD-015,4,2024-03-08
AUD-015,3,2024-03-09
AUD-015,3,2024-03-10
AUD-015,2,2024-03-11
AUD-015,3,2024-03-12
AUD-015,2,2024-03-13
AUD-015,5,2024-03-14
AUD-015,7,2024-03-15
AUD-015,4,2024-03-16
AUD-015,5,2024-03-17
AUD-015,4,2024-03-18
AUD-015,1,2024-03-19
AUD-015,2,2024-03-20
AUD-015,2,2024-03-21
AUD-015,3,2024-03-22
AUD-015,3,2024-03-23
AUD-015,2,2024-03-24
AUD-015,3,2024-03-25
AUD-015,3,2024-03-26
AUD-015,1,2024-03-27
AUD-015,2,2024-03-28
AUD-015,5,2024-03-29
AUD-015,1,2024-03-30
AUD-015,3,2024-03-31
AUD-015,3,2024-04-01
AUD-015,4,2024-04-02
AUD-015,4,2024-04-03
AUD-015,6,2024-04-04
AUD-015,3,2024-04-05
AUD-015,4,2024-04-06
AUD-015,1,2024-04-07
AUD-015,3,2024-04-08
AUD-015,5,2024-04-09
AUD-015,5,2024-04-10
AUD-015,2,2024-04-11
AUD-015,3,2024-04-12
AUD-015,1,2024-04-13
AUD-015,1,2024-04-14
AUD-015,6,2024-04-15
AUD-015,3,2024-04-16
AUD-015,3,2024-04-17
AUD-015,1,2024-04-18
AUD-015,2,2024-04-19
AUD-015,5,2024-04-20
AUD-015,2,2024-04-21
AUD-015,2,2024-04-22
AUD-015,2,2024-04-23
AUD-015,6,2024-04-24
AUD-015,3,2024-04-25
AUD-015,3,2024-04-26
AUD-015,3,2024-04-27
AUD-015,4,2024-04-28
AUD-015,1,2024-04-29
AUD-015,3,2024-04-30
AUD-015,4,2024-05-01
AUD-015,2,2024-05-02
AUD-015,5,2024-05-03
AUD-015,5,2024-05-04
AUD-015,2,2024-05-05
AUD-015,4,2024-05-06
AUD-015,6,2024-05-07
AUD-015,2,2024-05-08
AUD-015,3,2024-05-09
AUD-015,1,2024-05-10
AUD-015,4,2024-05-12
AUD-015,5,2024-05-13
AUD-015,4,2024-05-14
AUD-015,3,2024-05-15
AUD-015,2,2024-05-16
AUD-015,4,2024-05-17
AUD-015,1,2024-05-18
AUD-015,2,2024-05-19
AUD-015,6,2024-05-20
AUD-015,4,2024-05-21
AUD-015,4,2024-05-22
AUD-015,4,2024-05-23
AUD-015,2,2024-05-24
AUD-015,2,2024-05-25
AUD-015,3,2024-05-26
AUD-015,5,2024-05-27
AUD-015,3,2024-05-28
AUD-015,3,2024-05-29
AUD-015,2,2024-05-30
AUD-015,4,2024-05-31
AUD-015,1,2024-06-01
AUD-015,3,2024-06-02
AUD-015,4,2024-06-03
AUD-015,1,2024-06-04
AUD-015,1,2024-06-05
AUD-015,2,2024-06-07
AUD-015,4,2024-06-08
AUD-015,4,2024-06-09
AUD-015,4,2024-06-10
AUD-015,2,2024-06-11
AUD-015,3,2024-06-12
AUD-015,5,2024-06-13
AUD-015,3,2024-06-14
AUD-015,4,2024-06-15
AUD-015,3,2024-06-16
AUD-015,2,2024-06-17
AUD-015,1,2024-06-18
AUD-015,2,2024-06-19
AUD-015,4,2024-06-20
AUD-015,2,2024-06-21
AUD-015,5,2024-06-22
AUD-015,3,2024-06-23
AUD-015,3,2024-06-24
AUD-015,2,2024-06-25
AUD-015,4,2024-06-27
AUD-015,2,2024-06-29
AUD-015,2,2024-06-30
AUD-015,5,2024-07-01
AUD-015,6,2024-07-02
AUD-015,2,2024-07-04
AUD-015,2,2024-07-05
AUD-015,3,2024-07-06
AUD-015,2,2024-07-07
AUD-015,6,2024-07-08
AUD-015,1,2024-07-09
AUD-015,2,2024-07-10
AUD-015,2,2024-07-11
AUD-015,1,2024-07-12
AUD-015,2,2024-07-13
AUD-015,3,2024-07-14
AUD-015,6,2024-07-15
AUD-015,5,2024-07-16
AUD-015,3,2024-07-17
AUD-015,2,2024-07-18
AUD-015,4,2024-07-20
AUD-015,1,2024-07-21
AUD-015,2,2024-07-22
AUD-015,2,2024-07-23
AUD-015,3,2024-07-24
AUD-015,4,2024-07-25
AUD-015,4,2024-07-26
AUD-015,4,2024-07-27
AUD-015,1,2024-07-28
AUD-015,3,2024-07-29
AUD-015,3,2024-07-30
AUD-015,3,2024-07-31
AUD-015,2,2024-08-01
AUD-015,4,2024-08-02
AUD-015,3,2024-08-03
AUD-015,4,2024-08-04
AUD-015,5,2024-08-05
AUD-015,3,2024-08-06
AUD-015,3,2024-08-07
AUD-015,3,2024-08-08
AUD-015,4,2024-08-10
AUD-015,3,2024-08-11
AUD-015,3,2024-08-12
AUD-015,2,2024-08-13
AUD-015,2,2024-08-14
AUD-015,5,2024-08-15
AUD-015,4,2024-08-16
AUD-015,4,2024-08-17
AUD-015,2,2024-08-18
AUD-015,4,2024-08-19
AUD-015,6,2024-08-20
AUD-015,4,2024-08-21
AUD-015,7,2024-08-22
AUD-015,1,2024-08-23
AUD-015,1,2024-08-24
AUD-015,3,2024-08-25
AUD-015,2,2024-08-26
AUD-015,3,2024-08-27
AUD-015,3,2024-08-28
AUD-015,10,2024-08-29
AUD-015,3,2024-08-30
AUD-015,3,2024-08-31
AUD-015,1,2024-09-01
AUD-015,1,2024-09-02
AUD-015,2,2024-09-03
AUD-015,2,2024-09-04
AUD-015,2,2024-09-05
AUD-015,5,2024-09-06
AUD-015,3,2024-09-07
AUD-015,3,2024-09-08
AUD-015,3,2024-09-09
AUD-015,1,2024-09-10
AUD-015,2,2024-09-11
AUD-015,3,2024-09-12
AUD-015,2,2024-09-13
AUD-015,2,2024-09-14
AUD-015,2,2024-09-15
AUD-015,5,2024-09-16
AUD-015,5,2024-09-17
AUD-015,7,2024-09-18
AUD-015,3,2024-09-19
AUD-015,1,2024-09-20
AUD-015,2,2024-09-21
AUD-015,2,2024-09-22
AUD-015,2,2024-09-23
AUD-015,4,2024-09-24
AUD-015,1,2024-09-25
AUD-015,3,2024-09-26
AUD-015,5,2024-09-27
AUD-015,3,2024-09-28
AUD-015,1,2024-09-29
AUD-015,5,2024-09-30
AUD-015,3,2024-10-01
AUD-015,2,2024-10-02
AUD-015,5,2024-10-03
AUD-015,2,2024-10-04
AUD-015,3,2024-10-05
AUD-015,3,2024-10-06
AUD-015,2,2024-10-07
AUD-015,2,2024-10-08
AUD-015,4,2024-10-09
AUD-015,5,2024-10-10
AUD-015,3,2024-10-11
AUD-015,4,2024-10-12
AUD-015,1,2024-10-13
AUD-015,2,2024-10-14
AUD-015,3,2024-10-15
AUD-015,4,2024-10-16
AUD-015,4,2024-10-17
AUD-015,2,2024-10-18
AUD-015,3,2024-10-19
AUD-015,2,2024-10-20
AUD-015,4,2024-10-21
AUD-015,2,2024-10-22
AUD-015,2,2024-10-23
AUD-015,2,2024-10-24
AUD-015,3,2024-10-25
AUD-015,1,2024-10-26
AUD-015,3,2024-10-27
AUD-015,2,2024-10-28
AUD-015,2,2024-10-29
AUD-015,2,2024-10-30
AUD-015,2,2024-10-31
AUD-015,4,2024-11-01
AUD-015,1,2024-11-02
AUD-015,5,2024-11-03
AUD-015,4,2024-11-04
AUD-015,3,2024-11-05
AUD-015,2,2024-11-06
AUD-015,4,2024-11-07
AUD-015,2,2024-11-08
AUD-015,2,2024-11-09
AUD-015,6,2024-11-11
AUD-015,2,2024-11-12
AUD-015,5,2024-11-13
AUD-015,4,2024-11-14
AUD-015,3,2024-11-15
AUD-015,4,2024-11-16
AUD-015,2,2024-11-17
AUD-015,3,2024-11-18
AUD-015,3,2024-11-19
AUD-015,3,2024-11-20
AUD-015,2,2024-11-21
AUD-015,4,2024-11-22
AUD-015,2,2024-11-23
AUD-015,5,2024-11-24
AUD-015,3,2024-11-25
AUD-015,2,2024-11-26
AUD-015,3,2024-11-27
AUD-015,2,2024-11-28
AUD-015,1,2024-11-29
AUD-015,2,2024-11-30
AUD-015,2,2024-12-01
AUD-015,2,2024-12-02
AUD-015,6,2024-12-03
AUD-015,5,2024-12-04
AUD-015,2,2024-12-05
AUD-015,2,2024-12-06
AUD-015,2,2024-12-07
AUD-015,3,2024-12-08
AUD-015,1,2024-12-09
AUD-015,3,2024-12-10
AUD-015,4,2024-12-11
AUD-015,1,2024-12-12
AUD-015,4,2024-12-13
AUD-015,5,2024-12-14
AUD-015,3,2024-12-15
AUD-015,1,2024-12-17
AUD-015,2,2024-12-18
AUD-015,4,2024-12-19
AUD-015,7,2024-12-20
AUD-015,8,2024-12-21
AUD-015,2,2024-12-22
AUD-015,6,2024-12-23
AUD-015,4,2024-12-24
AUD-015,3,2024-12-25
AUD-015,2,2024-12-26
AUD-015,4,2024-12-27
AUD-015,5,2024-12-28
AUD-015,3,2024-12-29
AUD-015,1,2024-12-30
AUD-015,4,2024-12-31
AUD-015,6,2025-01-01
AUD-015,3,2025-01-02
AUD-015,4,2025-01-03
AUD-015,3,2025-01-04
AUD-015,7,2025-01-05
AUD-015,4,2025-01-06
AUD-015,2,2025-01-07
AUD-015,2,2025-01-08
AUD-015,3,2025-01-10
AUD-015,3,2025-01-11
AUD-015,5,2025-01-12
AUD-015,2,2025-01-13
AUD-015,4,2025-01-14
AUD-015,2,2025-01-15
AUD-015,1,2025-01-16
AUD-015,3,2025-01-17
AUD-015,2,2025-01-18
AUD-015,3,2025-01-19
AUD-015,4,2025-01-20
AUD-015,1,2025-01-21
AUD-015,2,2025-01-22
AUD-015,5,2025-01-23
AUD-015,1,2025-01-24
AUD-015,1,2025-01-25
AUD-015,2,2025-01-26
AUD-015,2,2025-01-27
AUD-015,3,2025-01-28
AUD-015,6,2025-01-29
AUD-015,2,2025-01-30
AUD-015,1,2025-01-31
AUD-015,3,2025-02-01
AUD-015,3,2025-02-02
AUD-015,2,2025-02-03
AUD-015,1,2025-02-04
AUD-015,2,2025-02-05
AUD-015,6,2025-02-06
AUD-015,1,2025-02-07
AUD-015,1,2025-02-08
AUD-015,1,2025-02-09
AUD-015,6,2025-02-10
AUD-015,5,2025-02-11
AUD-015,3,2025-02-12
AUD-015,2,2025-02-13
AUD-015,4,2025-02-14
AUD-015,2,2025-02-15
AUD-015,4,2025-02-16
AUD-015,3,2025-02-17
AUD-015,4,2025-02-18
AUD-015,2,2025-02-19
AUD-015,3,2025-02-20
AUD-015,3,2025-02-22
AUD-015,2,2025-02-23
AUD-015,7,2025-02-24
AUD-015,3,2025-02-25
AUD-015,1,2025-02-26
AUD-015,4,2025-02-27
AUD-015,7,2025-02-28
AUD-015,4,2025-03-01
AUD-015,2,2025-03-02
AUD-015,2,2025-03-03
AUD-015,2,2025-03-04
AUD-015,2,2025-03-05
AUD-015,3,2025-03-06
AUD-015,3,2025-03-07
AUD-015,2,2025-03-08
AUD-015,8,2025-03-09
AUD-015,3,2025-03-10
AUD-015,2,2025-03-11
AUD-015,4,2025-03-12
AUD-015,3,2025-03-13
AUD-015,2,2025-03-14
AUD-015,7,2025-03-15
AUD-015,1,2025-03-16
AUD-015,1,2025-03-17
AUD-015,4,2025-03-18
AUD-015,1,2025-03-19
AUD-015,3,2025-03-20
AUD-015,6,2025-03-21
AUD-015,2,2025-03-22
AUD-015,3,2025-03-23
AUD-015,2,2025-03-24
AUD-015,2,2025-03-25
AUD-015,3,2025-03-26
AUD-015,2,2025-03-27
AUD-015,1,2025-03-28
AUD-015,6,2025-03-29
AUD-015,5,2025-03-30
AUD-015,4,2025-04-01
AUD-015,2,2025-04-02
AUD-015,3,2025-04-03
AUD-015,4,2025-04-04
AUD-015,4,2025-04-05
AUD-015,6,2025-04-06
AUD-015,4,2025-04-08
AUD-015,3,2025-04-09
AUD-015,3,2025-04-10
AUD-015,3,2025-04-11
AUD-015,4,2025-04-12
AUD-015,1,2025-04-13
AUD-015,2,2025-04-14
AUD-015,3,2025-04-15
AUD-015,2,2025-04-16
AUD-015,2,2025-04-17
AUD-015,4,2025-04-18
AUD-015,7,2025-04-19
AUD-015,4,2025-04-20
AUD-015,6,2025-04-21
AUD-015,2,2025-04-22
AUD-015,1,2025-04-24
AUD-015,3,2025-04-25
AUD-015,3,2025-04-26
AUD-015,4,2025-04-27
AUD-015,3,2025-04-28
AUD-015,1,2025-04-29
AUD-015,3,2025-04-30
AUD-015,4,2025-05-01
AUD-015,2,2025-05-02
AUD-015,1,2025-05-03
AUD-015,4,2025-05-04
AUD-015,2,2025-05-05
AUD-015,5,2025-05-06
AUD-015,2,2025-05-07
AUD-015,4,2025-05-08
AUD-015,2,2025-05-09
AUD-015,4,2025-05-10
AUD-015,6,2025-05-11
AUD-015,7,2025-05-12
AUD-015,4,2025-05-13
AUD-015,4,2025-05-14
AUD-015,4,2025-05-16
AUD-015,3,2025-05-17
AUD-015,1,2025-05-18
AUD-015,1,2025-05-19
AUD-015,7,2025-05-20
AUD-015,2,2025-05-21
AUD-015,2,2025-05-22
AUD-015,1,2025-05-23
AUD-015,3,2025-05-24
AUD-015,5,2025-05-25
AUD-015,3,2025-05-26
AUD-015,4,2025-05-27
AUD-015,3,2025-05-28
AUD-015,4,2025-05-29
AUD-015,5,2025-05-30
AUD-015,2,2025-05-31
AUD-015,5,2025-06-01
AUD-015,6,2025-06-02
AUD-015,7,2025-06-03
AUD-015,2,2025-06-04
AUD-015,1,2025-06-05
AUD-015,4,2025-06-06
AUD-015,2,2025-06-07
AUD-015,5,2025-06-08
AUD-015,5,2025-06-09
AUD-015,4,2025-06-10
AUD-015,3,2025-06-11
AUD-015,4,2025-06-12
AUD-015,4,2025-06-13
AUD-015,1,2025-06-14
AUD-015,4,2025-06-15
AUD-015,3,2025-06-16
AUD-015,4,2025-06-17
AUD-015,3,2025-06-18
AUD-015,4,2025-06-19
AUD-015,3,2025-06-20
AUD-015,4,2025-06-21
AUD-015,2,2025-06-22
AUD-015,4,2025-06-23
AUD-015,2,2025-06-24
AUD-015,6,2025-06-25
AUD-015,3,2025-06-26
AUD-015,3,2025-06-27
AUD-015,2,2025-06-28
AUD-015,3,2025-06-29
AUD-015,3,2025-06-30
AUD-015,1,2025-07-01
AUD-015,2,2025-07-02
AUD-015,2,2025-07-03
AUD-015,2,2025-07-04
AUD-015,2,2025-07-05
AUD-015,4,2025-07-06
AUD-015,4,2025-07-07
AUD-015,4,2025-07-08
AUD-015,2,2025-07-09
AUD-015,2,2025-07-10
AUD-015,4,2025-07-11
AUD-015,5,2025-07-12
AUD-015,1,2025-07-13
AUD-015,2,2025-07-14
AUD-015,3,2025-07-15
AUD-015,3,2025-07-16
AUD-015,7,2025-07-17
AUD-015,6,2025-07-18
AUD-015,3,2025-07-19
AUD-015,3,2025-07-20
AUD-015,6,2025-07-21
AUD-015,3,2025-07-24
AUD-015,3,2025-07-25
AUD-015,2,2025-07-26
AUD-015,3,2025-07-27
AUD-015,3,2025-07-28
AUD-015,5,2025-07-29
AUD-015,4,2025-07-30
AUD-015,1,2025-07-31
AUD-015,7,2025-08-01
AUD-015,2,2025-08-02
AUD-015,2,2025-08-03
AUD-015,2,2025-08-04
AUD-015,4,2025-08-05
AUD-015,3,2025-08-07
AUD-015,4,2025-08-08
AUD-015,3,2025-08-09
AUD-015,1,2025-08-11
AUD-015,2,2025-08-12
AUD-015,4,2025-08-13
AUD-015,2,2025-08-14
AUD-015,5,2025-08-16
AUD-015,3,2025-08-17
AUD-015,1,2025-08-18
AUD-015,2,2025-08-19
AUD-015,5,2025-08-20
AUD-015,1,2025-08-21
AUD-015,3,2025-08-22
AUD-015,2,2025-08-23
AUD-015,4,2025-08-24
AUD-015,2,2025-08-25
AUD-015,2,2025-08-26
AUD-015,5,2025-08-27
AUD-015,3,2025-08-28
AUD-015,2,2025-08-29
AUD-015,2,2025-08-30
AUD-015,2,2025-08-31
AUD-015,5,2025-09-01
AUD-015,4,2025-09-02
AUD-015,6,2025-09-03
AUD-015,4,2025-09-04
AUD-015,2,2025-09-05
AUD-015,2,2025-09-06
AUD-015,2,2025-09-07
AUD-015,4,2025-09-09
AUD-015,10,2025-09-10
AUD-015,3,2025-09-13
AUD-015,7,2025-09-14
AUD-015,2,2025-09-15
AUD-015,2,2025-09-16
AUD-015,3,2025-09-17
AUD-015,4,2025-09-18
AUD-015,1,2025-09-19
AUD-015,2,2025-09-20
AUD-015,3,2025-09-21
AUD-015,3,2025-09-22
AUD-015,1,2025-09-23
AUD-015,3,2025-09-24
AUD-015,1,2025-09-25
AUD-015,2,2025-09-26
AUD-015,2,2025-09-27
AUD-015,3,2025-09-29
AUD-015,1,2025-09-30
AUD-015,3,2025-10-01
AUD-015,2,2025-10-02
AUD-015,3,2025-10-03
AUD-015,2,2025-10-04
AUD-015,2,2025-10-05
AUD-015,4,2025-10-06
AUD-015,2,2025-10-07
AUD-015,2,2025-10-08
AUD-015,6,2025-10-09
AUD-015,2,2025-10-10
AUD-015,3,2025-10-11
AUD-015,4,2025-10-12
AUD-015,2,2025-10-13
AUD-015,3,2025-10-14
AUD-015,8,2025-10-15
AUD-015,2,2025-10-16
AUD-015,3,2025-10-17
AUD-015,2,2025-10-18
AUD-015,5,2025-10-19
AUD-015,3,2025-10-20
AUD-015,4,2025-10-21
AUD-015,4,2025-10-22
AUD-015,3,2025-10-23
AUD-015,3,2025-10-24
AUD-015,6,2025-10-25
AUD-015,2,2025-10-26
AUD-015,4,2025-10-27
AUD-015,2,2025-10-28
AUD-015,7,2025-10-29
AUD-015,8,2025-10-30
AUD-015,1,2025-10-31
AUD-015,4,2025-11-01
AUD-015,5,2025-11-02
AUD-015,4,2025-11-03
AUD-015,5,2025-11-04
AUD-015,3,2025-11-05
AUD-015,4,2025-11-06
AUD-015,2,2025-11-07
AUD-015,3,2025-11-08
AUD-015,9,2025-11-10
AUD-015,2,2025-11-11
AUD-015,4,2025-11-12
AUD-015,4,2025-11-13
AUD-015,2,2025-11-14
AUD-015,1,2025-11-15
AUD-015,3,2025-11-16
AUD-015,4,2025-11-17
AUD-015,4,2025-11-18
AUD-015,2,2025-11-19
AUD-015,1,2025-11-20
AUD-015,4,2025-11-21
AUD-015,5,2025-11-22
AUD-015,6,2025-11-23
AUD-015,6,2025-11-24
AUD-015,2,2025-11-25
AUD-015,6,2025-11-26
AUD-015,3,2025-11-27
AUD-015,3,2025-11-28
AUD-015,1,2025-11-29
AUD-015,1,2025-11-30
AUD-015,2,2025-12-01
AUD-015,3,2025-12-02
AUD-015,1,2025-12-03
AUD-015,4,2025-12-04
AUD-015,2,2025-12-05
AUD-015,5,2025-12-06
AUD-015,1,2025-12-07
AUD-015,3,2025-12-08
AUD-015,7,2025-12-09
AUD-015,1,2025-12-10
AUD-015,3,2025-12-11
AUD-015,4,2025-12-12
AUD-015,3,2025-12-13
AUD-015,4,2025-12-14
AUD-015,4,2025-12-15
AUD-015,2,2025-12-16
AUD-015,1,2025-12-17
AUD-015,4,2025-12-18
AUD-015,3,2025-12-19
AUD-015,3,2025-12-21
AUD-015,5,2025-12-22
AUD-015,7,2025-12-24
AUD-015,4,2025-12-25
AUD-015,2,2025-12-26
AUD-015,5,2025-12-27
AUD-015,3,2025-12-29
AUD-015,3,2025-12-30
AUD-015,4,2025-12-31
AUD-015,6,2026-01-01
AUD-015,1,2026-01-02
AUD-015,2,2026-01-03
AUD-015,2,2026-01-04
AUD-015,2,2026-01-05
AUD-015,1,2026-01-06
AUD-015,2,2026-01-07
AUD-015,3,2026-01-08
AUD-015,5,2026-01-09
AUD-015,2,2026-01-11
AUD-015,2,2026-01-12
AUD-015,1,2026-01-13
AUD-015,3,2026-01-14
AUD-015,2,2026-01-15
AUD-015,1,2026-01-16
AUD-015,3,2026-01-17
AUD-015,3,2026-01-18
AUD-015,2,2026-01-19
AUD-015,3,2026-01-20
AUD-015,3,2026-01-21
AUD-015,3,2026-01-22
AUD-015,3,2026-01-23
AUD-015,3,2026-01-24
AUD-015,5,2026-01-25
MON-016,1,2023-01-26
MON-016,2,2023-01-27
MON-016,3,2023-01-29
MON-016,2,2023-01-30
MON-016,2,2023-02-01
MON-016,2,2023-02-02
MON-016,2,2023-02-03
MON-016,4,2023-02-04
MON-016,3,2023-02-05
MON-016,2,2023-02-06
MON-016,1,2023-02-07
MON-016,3,2023-02-08
MON-016,1,2023-02-09
MON-016,4,2023-02-10
MON-016,1,2023-02-11
MON-016,2,2023-02-12
MON-016,1,2023-02-13
MON-016,3,2023-02-14
MON-016,2,2023-02-15
MON-016,1,2023-02-17
MON-016,2,2023-02-18
MON-016,2,2023-02-19
MON-016,4,2023-02-20
MON-016,3,2023-02-21
MON-016,1,2023-02-22
MON-016,4,2023-02-23
MON-016,2,2023-02-24
MON-016,3,2023-02-25
MON-016,1,2023-02-26
MON-016,3,2023-02-28
MON-016,1,2023-03-01
MON-016,1,2023-03-02
MON-016,2,2023-03-03
MON-016,5,2023-03-04
MON-016,2,2023-03-07
MON-016,2,2023-03-08
MON-016,2,2023-03-09
MON-016,1,2023-03-10
MON-016,1,2023-03-11
MON-016,2,2023-03-12
MON-016,2,2023-03-13
MON-016,2,2023-03-14
MON-016,2,2023-03-15
MON-016,2,2023-03-16
MON-016,1,2023-03-17
MON-016,4,2023-03-19
MON-016,1,2023-03-20
MON-016,3,2023-03-21
MON-016,1,2023-03-22
MON-016,3,2023-03-23
MON-016,1,2023-03-24
MON-016,2,2023-03-25
MON-016,1,2023-03-27
MON-016,5,2023-03-28
MON-016,1,2023-03-29
MON-016,2,2023-03-30
MON-016,1,2023-03-31
MON-016,1,2023-04-01
MON-016,4,2023-04-02
MON-016,1,2023-04-03
MON-016,3,2023-04-04
MON-016,2,2023-04-05
MON-016,1,2023-04-06
MON-016,3,2023-04-07
MON-016,4,2023-04-09
MON-016,5,2023-04-11
MON-016,3,2023-04-12
MON-016,5,2023-04-13
MON-016,4,2023-04-14
MON-016,2,2023-04-15
MON-016,2,2023-04-16
MON-016,2,2023-04-17
MON-016,4,2023-04-18
MON-016,1,2023-04-19
MON-016,6,2023-04-20
MON-016,1,2023-04-21
MON-016,2,2023-04-22
MON-016,2,2023-04-23
MON-016,3,2023-04-24
MON-016,1,2023-04-25
MON-016,1,2023-04-26
MON-016,1,2023-04-28
MON-016,2,2023-04-29
MON-016,2,2023-05-02
MON-016,1,2023-05-03
MON-016,2,2023-05-04
MON-016,4,2023-05-05
MON-016,1,2023-05-06
MON-016,4,2023-05-07
MON-016,4,2023-05-08
MON-016,2,2023-05-09
MON-016,2,2023-05-10
MON-016,1,2023-05-11
MON-016,2,2023-05-12
MON-016,1,2023-05-13
MON-016,3,2023-05-14
MON-016,2,2023-05-15
MON-016,2,2023-05-16
MON-016,1,2023-05-17
MON-016,1,2023-05-18
MON-016,3,2023-05-19
MON-016,2,2023-05-20
MON-016,2,2023-05-21
MON-016,2,2023-05-23
MON-016,1,2023-05-24
MON-016,2,2023-05-25
MON-016,4,2023-05-27
MON-016,1,2023-05-28
MON-016,1,2023-05-29
MON-016,1,2023-05-31
MON-016,3,2023-06-01
MON-016,2,2023-06-02
MON-016,2,2023-06-05
MON-016,1,2023-06-06
MON-016,2,2023-06-08
MON-016,2,2023-06-09
MON-016,2,2023-06-10
MON-016,5,2023-06-11
MON-016,3,2023-06-12
MON-016,1,2023-06-13
MON-016,4,2023-06-14
MON-016,4,2023-06-15
MON-016,2,2023-06-17
MON-016,2,2023-06-18
MON-016,2,2023-06-19
MON-016,4,2023-06-22
MON-016,2,2023-06-23
MON-016,4,2023-06-24
MON-016,7,2023-06-25
MON-016,2,2023-06-29
MON-016,3,2023-06-30
MON-016,2,2023-07-01
MON-016,3,2023-07-02
MON-016,2,2023-07-03
MON-016,4,2023-07-05
MON-016,2,2023-07-06
MON-016,2,2023-07-07
MON-016,1,2023-07-08
MON-016,4,2023-07-10
MON-016,4,2023-07-11
MON-016,2,2023-07-12
MON-016,1,2023-07-13
MON-016,3,2023-07-15
MON-016,1,2023-07-16
MON-016,1,2023-07-17
MON-016,2,2023-07-18
MON-016,1,2023-07-19
MON-016,1,2023-07-20
MON-016,2,2023-07-21
MON-016,1,2023-07-22
MON-016,1,2023-07-23
MON-016,3,2023-07-24
MON-016,4,2023-07-25
MON-016,1,2023-07-26
MON-016,2,2023-07-27
MON-016,3,2023-07-28
MON-016,3,2023-07-29
MON-016,2,2023-07-30
MON-016,2,2023-08-01
MON-016,1,2023-08-02
MON-016,1,2023-08-03
MON-016,2,2023-08-04
MON-016,3,2023-08-05
MON-016,3,2023-08-06
MON-016,2,2023-08-07
MON-016,1,2023-08-08
MON-016,2,2023-08-09
MON-016,3,2023-08-10
MON-016,2,2023-08-11
MON-016,2,2023-08-12
MON-016,1,2023-08-13
MON-016,8,2023-08-15
MON-016,4,2023-08-16
MON-016,3,2023-08-18
MON-016,5,2023-08-19
MON-016,1,2023-08-20
MON-016,2,2023-08-21
MON-016,1,2023-08-22
MON-016,1,2023-08-24
MON-016,3,2023-08-25
MON-016,3,2023-08-26
MON-016,1,2023-08-27
MON-016,1,2023-08-28
MON-016,3,2023-08-29
MON-016,2,2023-08-30
MON-016,1,2023-08-31
MON-016,1,2023-09-01
MON-016,1,2023-09-02
MON-016,1,2023-09-03
MON-016,3,2023-09-04
MON-016,2,2023-09-05
MON-016,2,2023-09-06
MON-016,1,2023-09-07
MON-016,3,2023-09-08
MON-016,2,2023-09-10
MON-016,1,2023-09-11
MON-016,3,2023-09-12
MON-016,3,2023-09-13
MON-016,4,2023-09-14
MON-016,4,2023-09-15
MON-016,2,2023-09-16
MON-016,5,2023-09-17
MON-016,3,2023-09-18
MON-016,1,2023-09-19
MON-016,2,2023-09-20
MON-016,2,2023-09-21
MON-016,2,2023-09-22
MON-016,3,2023-09-23
MON-016,1,2023-09-24
MON-016,3,2023-09-25
MON-016,4,2023-09-26
MON-016,4,2023-09-27
MON-016,4,2023-09-28
MON-016,1,2023-09-29
MON-016,2,2023-09-30
MON-016,3,2023-10-01
MON-016,1,2023-10-02
MON-016,1,2023-10-03
MON-016,1,2023-10-04
MON-016,1,2023-10-05
MON-016,1,2023-10-06
MON-016,3,2023-10-07
MON-016,3,2023-10-08
MON-016,1,2023-10-09
MON-016,1,2023-10-10
MON-016,1,2023-10-11
MON-016,1,2023-10-14
MON-016,1,2023-10-15
MON-016,2,2023-10-16
MON-016,1,2023-10-17
MON-016,1,2023-10-18
MON-016,3,2023-10-19
MON-016,4,2023-10-20
MON-016,2,2023-10-21
MON-016,2,2023-10-22
MON-016,2,2023-10-23
MON-016,1,2023-10-24
MON-016,6,2023-10-25
MON-016,3,2023-10-26
MON-016,1,2023-10-27
MON-016,3,2023-10-28
MON-016,1,2023-10-29
MON-016,3,2023-10-30
MON-016,4,2023-10-31
MON-016,2,2023-11-02
MON-016,2,2023-11-03
MON-016,1,2023-11-04
MON-016,2,2023-11-05
MON-016,4,2023-11-06
MON-016,1,2023-11-07
MON-016,1,2023-11-08
MON-016,3,2023-11-09
MON-016,2,2023-11-10
MON-016,4,2023-11-11
MON-016,2,2023-11-12
MON-016,3,2023-11-13
MON-016,1,2023-11-14
MON-016,2,2023-11-15
MON-016,2,2023-11-16
MON-016,3,2023-11-17
MON-016,1,2023-11-20
MON-016,2,2023-11-21
MON-016,2,2023-11-22
MON-016,3,2023-11-23
MON-016,2,2023-11-25
MON-016,4,2023-11-26
MON-016,2,2023-11-27
MON-016,6,2023-11-28
MON-016,2,2023-11-29
MON-016,2,2023-11-30
MON-016,3,2023-12-01
MON-016,2,2023-12-02
MON-016,1,2023-12-03
MON-016,3,2023-12-04
MON-016,3,2023-12-05
MON-016,4,2023-12-06
MON-016,3,2023-12-07
MON-016,2,2023-12-08
MON-016,6,2023-12-09
MON-016,1,2023-12-10
MON-016,2,2023-12-14
MON-016,2,2023-12-15
MON-016,2,2023-12-16
MON-016,4,2023-12-17
MON-016,1,2023-12-18
MON-016,3,2023-12-19
MON-016,1,2023-12-20
MON-016,4,2023-12-21
MON-016,3,2023-12-23
MON-016,3,2023-12-24
MON-016,4,2023-12-25
MON-016,1,2023-12-27
MON-016,1,2023-12-28
MON-016,3,2023-12-29
MON-016,2,2023-12-30
MON-016,2,2023-12-31
MON-016,2,2024-01-01
MON-016,2,2024-01-03
MON-016,1,2024-01-04
MON-016,4,2024-01-05
MON-016,1,2024-01-06
MON-016,2,2024-01-07
MON-016,2,2024-01-09
MON-016,2,2024-01-10
MON-016,1,2024-01-11
MON-016,1,2024-01-12
MON-016,2,2024-01-13
MON-016,1,2024-01-14
MON-016,3,2024-01-16
MON-016,1,2024-01-17
MON-016,5,2024-01-18
MON-016,3,2024-01-19
MON-016,2,2024-01-20
MON-016,2,2024-01-21
MON-016,2,2024-01-22
MON-016,1,2024-01-23
MON-016,1,2024-01-24
MON-016,2,2024-01-25
MON-016,1,2024-01-26
MON-016,2,2024-01-27
MON-016,3,2024-01-28
MON-016,2,2024-01-29
MON-016,2,2024-01-30
MON-016,1,2024-01-31
MON-016,3,2024-02-03
MON-016,5,2024-02-05
MON-016,4,2024-02-06
MON-016,2,2024-02-08
MON-016,1,2024-02-09
MON-016,1,2024-02-10
MON-016,2,2024-02-11
MON-016,2,2024-02-13
MON-016,3,2024-02-14
MON-016,1,2024-02-15
MON-016,1,2024-02-16
MON-016,3,2024-02-17
MON-016,2,2024-02-20
MON-016,1,2024-02-21
MON-016,1,2024-02-23
MON-016,2,2024-02-24
MON-016,5,2024-02-25
MON-016,3,2024-02-26
MON-016,3,2024-02-27
MON-016,7,2024-02-28
MON-016,3,2024-02-29
MON-016,2,2024-03-02
MON-016,1,2024-03-03
MON-016,1,2024-03-04
MON-016,1,2024-03-05
MON-016,4,2024-03-06
MON-016,1,2024-03-07
MON-016,5,2024-03-08
MON-016,2,2024-03-09
MON-016,2,2024-03-10
MON-016,1,2024-03-11
MON-016,1,2024-03-12
MON-016,2,2024-03-13
MON-016,2,2024-03-14
MON-016,4,2024-03-15
MON-016,3,2024-03-16
MON-016,1,2024-03-17
MON-016,2,2024-03-18
MON-016,2,2024-03-19
MON-016,2,2024-03-21
MON-016,2,2024-03-22
MON-016,2,2024-03-23
MON-016,4,2024-03-24
MON-016,1,2024-03-25
MON-016,1,2024-03-26
MON-016,2,2024-03-27
MON-016,2,2024-03-28
MON-016,1,2024-03-29
MON-016,3,2024-03-30
MON-016,1,2024-03-31
MON-016,4,2024-04-01
MON-016,3,2024-04-02
MON-016,1,2024-04-03
MON-016,1,2024-04-04
MON-016,2,2024-04-05
MON-016,2,2024-04-06
MON-016,1,2024-04-07
MON-016,3,2024-04-08
MON-016,3,2024-04-10
MON-016,3,2024-04-11
MON-016,4,2024-04-12
MON-016,3,2024-04-15
MON-016,1,2024-04-16
MON-016,1,2024-04-17
MON-016,2,2024-04-18
MON-016,1,2024-04-20
MON-016,1,2024-04-21
MON-016,2,2024-04-22
MON-016,3,2024-04-23
MON-016,2,2024-04-24
MON-016,1,2024-04-25
MON-016,1,2024-04-26
MON-016,3,2024-04-27
MON-016,2,2024-04-29
MON-016,1,2024-04-30
MON-016,2,2024-05-01
MON-016,2,2024-05-02
MON-016,1,2024-05-03
MON-016,2,2024-05-06
MON-016,2,2024-05-08
MON-016,3,2024-05-09
MON-016,1,2024-05-10
MON-016,4,2024-05-11
MON-016,3,2024-05-12
MON-016,3,2024-05-13
MON-016,2,2024-05-14
MON-016,4,2024-05-15
MON-016,1,2024-05-16
MON-016,2,2024-05-18
MON-016,1,2024-05-20
MON-016,4,2024-05-21
MON-016,4,2024-05-22
MON-016,2,2024-05-23
MON-016,1,2024-05-25
MON-016,2,2024-05-26
MON-016,5,2024-05-27
MON-016,1,2024-05-28
MON-016,3,2024-05-29
MON-016,2,2024-05-30
MON-016,3,2024-06-01
MON-016,2,2024-06-02
MON-016,2,2024-06-03
MON-016,1,2024-06-04
MON-016,1,2024-06-05
MON-016,3,2024-06-06
MON-016,1,2024-06-07
MON-016,1,2024-06-08
MON-016,6,2024-06-09
MON-016,1,2024-06-10
MON-016,1,2024-06-11
MON-016,2,2024-06-12
MON-016,3,2024-06-13
MON-016,1,2024-06-14
MON-016,2,2024-06-15
MON-016,3,2024-06-16
MON-016,5,2024-06-17
MON-016,1,2024-06-18
MON-016,3,2024-06-19
MON-016,4,2024-06-20
MON-016,2,2024-06-21
MON-016,3,2024-06-22
MON-016,2,2024-06-23
MON-016,1,2024-06-24
MON-016,1,2024-06-25
MON-016,4,2024-06-26
MON-016,4,2024-06-27
MON-016,3,2024-06-28
MON-016,4,2024-06-29
MON-016,1,2024-06-30
MON-016,3,2024-07-01
MON-016,2,2024-07-02
MON-016,1,2024-07-03
MON-016,1,2024-07-04
MON-016,3,2024-07-05
MON-016,3,2024-07-06
MON-016,4,2024-07-07
MON-016,2,2024-07-08
MON-016,3,2024-07-09
MON-016,2,2024-07-10
MON-016,3,2024-07-11
MON-016,3,2024-07-12
MON-016,1,2024-07-13
MON-016,2,2024-07-14
MON-016,1,2024-07-15
MON-016,2,2024-07-16
MON-016,3,2024-07-17
MON-016,1,2024-07-18
MON-016,2,2024-07-19
MON-016,1,2024-07-20
MON-016,2,2024-07-22
MON-016,3,2024-07-23
MON-016,1,2024-07-24
MON-016,2,2024-07-25
MON-016,1,2024-07-27
MON-016,2,2024-07-28
MON-016,2,2024-07-29
MON-016,2,2024-07-30
MON-016,2,2024-08-01
MON-016,1,2024-08-02
MON-016,1,2024-08-03
MON-016,2,2024-08-04
MON-016,3,2024-08-05
MON-016,2,2024-08-06
MON-016,3,2024-08-07
MON-016,1,2024-08-08
MON-016,1,2024-08-09
MON-016,3,2024-08-10
MON-016,5,2024-08-11
MON-016,3,2024-08-12
MON-016,3,2024-08-13
MON-016,4,2024-08-14
MON-016,1,2024-08-15
MON-016,3,2024-08-16
MON-016,3,2024-08-17
MON-016,3,2024-08-18
MON-016,1,2024-08-19
MON-016,3,2024-08-20
MON-016,4,2024-08-21
MON-016,3,2024-08-22
MON-016,1,2024-08-23
MON-016,2,2024-08-24
MON-016,1,2024-08-25
MON-016,1,2024-08-26
MON-016,3,2024-08-27
MON-016,5,2024-08-28
MON-016,2,2024-08-29
MON-016,2,2024-08-31
MON-016,3,2024-09-01
MON-016,2,2024-09-02
MON-016,5,2024-09-03
MON-016,3,2024-09-04
MON-016,5,2024-09-05
MON-016,1,2024-09-06
MON-016,1,2024-09-07
MON-016,1,2024-09-08
MON-016,1,2024-09-09
MON-016,2,2024-09-11
MON-016,2,2024-09-12
MON-016,1,2024-09-13
MON-016,1,2024-09-14
MON-016,1,2024-09-15
MON-016,1,2024-09-16
MON-016,3,2024-09-17
MON-016,1,2024-09-18
MON-016,1,2024-09-19
MON-016,2,2024-09-20
MON-016,3,2024-09-21
MON-016,4,2024-09-22
MON-016,1,2024-09-23
MON-016,1,2024-09-24
MON-016,3,2024-09-25
MON-016,5,2024-09-26
MON-016,1,2024-09-27
MON-016,2,2024-09-28
MON-016,3,2024-09-29
MON-016,2,2024-09-30
MON-016,3,2024-10-01
MON-016,5,2024-10-02
MON-016,2,2024-10-03
MON-016,2,2024-10-04
MON-016,2,2024-10-06
MON-016,5,2024-10-07
MON-016,1,2024-10-08
MON-016,3,2024-10-10
MON-016,2,2024-10-11
MON-016,2,2024-10-12
MON-016,1,2024-10-13
MON-016,3,2024-10-15
MON-016,1,2024-10-16
MON-016,1,2024-10-17
MON-016,1,2024-10-18
MON-016,2,2024-10-20
MON-016,4,2024-10-21
MON-016,1,2024-10-22
MON-016,7,2024-10-23
MON-016,1,2024-10-24
MON-016,1,2024-10-25
MON-016,1,2024-10-26
MON-016,3,2024-10-27
MON-016,2,2024-10-28
MON-016,2,2024-10-30
MON-016,3,2024-10-31
MON-016,8,2024-11-01
MON-016,1,2024-11-02
MON-016,3,2024-11-03
MON-016,1,2024-11-04
MON-016,2,2024-11-07
MON-016,3,2024-11-08
MON-016,2,2024-11-09
MON-016,3,2024-11-10
MON-016,1,2024-11-11
MON-016,3,2024-11-14
MON-016,1,2024-11-17
MON-016,5,2024-11-18
MON-016,1,2024-11-19
MON-016,4,2024-11-20
MON-016,2,2024-11-21
MON-016,1,2024-11-22
MON-016,3,2024-11-23
MON-016,1,2024-11-24
MON-016,5,2024-11-25
MON-016,2,2024-11-26
MON-016,1,2024-11-27
MON-016,3,2024-11-28
MON-016,1,2024-11-29
MON-016,5,2024-12-01
MON-016,3,2024-12-02
MON-016,2,2024-12-03
MON-016,2,2024-12-04
MON-016,1,2024-12-06
MON-016,2,2024-12-07
MON-016,5,2024-12-08
MON-016,1,2024-12-09
MON-016,3,2024-12-10
MON-016,3,2024-12-11
MON-016,2,2024-12-12
MON-016,3,2024-12-13
MON-016,3,2024-12-14
MON-016,4,2024-12-15
MON-016,1,2024-12-16
MON-016,1,2024-12-17
MON-016,1,2024-12-18
MON-016,1,2024-12-20
MON-016,2,2024-12-21
MON-016,5,2024-12-22
MON-016,1,2024-12-23
MON-016,2,2024-12-24
MON-016,3,2024-12-25
MON-016,2,2024-12-26
MON-016,3,2024-12-27
MON-016,3,2024-12-28
MON-016,5,2024-12-29
MON-016,3,2024-12-30
MON-016,4,2024-12-31
MON-016,2,2025-01-01
MON-016,5,2025-01-02
MON-016,2,2025-01-03
MON-016,5,2025-01-04
MON-016,1,2025-01-05
MON-016,1,2025-01-06
MON-016,3,2025-01-07
MON-016,3,2025-01-08
MON-016,1,2025-01-10
MON-016,3,2025-01-11
MON-016,4,2025-01-12
MON-016,1,2025-01-13
MON-016,2,2025-01-14
MON-016,3,2025-01-15
MON-016,1,2025-01-16
MON-016,1,2025-01-17
MON-016,2,2025-01-18
MON-016,1,2025-01-19
MON-016,3,2025-01-20
MON-016,2,2025-01-21
MON-016,4,2025-01-22
MON-016,3,2025-01-23
MON-016,1,2025-01-24
MON-016,2,2025-01-25
MON-016,2,2025-01-26
MON-016,1,2025-01-27
MON-016,2,2025-01-28
MON-016,1,2025-01-29
MON-016,2,2025-01-30
MON-016,1,2025-01-31
MON-016,2,2025-02-01
MON-016,3,2025-02-02
MON-016,4,2025-02-03
MON-016,6,2025-02-04
MON-016,2,2025-02-05
MON-016,1,2025-02-07
MON-016,1,2025-02-08
MON-016,5,2025-02-09
MON-016,1,2025-02-11
MON-016,1,2025-02-12
MON-016,5,2025-02-13
MON-016,2,2025-02-15
MON-016,1,2025-02-16
MON-016,3,2025-02-17
MON-016,2,2025-02-18
MON-016,3,2025-02-19
MON-016,1,2025-02-20
MON-016,1,2025-02-21
MON-016,2,2025-02-23
MON-016,1,2025-02-25
MON-016,2,2025-02-27
MON-016,3,2025-02-28
MON-016,2,2025-03-01
MON-016,2,2025-03-02
MON-016,1,2025-03-03
MON-016,4,2025-03-05
MON-016,1,2025-03-06
MON-016,3,2025-03-07
MON-016,3,2025-03-08
MON-016,4,2025-03-09
MON-016,2,2025-03-10
MON-016,2,2025-03-12
MON-016,5,2025-03-13
MON-016,2,2025-03-14
MON-016,2,2025-03-15
MON-016,2,2025-03-16
MON-016,2,2025-03-17
MON-016,2,2025-03-18
MON-016,1,2025-03-19
MON-016,3,2025-03-20
MON-016,2,2025-03-21
MON-016,1,2025-03-22
MON-016,4,2025-03-24
MON-016,2,2025-03-25
MON-016,2,2025-03-26
MON-016,2,2025-03-27
MON-016,5,2025-03-28
MON-016,4,2025-03-29
MON-016,2,2025-03-30
MON-016,1,2025-03-31
MON-016,2,2025-04-01
MON-016,1,2025-04-02
MON-016,2,2025-04-03
MON-016,4,2025-04-04
MON-016,4,2025-04-05
MON-016,2,2025-04-06
MON-016,2,2025-04-07
MON-016,6,2025-04-08
MON-016,1,2025-04-09
MON-016,3,2025-04-10
MON-016,3,2025-04-11
MON-016,2,2025-04-12
MON-016,1,2025-04-13
MON-016,1,2025-04-14
MON-016,1,2025-04-15
MON-016,2,2025-04-17
MON-016,1,2025-04-18
MON-016,4,2025-04-19
MON-016,2,2025-04-20
MON-016,1,2025-04-21
MON-016,2,2025-04-22
MON-016,4,2025-04-23
MON-016,3,2025-04-24
MON-016,1,2025-04-25
MON-016,4,2025-04-26
MON-016,3,2025-04-27
MON-016,6,2025-04-28
MON-016,1,2025-04-29
MON-016,1,2025-04-30
MON-016,2,2025-05-02
MON-016,4,2025-05-03
MON-016,4,2025-05-04
MON-016,3,2025-05-05
MON-016,1,2025-05-06
MON-016,1,2025-05-08
MON-016,2,2025-05-09
MON-016,2,2025-05-10
MON-016,1,2025-05-11
MON-016,4,2025-05-12
MON-016,1,2025-05-13
MON-016,1,2025-05-14
MON-016,1,2025-05-16
MON-016,4,2025-05-17
MON-016,2,2025-05-19
MON-016,1,2025-05-20
MON-016,2,2025-05-21
MON-016,1,2025-05-22
MON-016,2,2025-05-24
MON-016,3,2025-05-26
MON-016,4,2025-05-27
MON-016,3,2025-05-28
MON-016,2,2025-05-29
MON-016,6,2025-05-30
MON-016,2,2025-05-31
MON-016,3,2025-06-01
MON-016,4,2025-06-02
MON-016,2,2025-06-03
MON-016,2,2025-06-05
MON-016,3,2025-06-07
MON-016,2,2025-06-09
MON-016,3,2025-06-11
MON-016,2,2025-06-12
MON-016,2,2025-06-13
MON-016,1,2025-06-14
MON-016,5,2025-06-15
MON-016,2,2025-06-16
MON-016,3,2025-06-17
MON-016,1,2025-06-18
MON-016,1,2025-06-19
MON-016,2,2025-06-22
MON-016,2,2025-06-23
MON-016,2,2025-06-24
MON-016,1,2025-06-26
MON-016,1,2025-06-27
MON-016,2,2025-06-28
MON-016,2,2025-06-30
MON-016,2,2025-07-01
MON-016,1,2025-07-02
MON-016,2,2025-07-03
MON-016,1,2025-07-04
MON-016,1,2025-07-05
MON-016,2,2025-07-07
MON-016,2,2025-07-10
MON-016,3,2025-07-11
MON-016,2,2025-07-12
MON-016,1,2025-07-13
MON-016,5,2025-07-16
MON-016,2,2025-07-17
MON-016,1,2025-07-18
MON-016,3,2025-07-19
MON-016,1,2025-07-20
MON-016,1,2025-07-21
MON-016,1,2025-07-22
MON-016,2,2025-07-23
MON-016,1,2025-07-24
MON-016,4,2025-07-25
MON-016,3,2025-07-26
MON-016,2,2025-07-28
MON-016,2,2025-07-29
MON-016,1,2025-07-30
MON-016,2,2025-07-31
MON-016,3,2025-08-01
MON-016,1,2025-08-02
MON-016,1,2025-08-03
MON-016,2,2025-08-04
MON-016,3,2025-08-06
MON-016,2,2025-08-07
MON-016,1,2025-08-08
MON-016,2,2025-08-09
MON-016,1,2025-08-10
MON-016,2,2025-08-11
MON-016,1,2025-08-12
MON-016,1,2025-08-13
MON-016,2,2025-08-14
MON-016,3,2025-08-15
MON-016,1,2025-08-17
MON-016,1,2025-08-18
MON-016,4,2025-08-19
MON-016,1,2025-08-20
MON-016,4,2025-08-21
MON-016,3,2025-08-22
MON-016,2,2025-08-23
MON-016,1,2025-08-24
MON-016,4,2025-08-25
MON-016,4,2025-08-26
MON-016,5,2025-08-27
MON-016,3,2025-08-28
MON-016,1,2025-08-29
MON-016,3,2025-08-30
MON-016,3,2025-08-31
MON-016,1,2025-09-01
MON-016,1,2025-09-02
MON-016,1,2025-09-03
MON-016,1,2025-09-04
MON-016,1,2025-09-05
MON-016,1,2025-09-08
MON-016,1,2025-09-09
MON-016,3,2025-09-10
MON-016,2,2025-09-11
MON-016,2,2025-09-12
MON-016,3,2025-09-14
MON-016,2,2025-09-15
MON-016,5,2025-09-16
MON-016,8,2025-09-17
MON-016,3,2025-09-18
MON-016,1,2025-09-19
MON-016,1,2025-09-20
MON-016,2,2025-09-21
MON-016,3,2025-09-22
MON-016,3,2025-09-23
MON-016,2,2025-09-24
MON-016,3,2025-09-25
MON-016,1,2025-09-26
MON-016,2,2025-09-27
MON-016,1,2025-09-28
MON-016,1,2025-09-29
MON-016,1,2025-10-01
MON-016,1,2025-10-02
MON-016,4,2025-10-03
MON-016,2,2025-10-05
MON-016,5,2025-10-06
MON-016,4,2025-10-07
MON-016,4,2025-10-08
MON-016,1,2025-10-10
MON-016,1,2025-10-11
MON-016,4,2025-10-13
MON-016,3,2025-10-14
MON-016,3,2025-10-15
MON-016,3,2025-10-16
MON-016,2,2025-10-17
MON-016,2,2025-10-18
MON-016,2,2025-10-20
MON-016,1,2025-10-21
MON-016,5,2025-10-22
MON-016,2,2025-10-23
MON-016,2,2025-10-24
MON-016,1,2025-10-25
MON-016,3,2025-10-26
MON-016,2,2025-10-30
MON-016,1,2025-10-31
MON-016,2,2025-11-01
MON-016,1,2025-11-02
MON-016,3,2025-11-03
MON-016,1,2025-11-04
MON-016,4,2025-11-05
MON-016,1,2025-11-06
MON-016,2,2025-11-07
MON-016,2,2025-11-08
MON-016,4,2025-11-09
MON-016,4,2025-11-10
MON-016,2,2025-11-11
MON-016,1,2025-11-12
MON-016,3,2025-11-13
MON-016,2,2025-11-14
MON-016,1,2025-11-16
MON-016,3,2025-11-17
MON-016,3,2025-11-18
MON-016,1,2025-11-19
MON-016,3,2025-11-20
MON-016,1,2025-11-21
MON-016,3,2025-11-22
MON-016,6,2025-11-23
MON-016,2,2025-11-24
MON-016,2,2025-11-26
MON-016,3,2025-11-27
MON-016,3,2025-11-28
MON-016,1,2025-11-30
MON-016,3,2025-12-01
MON-016,4,2025-12-03
MON-016,4,2025-12-06
MON-016,2,2025-12-07
MON-016,1,2025-12-09
MON-016,2,2025-12-10
MON-016,2,2025-12-12
MON-016,2,2025-12-13
MON-016,4,2025-12-14
MON-016,2,2025-12-15
MON-016,2,2025-12-16
MON-016,3,2025-12-17
MON-016,2,2025-12-18
MON-016,2,2025-12-19
MON-016,2,2025-12-20
MON-016,3,2025-12-21
MON-016,1,2025-12-24
MON-016,2,2025-12-25
MON-016,3,2025-12-26
MON-016,4,2025-12-27
MON-016,3,2025-12-28
MON-016,5,2025-12-29
MON-016,2,2025-12-30
MON-016,3,2025-12-31
MON-016,4,2026-01-01
MON-016,1,2026-01-03
MON-016,2,2026-01-04
MON-016,7,2026-01-05
MON-016,1,2026-01-06
MON-016,3,2026-01-07
MON-016,2,2026-01-08
MON-016,3,2026-01-09
MON-016,3,2026-01-10
MON-016,1,2026-01-11
MON-016,2,2026-01-12
MON-016,1,2026-01-13
MON-016,2,2026-01-14
MON-016,1,2026-01-16
MON-016,3,2026-01-17
MON-016,3,2026-01-18
MON-016,2,2026-01-19
MON-016,1,2026-01-20
MON-016,2,2026-01-21
MON-016,5,2026-01-22
MON-016,2,2026-01-23
MON-016,2,2026-01-24
MON-016,2,2026-01-25
MSE-017,4,2023-01-26
MSE-017,5,2023-01-27
MSE-017,5,2023-01-28
MSE-017,8,2023-01-29
MSE-017,5,2023-01-30
MSE-017,7,2023-01-31
MSE-017,5,2023-02-01
MSE-017,6,2023-02-02
MSE-017,8,2023-02-03
MSE-017,6,2023-02-04
MSE-017,7,2023-02-05
MSE-017,5,2023-02-06
MSE-017,10,2023-02-07
MSE-017,8,2023-02-08
MSE-017,3,2023-02-09
MSE-017,7,2023-02-10
MSE-017,8,2023-02-11
MSE-017,6,2023-02-12
MSE-017,6,2023-02-13
MSE-017,7,2023-02-14
MSE-017,6,2023-02-15
MSE-017,4,2023-02-16
MSE-017,9,2023-02-17
MSE-017,6,2023-02-18
MSE-017,9,2023-02-19
MSE-017,9,2023-02-20
MSE-017,5,2023-02-21
MSE-017,6,2023-02-22
MSE-017,3,2023-02-23
MSE-017,5,2023-02-24
MSE-017,3,2023-02-25
MSE-017,5,2023-02-26
MSE-017,9,2023-02-27
MSE-017,3,2023-02-28
MSE-017,7,2023-03-01
MSE-017,4,2023-03-02
MSE-017,9,2023-03-03
MSE-017,9,2023-03-04
MSE-017,9,2023-03-05
MSE-017,6,2023-03-06
MSE-017,7,2023-03-07
MSE-017,3,2023-03-08
MSE-017,3,2023-03-09
MSE-017,5,2023-03-10
MSE-017,7,2023-03-11
MSE-017,4,2023-03-12
MSE-017,6,2023-03-13
MSE-017,7,2023-03-14
MSE-017,8,2023-03-15
MSE-017,5,2023-03-16
MSE-017,8,2023-03-17
MSE-017,3,2023-03-18
MSE-017,6,2023-03-19
MSE-017,4,2023-03-20
MSE-017,5,2023-03-21
MSE-017,7,2023-03-22
MSE-017,4,2023-03-23
MSE-017,8,2023-03-24
MSE-017,9,2023-03-25
MSE-017,7,2023-03-26
MSE-017,6,2023-03-27
MSE-017,5,2023-03-28
MSE-017,7,2023-03-29
MSE-017,6,2023-03-30
MSE-017,8,2023-03-31
MSE-017,4,2023-04-01
MSE-017,10,2023-04-02
MSE-017,4,2023-04-03
MSE-017,8,2023-04-04
MSE-017,1,2023-04-05
MSE-017,6,2023-04-06
MSE-017,6,2023-04-07
MSE-017,6,2023-04-08
MSE-017,4,2023-04-09
MSE-017,6,2023-04-10
MSE-017,5,2023-04-11
MSE-017,8,2023-04-12
MSE-017,7,2023-04-13
MSE-017,9,2023-04-14
MSE-017,4,2023-04-15
MSE-017,4,2023-04-16
MSE-017,5,2023-04-17
MSE-017,7,2023-04-18
MSE-017,9,2023-04-19
MSE-017,12,2023-04-20
MSE-017,4,2023-04-21
MSE-017,7,2023-04-22
MSE-017,5,2023-04-23
MSE-017,7,2023-04-24
MSE-017,6,2023-04-25
MSE-017,3,2023-04-26
MSE-017,8,2023-04-27
MSE-017,8,2023-04-28
MSE-017,6,2023-04-29
MSE-017,9,2023-04-30
MSE-017,2,2023-05-01
MSE-017,4,2023-05-02
MSE-017,13,2023-05-03
MSE-017,9,2023-05-04
MSE-017,7,2023-05-05
MSE-017,10,2023-05-06
MSE-017,10,2023-05-07
MSE-017,4,2023-05-08
MSE-017,6,2023-05-09
MSE-017,13,2023-05-10
MSE-017,8,2023-05-11
MSE-017,4,2023-05-12
MSE-017,5,2023-05-13
MSE-017,10,2023-05-14
MSE-017,9,2023-05-15
MSE-017,4,2023-05-16
MSE-017,10,2023-05-17
MSE-017,5,2023-05-18
MSE-017,5,2023-05-19
MSE-017,9,2023-05-20
MSE-017,11,2023-05-21
MSE-017,4,2023-05-22
MSE-017,6,2023-05-23
MSE-017,10,2023-05-24
MSE-017,5,2023-05-25
MSE-017,3,2023-05-26
MSE-017,3,2023-05-27
MSE-017,2,2023-05-28
MSE-017,8,2023-05-29
MSE-017,4,2023-05-30
MSE-017,9,2023-05-31
MSE-017,4,2023-06-01
MSE-017,7,2023-06-02
MSE-017,10,2023-06-03
MSE-017,3,2023-06-04
MSE-017,10,2023-06-05
MSE-017,1,2023-06-06
MSE-017,6,2023-06-07
MSE-017,3,2023-06-08
MSE-017,8,2023-06-09
MSE-017,3,2023-06-10
MSE-017,6,2023-06-11
MSE-017,4,2023-06-12
MSE-017,6,2023-06-13
MSE-017,9,2023-06-14
MSE-017,8,2023-06-15
MSE-017,2,2023-06-16
MSE-017,5,2023-06-17
MSE-017,3,2023-06-18
MSE-017,4,2023-06-19
MSE-017,2,2023-06-20
MSE-017,7,2023-06-21
MSE-017,6,2023-06-22
MSE-017,10,2023-06-23
MSE-017,4,2023-06-24
MSE-017,5,2023-06-25
MSE-017,6,2023-06-26
MSE-017,5,2023-06-27
MSE-017,9,2023-06-29
MSE-017,4,2023-06-30
MSE-017,7,2023-07-01
MSE-017,7,2023-07-02
MSE-017,6,2023-07-03
MSE-017,6,2023-07-04
MSE-017,2,2023-07-05
MSE-017,7,2023-07-06
MSE-017,5,2023-07-07
MSE-017,3,2023-07-08
MSE-017,2,2023-07-09
MSE-017,6,2023-07-10
MSE-017,6,2023-07-11
MSE-017,7,2023-07-12
MSE-017,1,2023-07-13
MSE-017,7,2023-07-14
MSE-017,5,2023-07-16
MSE-017,4,2023-07-17
MSE-017,7,2023-07-18
MSE-017,12,2023-07-19
MSE-017,6,2023-07-20
MSE-017,10,2023-07-21
MSE-017,2,2023-07-22
MSE-017,4,2023-07-23
MSE-017,6,2023-07-24
MSE-017,3,2023-07-25
MSE-017,7,2023-07-26
MSE-017,4,2023-07-27
MSE-017,6,2023-07-29
MSE-017,8,2023-07-30
MSE-017,7,2023-07-31
MSE-017,5,2023-08-01
MSE-017,8,2023-08-02
MSE-017,9,2023-08-03
MSE-017,9,2023-08-04
MSE-017,5,2023-08-05
MSE-017,4,2023-08-06
MSE-017,1,2023-08-07
MSE-017,9,2023-08-08
MSE-017,3,2023-08-09
MSE-017,4,2023-08-10
MSE-017,7,2023-08-11
MSE-017,7,2023-08-12
MSE-017,6,2023-08-13
MSE-017,2,2023-08-14
MSE-017,4,2023-08-15
MSE-017,12,2023-08-16
MSE-017,7,2023-08-17
MSE-017,7,2023-08-18
MSE-017,13,2023-08-19
MSE-017,6,2023-08-20
MSE-017,3,2023-08-21
MSE-017,5,2023-08-22
MSE-017,4,2023-08-23
MSE-017,3,2023-08-24
MSE-017,5,2023-08-25
MSE-017,5,2023-08-26
MSE-017,4,2023-08-27
MSE-017,8,2023-08-28
MSE-017,4,2023-08-29
MSE-017,6,2023-08-30
MSE-017,4,2023-08-31
MSE-017,9,2023-09-01
MSE-017,6,2023-09-02
MSE-017,2,2023-09-03
MSE-017,6,2023-09-04
MSE-017,10,2023-09-05
MSE-017,8,2023-09-06
MSE-017,11,2023-09-07
MSE-017,7,2023-09-08
MSE-017,5,2023-09-09
MSE-017,4,2023-09-10
MSE-017,11,2023-09-11
MSE-017,6,2023-09-12
MSE-017,5,2023-09-13
MSE-017,7,2023-09-14
MSE-017,6,2023-09-15
MSE-017,6,2023-09-16
MSE-017,11,2023-09-17
MSE-017,4,2023-09-18
MSE-017,7,2023-09-19
MSE-017,8,2023-09-20
MSE-017,6,2023-09-21
MSE-017,9,2023-09-22
MSE-017,12,2023-09-23
MSE-017,5,2023-09-24
MSE-017,6,2023-09-25
MSE-017,5,2023-09-26
MSE-017,5,2023-09-27
MSE-017,8,2023-09-28
MSE-017,4,2023-09-29
MSE-017,8,2023-09-30
MSE-017,8,2023-10-01
MSE-017,8,2023-10-02
MSE-017,9,2023-10-03
MSE-017,12,2023-10-04
MSE-017,5,2023-10-05
MSE-017,9,2023-10-06
MSE-017,3,2023-10-07
MSE-017,7,2023-10-08
MSE-017,6,2023-10-09
MSE-017,8,2023-10-10
MSE-017,5,2023-10-11
MSE-017,6,2023-10-12
MSE-017,12,2023-10-13
MSE-017,3,2023-10-14
MSE-017,3,2023-10-15
MSE-017,4,2023-10-16
MSE-017,6,2023-10-17
MSE-017,10,2023-10-18
MSE-017,5,2023-10-19
MSE-017,6,2023-10-20
MSE-017,9,2023-10-21
MSE-017,6,2023-10-22
MSE-017,7,2023-10-23
MSE-017,3,2023-10-24
MSE-017,6,2023-10-25
MSE-017,8,2023-10-26
MSE-017,6,2023-10-27
MSE-017,6,2023-10-28
MSE-017,6,2023-10-29
MSE-017,6,2023-10-30
MSE-017,5,2023-10-31
MSE-017,3,2023-11-01
MSE-017,6,2023-11-02
MSE-017,6,2023-11-03
MSE-017,7,2023-11-04
MSE-017,6,2023-11-05
MSE-017,9,2023-11-06
MSE-017,11,2023-11-07
MSE-017,11,2023-11-08
MSE-017,12,2023-11-09
MSE-017,4,2023-11-10
MSE-017,5,2023-11-11
MSE-017,5,2023-11-12
MSE-017,8,2023-11-13
MSE-017,3,2023-11-14
MSE-017,7,2023-11-15
MSE-017,6,2023-11-16
MSE-017,5,2023-11-17
MSE-017,10,2023-11-18
MSE-017,5,2023-11-19
MSE-017,5,2023-11-20
MSE-017,7,2023-11-21
MSE-017,3,2023-11-22
MSE-017,4,2023-11-23
MSE-017,3,2023-11-24
MSE-017,7,2023-11-25
MSE-017,8,2023-11-26
MSE-017,4,2023-11-27
MSE-017,2,2023-11-28
MSE-017,4,2023-11-29
MSE-017,8,2023-11-30
MSE-017,10,2023-12-01
MSE-017,6,2023-12-02
MSE-017,8,2023-12-03
MSE-017,10,2023-12-04
MSE-017,3,2023-12-05
MSE-017,4,2023-12-06
MSE-017,7,2023-12-07
MSE-017,6,2023-12-08
MSE-017,7,2023-12-09
MSE-017,3,2023-12-10
MSE-017,8,2023-12-11
MSE-017,1,2023-12-12
MSE-017,5,2023-12-13
MSE-017,8,2023-12-14
MSE-017,5,2023-12-15
MSE-017,5,2023-12-16
MSE-017,10,2023-12-17
MSE-017,2,2023-12-18
MSE-017,5,2023-12-19
MSE-017,6,2023-12-20
MSE-017,7,2023-12-21
MSE-017,9,2023-12-22
MSE-017,3,2023-12-23
MSE-017,5,2023-12-24
MSE-017,8,2023-12-25
MSE-017,5,2023-12-26
MSE-017,4,2023-12-27
MSE-017,9,2023-12-28
MSE-017,3,2023-12-29
MSE-017,4,2023-12-30
MSE-017,3,2023-12-31
MSE-017,9,2024-01-01
MSE-017,11,2024-01-02
MSE-017,3,2024-01-03
MSE-017,9,2024-01-04
MSE-017,10,2024-01-05
MSE-017,3,2024-01-06
MSE-017,5,2024-01-07
MSE-017,5,2024-01-08
MSE-017,6,2024-01-09
MSE-017,4,2024-01-10
MSE-017,5,2024-01-11
MSE-017,5,2024-01-12
MSE-017,6,2024-01-13
MSE-017,12,2024-01-14
MSE-017,7,2024-01-15
MSE-017,5,2024-01-16
MSE-017,8,2024-01-17
MSE-017,6,2024-01-18
MSE-017,4,2024-01-19
MSE-017,8,2024-01-20
MSE-017,2,2024-01-21
MSE-017,2,2024-01-22
MSE-017,7,2024-01-23
MSE-017,8,2024-01-24
MSE-017,8,2024-01-25
MSE-017,8,2024-01-26
MSE-017,6,2024-01-27
MSE-017,5,2024-01-28
MSE-017,9,2024-01-29
MSE-017,5,2024-01-30
MSE-017,10,2024-01-31
MSE-017,3,2024-02-01
MSE-017,5,2024-02-02
MSE-017,1,2024-02-03
MSE-017,4,2024-02-04
MSE-017,12,2024-02-05
MSE-017,3,2024-02-06
MSE-017,9,2024-02-07
MSE-017,5,2024-02-08
MSE-017,6,2024-02-09
MSE-017,8,2024-02-10
MSE-017,6,2024-02-11
MSE-017,6,2024-02-12
MSE-017,10,2024-02-13
MSE-017,7,2024-02-14
MSE-017,4,2024-02-15
MSE-017,6,2024-02-16
MSE-017,6,2024-02-17
MSE-017,6,2024-02-18
MSE-017,3,2024-02-19
MSE-017,8,2024-02-20
MSE-017,12,2024-02-21
MSE-017,3,2024-02-22
MSE-017,6,2024-02-23
MSE-017,6,2024-02-24
MSE-017,1,2024-02-25
MSE-017,8,2024-02-26
MSE-017,7,2024-02-27
MSE-017,8,2024-02-28
MSE-017,5,2024-02-29
MSE-017,5,2024-03-01
MSE-017,7,2024-03-02
MSE-017,1,2024-03-03
MSE-017,7,2024-03-04
MSE-017,8,2024-03-05
MSE-017,3,2024-03-06
MSE-017,8,2024-03-07
MSE-017,13,2024-03-08
MSE-017,4,2024-03-09
MSE-017,7,2024-03-10
MSE-017,5,2024-03-11
MSE-017,4,2024-03-12
MSE-017,10,2024-03-13
MSE-017,10,2024-03-14
MSE-017,5,2024-03-15
MSE-017,6,2024-03-16
MSE-017,6,2024-03-17
MSE-017,8,2024-03-18
MSE-017,6,2024-03-19
MSE-017,10,2024-03-20
MSE-017,5,2024-03-21
MSE-017,4,2024-03-22
MSE-017,5,2024-03-23
MSE-017,3,2024-03-24
MSE-017,3,2024-03-25
MSE-017,5,2024-03-26
MSE-017,6,2024-03-27
MSE-017,7,2024-03-28
MSE-017,7,2024-03-29
MSE-017,5,2024-03-30
MSE-017,9,2024-03-31
MSE-017,8,2024-04-01
MSE-017,8,2024-04-02
MSE-017,4,2024-04-03
MSE-017,6,2024-04-04
MSE-017,4,2024-04-05
MSE-017,1,2024-04-06
MSE-017,6,2024-04-07
MSE-017,6,2024-04-08
MSE-017,5,2024-04-09
MSE-017,5,2024-04-10
MSE-017,6,2024-04-11
MSE-017,7,2024-04-12
MSE-017,6,2024-04-13
MSE-017,10,2024-04-14
MSE-017,6,2024-04-15
MSE-017,5,2024-04-16
MSE-017,6,2024-04-17
MSE-017,4,2024-04-18
MSE-017,9,2024-04-19
MSE-017,8,2024-04-20
MSE-017,4,2024-04-21
MSE-017,1,2024-04-22
MSE-017,4,2024-04-23
MSE-017,9,2024-04-24
MSE-017,8,2024-04-25
MSE-017,6,2024-04-26
MSE-017,8,2024-04-27
MSE-017,7,2024-04-28
MSE-017,12,2024-04-29
MSE-017,6,2024-04-30
MSE-017,9,2024-05-01
MSE-017,5,2024-05-02
MSE-017,14,2024-05-03
MSE-017,3,2024-05-04
MSE-017,11,2024-05-05
MSE-017,7,2024-05-06
MSE-017,5,2024-05-07
MSE-017,7,2024-05-08
MSE-017,7,2024-05-09
MSE-017,3,2024-05-10
MSE-017,8,2024-05-11
MSE-017,8,2024-05-12
MSE-017,3,2024-05-13
MSE-017,7,2024-05-14
MSE-017,10,2024-05-15
MSE-017,9,2024-05-16
MSE-017,2,2024-05-17
MSE-017,3,2024-05-18
MSE-017,7,2024-05-19
MSE-017,7,2024-05-20
MSE-017,11,2024-05-21
MSE-017,4,2024-05-22
MSE-017,8,2024-05-23
MSE-017,9,2024-05-24
MSE-017,4,2024-05-25
MSE-017,6,2024-05-26
MSE-017,7,2024-05-27
MSE-017,5,2024-05-28
MSE-017,6,2024-05-29
MSE-017,5,2024-05-30
MSE-017,3,2024-05-31
MSE-017,7,2024-06-01
MSE-017,4,2024-06-02
MSE-017,6,2024-06-03
MSE-017,6,2024-06-04
MSE-017,6,2024-06-05
MSE-017,7,2024-06-06
MSE-017,1,2024-06-07
MSE-017,3,2024-06-08
MSE-017,9,2024-06-09
MSE-017,7,2024-06-10
MSE-017,5,2024-06-11
MSE-017,10,2024-06-12
MSE-017,9,2024-06-13
MSE-017,7,2024-06-14
MSE-017,3,2024-06-15
MSE-017,6,2024-06-16
MSE-017,6,2024-06-17
MSE-017,8,2024-06-18
MSE-017,9,2024-06-19
MSE-017,9,2024-06-20
MSE-017,7,2024-06-21
MSE-017,2,2024-06-22
MSE-017,6,2024-06-23
MSE-017,6,2024-06-24
MSE-017,9,2024-06-25
MSE-017,10,2024-06-26
MSE-017,11,2024-06-27
MSE-017,10,2024-06-28
MSE-017,11,2024-06-29
MSE-017,3,2024-06-30
MSE-017,5,2024-07-01
MSE-017,4,2024-07-02
MSE-017,4,2024-07-03
MSE-017,7,2024-07-04
MSE-017,12,2024-07-05
MSE-017,6,2024-07-06
MSE-017,12,2024-07-07
MSE-017,7,2024-07-08
MSE-017,4,2024-07-09
MSE-017,7,2024-07-10
MSE-017,6,2024-07-11
MSE-017,9,2024-07-12
MSE-017,10,2024-07-13
MSE-017,9,2024-07-14
MSE-017,9,2024-07-15
MSE-017,4,2024-07-16
MSE-017,2,2024-07-17
MSE-017,3,2024-07-18
MSE-017,6,2024-07-19
MSE-017,7,2024-07-20
MSE-017,3,2024-07-21
MSE-017,5,2024-07-22
MSE-017,7,2024-07-23
MSE-017,5,2024-07-24
MSE-017,6,2024-07-25
MSE-017,8,2024-07-26
MSE-017,8,2024-07-27
MSE-017,4,2024-07-28
MSE-017,10,2024-07-29
MSE-017,5,2024-07-30
MSE-017,7,2024-07-31
MSE-017,7,2024-08-01
MSE-017,6,2024-08-02
MSE-017,5,2024-08-03
MSE-017,7,2024-08-04
MSE-017,4,2024-08-05
MSE-017,3,2024-08-07
MSE-017,9,2024-08-08
MSE-017,6,2024-08-09
MSE-017,4,2024-08-10
MSE-017,4,2024-08-11
MSE-017,7,2024-08-12
MSE-017,3,2024-08-13
MSE-017,10,2024-08-14
MSE-017,4,2024-08-15
MSE-017,2,2024-08-16
MSE-017,4,2024-08-17
MSE-017,10,2024-08-18
MSE-017,6,2024-08-19
MSE-017,2,2024-08-20
MSE-017,5,2024-08-21
MSE-017,5,2024-08-22
MSE-017,10,2024-08-23
MSE-017,7,2024-08-24
MSE-017,4,2024-08-25
MSE-017,7,2024-08-26
MSE-017,6,2024-08-27
MSE-017,6,2024-08-28
MSE-017,5,2024-08-29
MSE-017,3,2024-08-30
MSE-017,5,2024-08-31
MSE-017,9,2024-09-01
MSE-017,3,2024-09-02
MSE-017,10,2024-09-03
MSE-017,7,2024-09-04
MSE-017,2,2024-09-05
MSE-017,4,2024-09-06
MSE-017,7,2024-09-07
MSE-017,6,2024-09-08
MSE-017,14,2024-09-09
MSE-017,5,2024-09-10
MSE-017,1,2024-09-11
MSE-017,10,2024-09-12
MSE-017,7,2024-09-13
MSE-017,4,2024-09-14
MSE-017,5,2024-09-15
MSE-017,11,2024-09-16
MSE-017,8,2024-09-17
MSE-017,13,2024-09-18
MSE-017,4,2024-09-19
MSE-017,4,2024-09-20
MSE-017,10,2024-09-21
MSE-017,5,2024-09-22
MSE-017,5,2024-09-23
MSE-017,9,2024-09-24
MSE-017,5,2024-09-25
MSE-017,10,2024-09-26
MSE-017,6,2024-09-27
MSE-017,1,2024-09-28
MSE-017,8,2024-09-29
MSE-017,5,2024-09-30
MSE-017,7,2024-10-01
MSE-017,1,2024-10-02
MSE-017,9,2024-10-03
MSE-017,8,2024-10-04
MSE-017,7,2024-10-05
MSE-017,7,2024-10-06
MSE-017,8,2024-10-07
MSE-017,5,2024-10-08
MSE-017,5,2024-10-09
MSE-017,9,2024-10-10
MSE-017,2,2024-10-11
MSE-017,5,2024-10-12
MSE-017,8,2024-10-13
MSE-017,5,2024-10-14
MSE-017,3,2024-10-15
MSE-017,6,2024-10-16
MSE-017,13,2024-10-17
MSE-017,3,2024-10-18
MSE-017,5,2024-10-20
MSE-017,5,2024-10-21
MSE-017,6,2024-10-22
MSE-017,7,2024-10-23
MSE-017,2,2024-10-24
MSE-017,5,2024-10-25
MSE-017,6,2024-10-26
MSE-017,2,2024-10-27
MSE-017,8,2024-10-28
MSE-017,5,2024-10-29
MSE-017,4,2024-10-30
MSE-017,6,2024-10-31
MSE-017,2,2024-11-01
MSE-017,6,2024-11-02
MSE-017,4,2024-11-03
MSE-017,4,2024-11-04
MSE-017,3,2024-11-05
MSE-017,5,2024-11-06
MSE-017,7,2024-11-07
MSE-017,11,2024-11-08
MSE-017,7,2024-11-09
MSE-017,9,2024-11-10
MSE-017,4,2024-11-11
MSE-017,2,2024-11-12
MSE-017,4,2024-11-13
MSE-017,3,2024-11-14
MSE-017,7,2024-11-15
MSE-017,8,2024-11-16
MSE-017,7,2024-11-17
MSE-017,5,2024-11-18
MSE-017,7,2024-11-19
MSE-017,6,2024-11-20
MSE-017,3,2024-11-21
MSE-017,6,2024-11-22
MSE-017,5,2024-11-23
MSE-017,6,2024-11-24
MSE-017,4,2024-11-25
MSE-017,4,2024-11-26
MSE-017,7,2024-11-27
MSE-017,4,2024-11-28
MSE-017,7,2024-11-29
MSE-017,6,2024-11-30
MSE-017,5,2024-12-02
MSE-017,5,2024-12-03
MSE-017,5,2024-12-04
MSE-017,4,2024-12-05
MSE-017,2,2024-12-06
MSE-017,2,2024-12-07
MSE-017,3,2024-12-08
MSE-017,7,2024-12-09
MSE-017,5,2024-12-10
MSE-017,3,2024-12-11
MSE-017,8,2024-12-12
MSE-017,9,2024-12-13
MSE-017,4,2024-12-14
MSE-017,4,2024-12-15
MSE-017,5,2024-12-16
MSE-017,4,2024-12-17
MSE-017,5,2024-12-18
MSE-017,7,2024-12-19
MSE-017,5,2024-12-20
MSE-017,6,2024-12-21
MSE-017,9,2024-12-22
MSE-017,3,2024-12-23
MSE-017,7,2024-12-24
MSE-017,3,2024-12-25
MSE-017,8,2024-12-26
MSE-017,6,2024-12-27
MSE-017,6,2024-12-28
MSE-017,4,2024-12-29
MSE-017,2,2024-12-30
MSE-017,1,2024-12-31
MSE-017,6,2025-01-01
MSE-017,11,2025-01-02
MSE-017,6,2025-01-03
MSE-017,4,2025-01-04
MSE-017,7,2025-01-05
MSE-017,2,2025-01-06
MSE-017,6,2025-01-07
MSE-017,6,2025-01-08
MSE-017,5,2025-01-09
MSE-017,5,2025-01-10
MSE-017,5,2025-01-11
MSE-017,7,2025-01-12
MSE-017,8,2025-01-13
MSE-017,9,2025-01-14
MSE-017,9,2025-01-15
MSE-017,4,2025-01-16
MSE-017,10,2025-01-17
MSE-017,5,2025-01-18
MSE-017,5,2025-01-19
MSE-017,4,2025-01-20
MSE-017,9,2025-01-21
MSE-017,7,2025-01-22
MSE-017,5,2025-01-23
MSE-017,5,2025-01-24
MSE-017,8,2025-01-25
MSE-017,6,2025-01-26
MSE-017,7,2025-01-27
MSE-017,7,2025-01-28
MSE-017,3,2025-01-29
MSE-017,3,2025-01-30
MSE-017,3,2025-01-31
MSE-017,9,2025-02-01
MSE-017,14,2025-02-02
MSE-017,6,2025-02-03
MSE-017,5,2025-02-04
MSE-017,7,2025-02-05
MSE-017,11,2025-02-06
MSE-017,8,2025-02-07
MSE-017,7,2025-02-08
MSE-017,5,2025-02-09
MSE-017,11,2025-02-10
MSE-017,10,2025-02-11
MSE-017,5,2025-02-12
MSE-017,5,2025-02-13
MSE-017,6,2025-02-14
MSE-017,10,2025-02-15
MSE-017,1,2025-02-16
MSE-017,1,2025-02-17
MSE-017,9,2025-02-18
MSE-017,4,2025-02-19
MSE-017,6,2025-02-20
MSE-017,2,2025-02-21
MSE-017,11,2025-02-22
MSE-017,10,2025-02-23
MSE-017,9,2025-02-24
MSE-017,6,2025-02-25
MSE-017,5,2025-02-26
MSE-017,8,2025-02-27
MSE-017,2,2025-02-28
MSE-017,7,2025-03-01
MSE-017,11,2025-03-02
MSE-017,4,2025-03-03
MSE-017,9,2025-03-04
MSE-017,7,2025-03-05
MSE-017,5,2025-03-06
MSE-017,3,2025-03-07
MSE-017,6,2025-03-08
MSE-017,7,2025-03-09
MSE-017,7,2025-03-10
MSE-017,8,2025-03-11
MSE-017,3,2025-03-12
MSE-017,2,2025-03-13
MSE-017,6,2025-03-14
MSE-017,5,2025-03-15
MSE-017,1,2025-03-16
MSE-017,7,2025-03-17
MSE-017,2,2025-03-18
MSE-017,5,2025-03-19
MSE-017,7,2025-03-20
MSE-017,8,2025-03-21
MSE-017,4,2025-03-22
MSE-017,5,2025-03-23
MSE-017,3,2025-03-24
MSE-017,5,2025-03-25
MSE-017,4,2025-03-26
MSE-017,8,2025-03-27
MSE-017,3,2025-03-28
MSE-017,8,2025-03-29
MSE-017,2,2025-03-30
MSE-017,7,2025-03-31
MSE-017,9,2025-04-01
MSE-017,7,2025-04-02
MSE-017,3,2025-04-03
MSE-017,8,2025-04-04
MSE-017,9,2025-04-05
MSE-017,6,2025-04-06
MSE-017,5,2025-04-07
MSE-017,10,2025-04-08
MSE-017,8,2025-04-09
MSE-017,9,2025-04-10
MSE-017,7,2025-04-11
MSE-017,6,2025-04-12
MSE-017,12,2025-04-13
MSE-017,3,2025-04-14
MSE-017,6,2025-04-15
MSE-017,4,2025-04-16
MSE-017,7,2025-04-17
MSE-017,8,2025-04-18
MSE-017,7,2025-04-19
MSE-017,5,2025-04-20
MSE-017,7,2025-04-21
MSE-017,5,2025-04-22
MSE-017,4,2025-04-23
MSE-017,7,2025-04-24
MSE-017,3,2025-04-25
MSE-017,3,2025-04-26
MSE-017,5,2025-04-27
MSE-017,5,2025-04-28
MSE-017,8,2025-04-29
MSE-017,4,2025-04-30
MSE-017,11,2025-05-01
MSE-017,5,2025-05-02
MSE-017,5,2025-05-03
MSE-017,5,2025-05-04
MSE-017,5,2025-05-05
MSE-017,6,2025-05-06
MSE-017,10,2025-05-07
MSE-017,2,2025-05-08
MSE-017,7,2025-05-09
MSE-017,5,2025-05-10
MSE-017,6,2025-05-11
MSE-017,3,2025-05-12
MSE-017,4,2025-05-13
MSE-017,5,2025-05-14
MSE-017,10,2025-05-15
MSE-017,5,2025-05-16
MSE-017,9,2025-05-17
MSE-017,4,2025-05-18
MSE-017,7,2025-05-19
MSE-017,7,2025-05-20
MSE-017,5,2025-05-21
MSE-017,8,2025-05-22
MSE-017,5,2025-05-23
MSE-017,7,2025-05-24
MSE-017,5,2025-05-25
MSE-017,5,2025-05-26
MSE-017,3,2025-05-27
MSE-017,10,2025-05-28
MSE-017,5,2025-05-29
MSE-017,4,2025-05-30
MSE-017,6,2025-05-31
MSE-017,3,2025-06-01
MSE-017,3,2025-06-02
MSE-017,7,2025-06-03
MSE-017,7,2025-06-04
MSE-017,5,2025-06-05
MSE-017,3,2025-06-06
MSE-017,9,2025-06-07
MSE-017,7,2025-06-08
MSE-017,8,2025-06-09
MSE-017,8,2025-06-10
MSE-017,5,2025-06-11
MSE-017,4,2025-06-12
MSE-017,6,2025-06-13
MSE-017,12,2025-06-14
MSE-017,4,2025-06-15
MSE-017,6,2025-06-16
MSE-017,3,2025-06-17
MSE-017,4,2025-06-18
MSE-017,5,2025-06-19
MSE-017,5,2025-06-20
MSE-017,8,2025-06-21
MSE-017,3,2025-06-22
MSE-017,7,2025-06-23
MSE-017,4,2025-06-24
MSE-017,4,2025-06-25
MSE-017,8,2025-06-26
MSE-017,8,2025-06-27
MSE-017,6,2025-06-28
MSE-017,4,2025-06-29
MSE-017,7,2025-06-30
MSE-017,5,2025-07-01
MSE-017,6,2025-07-02
MSE-017,6,2025-07-03
MSE-017,4,2025-07-04
MSE-017,4,2025-07-05
MSE-017,2,2025-07-06
MSE-017,4,2025-07-07
MSE-017,10,2025-07-08
MSE-017,4,2025-07-09
MSE-017,10,2025-07-10
MSE-017,6,2025-07-11
MSE-017,8,2025-07-12
MSE-017,5,2025-07-13
MSE-017,2,2025-07-14
MSE-017,8,2025-07-15
MSE-017,5,2025-07-16
MSE-017,5,2025-07-17
MSE-017,8,2025-07-18
MSE-017,4,2025-07-19
MSE-017,6,2025-07-20
MSE-017,7,2025-07-21
MSE-017,4,2025-07-22
MSE-017,7,2025-07-23
MSE-017,7,2025-07-24
MSE-017,6,2025-07-25
MSE-017,3,2025-07-26
MSE-017,5,2025-07-27
MSE-017,4,2025-07-28
MSE-017,7,2025-07-29
MSE-017,6,2025-07-30
MSE-017,4,2025-07-31
MSE-017,6,2025-08-01
MSE-017,4,2025-08-02
MSE-017,10,2025-08-03
MSE-017,5,2025-08-04
MSE-017,2,2025-08-05
MSE-017,13,2025-08-06
MSE-017,9,2025-08-07
MSE-017,5,2025-08-08
MSE-017,5,2025-08-09
MSE-017,6,2025-08-10
MSE-017,9,2025-08-11
MSE-017,7,2025-08-12
MSE-017,5,2025-08-13
MSE-017,6,2025-08-14
MSE-017,11,2025-08-15
MSE-017,5,2025-08-16
MSE-017,6,2025-08-17
MSE-017,9,2025-08-18
MSE-017,8,2025-08-19
MSE-017,9,2025-08-20
MSE-017,6,2025-08-21
MSE-017,12,2025-08-22
MSE-017,8,2025-08-23
MSE-017,5,2025-08-24
MSE-017,3,2025-08-25
MSE-017,6,2025-08-26
MSE-017,7,2025-08-27
MSE-017,5,2025-08-28
MSE-017,8,2025-08-29
MSE-017,9,2025-08-30
MSE-017,6,2025-08-31
MSE-017,4,2025-09-01
MSE-017,10,2025-09-02
MSE-017,5,2025-09-03
MSE-017,6,2025-09-04
MSE-017,5,2025-09-05
MSE-017,10,2025-09-06
MSE-017,6,2025-09-07
MSE-017,7,2025-09-08
MSE-017,9,2025-09-09
MSE-017,8,2025-09-10
MSE-017,6,2025-09-11
MSE-017,1,2025-09-12
MSE-017,5,2025-09-13
MSE-017,6,2025-09-14
MSE-017,4,2025-09-15
MSE-017,4,2025-09-16
MSE-017,7,2025-09-17
MSE-017,5,2025-09-18
MSE-017,4,2025-09-19
MSE-017,7,2025-09-20
MSE-017,12,2025-09-21
MSE-017,12,2025-09-22
MSE-017,9,2025-09-23
MSE-017,4,2025-09-24
MSE-017,4,2025-09-25
MSE-017,5,2025-09-26
MSE-017,8,2025-09-27
MSE-017,5,2025-09-28
MSE-017,9,2025-09-29
MSE-017,5,2025-09-30
MSE-017,4,2025-10-01
MSE-017,4,2025-10-02
MSE-017,5,2025-10-03
MSE-017,7,2025-10-04
MSE-017,4,2025-10-05
MSE-017,6,2025-10-06
MSE-017,9,2025-10-07
MSE-017,6,2025-10-08
MSE-017,7,2025-10-09
MSE-017,7,2025-10-10
MSE-017,8,2025-10-11
MSE-017,9,2025-10-12
MSE-017,6,2025-10-13
MSE-017,7,2025-10-14
MSE-017,6,2025-10-15
MSE-017,8,2025-10-16
MSE-017,8,2025-10-17
MSE-017,6,2025-10-18
MSE-017,6,2025-10-19
MSE-017,7,2025-10-20
MSE-017,5,2025-10-21
MSE-017,7,2025-10-22
MSE-017,7,2025-10-23
MSE-017,6,2025-10-24
MSE-017,7,2025-10-25
MSE-017,8,2025-10-26
MSE-017,10,2025-10-27
MSE-017,7,2025-10-28
MSE-017,4,2025-10-29
MSE-017,1,2025-10-30
MSE-017,6,2025-10-31
MSE-017,9,2025-11-01
MSE-017,8,2025-11-02
MSE-017,7,2025-11-03
MSE-017,4,2025-11-04
MSE-017,4,2025-11-05
MSE-017,5,2025-11-06
MSE-017,5,2025-11-07
MSE-017,9,2025-11-08
MSE-017,3,2025-11-09
MSE-017,13,2025-11-10
MSE-017,5,2025-11-11
MSE-017,4,2025-11-12
MSE-017,7,2025-11-13
MSE-017,5,2025-11-14
MSE-017,5,2025-11-15
MSE-017,5,2025-11-16
MSE-017,6,2025-11-17
MSE-017,4,2025-11-18
MSE-017,9,2025-11-19
MSE-017,8,2025-11-20
MSE-017,9,2025-11-21
MSE-017,5,2025-11-22
MSE-017,5,2025-11-23
MSE-017,8,2025-11-24
MSE-017,10,2025-11-25
MSE-017,3,2025-11-26
MSE-017,6,2025-11-27
MSE-017,4,2025-11-28
MSE-017,7,2025-11-29
MSE-017,6,2025-11-30
MSE-017,6,2025-12-01
MSE-017,3,2025-12-02
MSE-017,13,2025-12-03
MSE-017,7,2025-12-04
MSE-017,5,2025-12-05
MSE-017,7,2025-12-06
MSE-017,3,2025-12-07
MSE-017,6,2025-12-08
MSE-017,4,2025-12-09
MSE-017,5,2025-12-10
MSE-017,3,2025-12-11
MSE-017,3,2025-12-12
MSE-017,5,2025-12-13
MSE-017,2,2025-12-14
MSE-017,7,2025-12-15
MSE-017,7,2025-12-16
MSE-017,13,2025-12-17
MSE-017,4,2025-12-18
MSE-017,5,2025-12-19
MSE-017,10,2025-12-20
MSE-017,6,2025-12-21
MSE-017,1,2025-12-22
MSE-017,8,2025-12-23
MSE-017,3,2025-12-24
MSE-017,7,2025-12-25
MSE-017,6,2025-12-26
MSE-017,4,2025-12-27
MSE-017,6,2025-12-28
MSE-017,5,2025-12-29
MSE-017,6,2025-12-30
MSE-017,3,2025-12-31
MSE-017,4,2026-01-01
MSE-017,5,2026-01-02
MSE-017,6,2026-01-03
MSE-017,5,2026-01-04
MSE-017,4,2026-01-05
MSE-017,4,2026-01-06
MSE-017,2,2026-01-07
MSE-017,6,2026-01-08
MSE-017,9,2026-01-09
MSE-017,6,2026-01-10
MSE-017,2,2026-01-11
MSE-017,9,2026-01-12
MSE-017,11,2026-01-13
MSE-017,15,2026-01-14
MSE-017,8,2026-01-15
MSE-017,6,2026-01-16
MSE-017,4,2026-01-17
MSE-017,4,2026-01-18
MSE-017,4,2026-01-19
MSE-017,10,2026-01-20
MSE-017,12,2026-01-21
MSE-017,8,2026-01-22
MSE-017,8,2026-01-23
MSE-017,4,2026-01-24
MSE-017,7,2026-01-25
KBD-018,8,2023-01-26
KBD-018,5,2023-01-27
KBD-018,5,2023-01-28
KBD-018,4,2023-01-29
KBD-018,5,2023-01-30
KBD-018,5,2023-01-31
KBD-018,7,2023-02-01
KBD-018,1,2023-02-02
KBD-018,6,2023-02-03
KBD-018,2,2023-02-04
KBD-018,3,2023-02-05
KBD-018,3,2023-02-06
KBD-018,7,2023-02-07
KBD-018,4,2023-02-08
KBD-018,2,2023-02-10
KBD-018,5,2023-02-11
KBD-018,7,2023-02-13
KBD-018,2,2023-02-14
KBD-018,4,2023-02-15
KBD-018,1,2023-02-16
KBD-018,5,2023-02-17
KBD-018,4,2023-02-18
KBD-018,2,2023-02-19
KBD-018,5,2023-02-20
KBD-018,10,2023-02-21
KBD-018,3,2023-02-22
KBD-018,5,2023-02-23
KBD-018,8,2023-02-24
KBD-018,4,2023-02-26
KBD-018,4,2023-02-27
KBD-018,4,2023-02-28
KBD-018,5,2023-03-01
KBD-018,4,2023-03-02
KBD-018,2,2023-03-03
KBD-018,4,2023-03-04
KBD-018,1,2023-03-05
KBD-018,3,2023-03-06
KBD-018,6,2023-03-07
KBD-018,5,2023-03-08
KBD-018,2,2023-03-09
KBD-018,2,2023-03-10
KBD-018,3,2023-03-11
KBD-018,7,2023-03-12
KBD-018,2,2023-03-14
KBD-018,6,2023-03-15
KBD-018,4,2023-03-16
KBD-018,6,2023-03-17
KBD-018,2,2023-03-18
KBD-018,4,2023-03-19
KBD-018,5,2023-03-20
KBD-018,3,2023-03-21
KBD-018,4,2023-03-22
KBD-018,5,2023-03-23
KBD-018,3,2023-03-24
KBD-018,3,2023-03-25
KBD-018,3,2023-03-26
KBD-018,3,2023-03-27
KBD-018,6,2023-03-28
KBD-018,5,2023-03-29
KBD-018,5,2023-03-30
KBD-018,6,2023-03-31
KBD-018,6,2023-04-01
KBD-018,4,2023-04-02
KBD-018,4,2023-04-03
KBD-018,2,2023-04-04
KBD-018,4,2023-04-05
KBD-018,1,2023-04-06
KBD-018,3,2023-04-07
KBD-018,2,2023-04-08
KBD-018,2,2023-04-09
KBD-018,4,2023-04-10
KBD-018,3,2023-04-11
KBD-018,6,2023-04-12
KBD-018,2,2023-04-13
KBD-018,2,2023-04-14
KBD-018,4,2023-04-15
KBD-018,2,2023-04-16
KBD-018,5,2023-04-17
KBD-018,5,2023-04-18
KBD-018,2,2023-04-19
KBD-018,4,2023-04-20
KBD-018,5,2023-04-21
KBD-018,4,2023-04-22
KBD-018,1,2023-04-23
KBD-018,5,2023-04-24
KBD-018,3,2023-04-25
KBD-018,5,2023-04-27
KBD-018,3,2023-04-28
KBD-018,2,2023-04-29
KBD-018,5,2023-04-30
KBD-018,4,2023-05-01
KBD-018,3,2023-05-02
KBD-018,7,2023-05-03
KBD-018,2,2023-05-04
KBD-018,4,2023-05-05
KBD-018,4,2023-05-06
KBD-018,2,2023-05-07
KBD-018,6,2023-05-08
KBD-018,4,2023-05-09
KBD-018,5,2023-05-10
KBD-018,3,2023-05-11
KBD-018,3,2023-05-12
KBD-018,2,2023-05-13
KBD-018,1,2023-05-14
KBD-018,3,2023-05-15
KBD-018,3,2023-05-16
KBD-018,6,2023-05-17
KBD-018,4,2023-05-18
KBD-018,4,2023-05-19
KBD-018,2,2023-05-20
KBD-018,2,2023-05-21
KBD-018,5,2023-05-22
KBD-018,3,2023-05-23
KBD-018,4,2023-05-24
KBD-018,5,2023-05-25
KBD-018,2,2023-05-26
KBD-018,4,2023-05-27
KBD-018,3,2023-05-28
KBD-018,4,2023-05-29
KBD-018,2,2023-05-30
KBD-018,2,2023-05-31
KBD-018,3,2023-06-01
KBD-018,2,2023-06-02
KBD-018,6,2023-06-03
KBD-018,2,2023-06-04
KBD-018,3,2023-06-05
KBD-018,4,2023-06-06
KBD-018,2,2023-06-07
KBD-018,3,2023-06-08
KBD-018,3,2023-06-09
KBD-018,4,2023-06-10
KBD-018,6,2023-06-11
KBD-018,3,2023-06-12
KBD-018,4,2023-06-13
KBD-018,7,2023-06-14
KBD-018,4,2023-06-15
KBD-018,10,2023-06-16
KBD-018,4,2023-06-17
KBD-018,7,2023-06-18
KBD-018,2,2023-06-19
KBD-018,3,2023-06-20
KBD-018,4,2023-06-21
KBD-018,2,2023-06-22
KBD-018,2,2023-06-23
KBD-018,7,2023-06-24
KBD-018,9,2023-06-25
KBD-018,5,2023-06-26
KBD-018,2,2023-06-27
KBD-018,4,2023-06-28
KBD-018,4,2023-06-29
KBD-018,4,2023-06-30
KBD-018,6,2023-07-01
KBD-018,3,2023-07-02
KBD-018,5,2023-07-03
KBD-018,2,2023-07-04
KBD-018,5,2023-07-05
KBD-018,5,2023-07-06
KBD-018,3,2023-07-07
KBD-018,1,2023-07-08
KBD-018,3,2023-07-09
KBD-018,4,2023-07-10
KBD-018,6,2023-07-11
KBD-018,3,2023-07-12
KBD-018,4,2023-07-13
KBD-018,6,2023-07-14
KBD-018,4,2023-07-15
KBD-018,5,2023-07-16
KBD-018,4,2023-07-17
KBD-018,6,2023-07-18
KBD-018,2,2023-07-19
KBD-018,6,2023-07-20
KBD-018,2,2023-07-21
KBD-018,6,2023-07-22
KBD-018,5,2023-07-23
KBD-018,6,2023-07-24
KBD-018,5,2023-07-25
KBD-018,2,2023-07-26
KBD-018,1,2023-07-27
KBD-018,5,2023-07-28
KBD-018,5,2023-07-29
KBD-018,6,2023-07-30
KBD-018,2,2023-07-31
KBD-018,4,2023-08-01
KBD-018,5,2023-08-02
KBD-018,5,2023-08-03
KBD-018,4,2023-08-04
KBD-018,3,2023-08-05
KBD-018,3,2023-08-06
KBD-018,1,2023-08-07
KBD-018,3,2023-08-08
KBD-018,8,2023-08-09
KBD-018,6,2023-08-10
KBD-018,2,2023-08-11
KBD-018,3,2023-08-12
KBD-018,6,2023-08-13
KBD-018,4,2023-08-14
KBD-018,5,2023-08-15
KBD-018,1,2023-08-16
KBD-018,8,2023-08-17
KBD-018,7,2023-08-18
KBD-018,3,2023-08-19
KBD-018,2,2023-08-20
KBD-018,3,2023-08-21
KBD-018,3,2023-08-22
KBD-018,2,2023-08-23
KBD-018,5,2023-08-24
KBD-018,4,2023-08-25
KBD-018,4,2023-08-26
KBD-018,5,2023-08-27
KBD-018,4,2023-08-29
KBD-018,5,2023-08-30
KBD-018,3,2023-08-31
KBD-018,3,2023-09-01
KBD-018,2,2023-09-02
KBD-018,1,2023-09-03
KBD-018,3,2023-09-04
KBD-018,5,2023-09-05
KBD-018,5,2023-09-06
KBD-018,3,2023-09-07
KBD-018,4,2023-09-08
KBD-018,7,2023-09-09
KBD-018,5,2023-09-10
KBD-018,6,2023-09-11
KBD-018,4,2023-09-12
KBD-018,5,2023-09-13
KBD-018,4,2023-09-14
KBD-018,6,2023-09-15
KBD-018,6,2023-09-16
KBD-018,5,2023-09-17
KBD-018,5,2023-09-18
KBD-018,5,2023-09-19
KBD-018,5,2023-09-20
KBD-018,4,2023-09-21
KBD-018,2,2023-09-22
KBD-018,4,2023-09-23
KBD-018,4,2023-09-24
KBD-018,4,2023-09-25
KBD-018,5,2023-09-26
KBD-018,5,2023-09-27
KBD-018,3,2023-09-28
KBD-018,2,2023-09-29
KBD-018,5,2023-09-30
KBD-018,4,2023-10-02
KBD-018,4,2023-10-03
KBD-018,5,2023-10-04
KBD-018,5,2023-10-05
KBD-018,5,2023-10-06
KBD-018,4,2023-10-07
KBD-018,3,2023-10-08
KBD-018,6,2023-10-09
KBD-018,4,2023-10-10
KBD-018,4,2023-10-11
KBD-018,4,2023-10-12
KBD-018,3,2023-10-13
KBD-018,6,2023-10-14
KBD-018,4,2023-10-15
KBD-018,2,2023-10-16
KBD-018,2,2023-10-17
KBD-018,5,2023-10-18
KBD-018,2,2023-10-19
KBD-018,6,2023-10-20
KBD-018,6,2023-10-21
KBD-018,7,2023-10-22
KBD-018,2,2023-10-23
KBD-018,2,2023-10-24
KBD-018,6,2023-10-25
KBD-018,4,2023-10-26
KBD-018,9,2023-10-27
KBD-018,6,2023-10-28
KBD-018,5,2023-10-29
KBD-018,3,2023-10-30
KBD-018,2,2023-10-31
KBD-018,6,2023-11-01
KBD-018,4,2023-11-02
KBD-018,4,2023-11-03
KBD-018,6,2023-11-04
KBD-018,4,2023-11-05
KBD-018,4,2023-11-06
KBD-018,7,2023-11-07
KBD-018,3,2023-11-08
KBD-018,1,2023-11-09
KBD-018,10,2023-11-10
KBD-018,5,2023-11-11
KBD-018,4,2023-11-12
KBD-018,5,2023-11-13
KBD-018,3,2023-11-14
KBD-018,6,2023-11-15
KBD-018,4,2023-11-16
KBD-018,2,2023-11-17
KBD-018,6,2023-11-18
KBD-018,3,2023-11-19
KBD-018,4,2023-11-20
KBD-018,4,2023-11-21
KBD-018,2,2023-11-22
KBD-018,3,2023-11-23
KBD-018,9,2023-11-24
KBD-018,7,2023-11-25
KBD-018,6,2023-11-26
KBD-018,6,2023-11-27
KBD-018,5,2023-11-28
KBD-018,5,2023-11-29
KBD-018,6,2023-11-30
KBD-018,4,2023-12-01
KBD-018,6,2023-12-03
KBD-018,3,2023-12-04
KBD-018,5,2023-12-05
KBD-018,5,2023-12-06
KBD-018,6,2023-12-07
KBD-018,7,2023-12-08
KBD-018,4,2023-12-09
KBD-018,5,2023-12-10
KBD-018,4,2023-12-11
KBD-018,7,2023-12-12
KBD-018,7,2023-12-13
KBD-018,1,2023-12-14
KBD-018,8,2023-12-15
KBD-018,4,2023-12-16
KBD-018,2,2023-12-17
KBD-018,4,2023-12-18
KBD-018,4,2023-12-19
KBD-018,2,2023-12-20
KBD-018,3,2023-12-21
KBD-018,4,2023-12-22
KBD-018,2,2023-12-23
KBD-018,4,2023-12-24
KBD-018,1,2023-12-25
KBD-018,2,2023-12-26
KBD-018,3,2023-12-27
KBD-018,1,2023-12-28
KBD-018,3,2023-12-29
KBD-018,1,2023-12-30
KBD-018,4,2023-12-31
KBD-018,4,2024-01-01
KBD-018,4,2024-01-02
KBD-018,4,2024-01-03
KBD-018,2,2024-01-04
KBD-018,3,2024-01-05
KBD-018,3,2024-01-06
KBD-018,7,2024-01-07
KBD-018,6,2024-01-08
KBD-018,4,2024-01-09
KBD-018,3,2024-01-10
KBD-018,4,2024-01-11
KBD-018,2,2024-01-12
KBD-018,2,2024-01-13
KBD-018,3,2024-01-14
KBD-018,2,2024-01-15
KBD-018,5,2024-01-16
KBD-018,2,2024-01-17
KBD-018,6,2024-01-18
KBD-018,2,2024-01-19
KBD-018,2,2024-01-20
KBD-018,4,2024-01-21
KBD-018,7,2024-01-22
KBD-018,3,2024-01-23
KBD-018,3,2024-01-24
KBD-018,6,2024-01-26
KBD-018,2,2024-01-27
KBD-018,5,2024-01-28
KBD-018,6,2024-01-29
KBD-018,4,2024-01-30
KBD-018,6,2024-01-31
KBD-018,7,2024-02-01
KBD-018,2,2024-02-02
KBD-018,3,2024-02-03
KBD-018,4,2024-02-04
KBD-018,1,2024-02-05
KBD-018,5,2024-02-06
KBD-018,1,2024-02-07
KBD-018,11,2024-02-08
KBD-018,3,2024-02-09
KBD-018,6,2024-02-10
KBD-018,5,2024-02-11
KBD-018,5,2024-02-12
KBD-018,2,2024-02-13
KBD-018,4,2024-02-14
KBD-018,2,2024-02-15
KBD-018,3,2024-02-16
KBD-018,1,2024-02-17
KBD-018,4,2024-02-18
KBD-018,4,2024-02-19
KBD-018,6,2024-02-20
KBD-018,2,2024-02-21
KBD-018,3,2024-02-22
KBD-018,3,2024-02-23
KBD-018,2,2024-02-24
KBD-018,3,2024-02-25
KBD-018,4,2024-02-26
KBD-018,2,2024-02-27
KBD-018,3,2024-02-28
KBD-018,6,2024-02-29
KBD-018,10,2024-03-01
KBD-018,5,2024-03-02
KBD-018,8,2024-03-03
KBD-018,6,2024-03-04
KBD-018,4,2024-03-05
KBD-018,5,2024-03-06
KBD-018,4,2024-03-07
KBD-018,4,2024-03-08
KBD-018,4,2024-03-09
KBD-018,5,2024-03-10
KBD-018,4,2024-03-11
KBD-018,3,2024-03-12
KBD-018,2,2024-03-13
KBD-018,6,2024-03-14
KBD-018,4,2024-03-15
KBD-018,2,2024-03-16
KBD-018,5,2024-03-17
KBD-018,4,2024-03-18
KBD-018,5,2024-03-19
KBD-018,8,2024-03-20
KBD-018,4,2024-03-21
KBD-018,4,2024-03-22
KBD-018,4,2024-03-23
KBD-018,4,2024-03-24
KBD-018,6,2024-03-25
KBD-018,6,2024-03-26
KBD-018,4,2024-03-27
KBD-018,2,2024-03-28
KBD-018,4,2024-03-29
KBD-018,3,2024-03-30
KBD-018,4,2024-03-31
KBD-018,6,2024-04-01
KBD-018,2,2024-04-02
KBD-018,3,2024-04-03
KBD-018,5,2024-04-04
KBD-018,5,2024-04-05
KBD-018,2,2024-04-06
KBD-018,1,2024-04-07
KBD-018,1,2024-04-08
KBD-018,6,2024-04-09
KBD-018,3,2024-04-10
KBD-018,5,2024-04-11
KBD-018,2,2024-04-12
KBD-018,6,2024-04-13
KBD-018,4,2024-04-14
KBD-018,5,2024-04-15
KBD-018,4,2024-04-16
KBD-018,6,2024-04-17
KBD-018,3,2024-04-18
KBD-018,2,2024-04-19
KBD-018,3,2024-04-21
KBD-018,5,2024-04-22
KBD-018,7,2024-04-23
KBD-018,5,2024-04-24
KBD-018,4,2024-04-25
KBD-018,3,2024-04-26
KBD-018,4,2024-04-27
KBD-018,2,2024-04-28
KBD-018,3,2024-04-29
KBD-018,3,2024-04-30
KBD-018,3,2024-05-01
KBD-018,2,2024-05-02
KBD-018,3,2024-05-03
KBD-018,5,2024-05-04
KBD-018,3,2024-05-05
KBD-018,7,2024-05-06
KBD-018,3,2024-05-07
KBD-018,3,2024-05-08
KBD-018,1,2024-05-09
KBD-018,5,2024-05-10
KBD-018,7,2024-05-11
KBD-018,3,2024-05-12
KBD-018,4,2024-05-13
KBD-018,6,2024-05-14
KBD-018,2,2024-05-15
KBD-018,5,2024-05-16
KBD-018,2,2024-05-17
KBD-018,5,2024-05-18
KBD-018,1,2024-05-19
KBD-018,1,2024-05-21
KBD-018,5,2024-05-22
KBD-018,5,2024-05-23
KBD-018,2,2024-05-24
KBD-018,6,2024-05-25
KBD-018,4,2024-05-26
KBD-018,3,2024-05-28
KBD-018,3,2024-05-29
KBD-018,4,2024-05-30
KBD-018,3,2024-05-31
KBD-018,7,2024-06-01
KBD-018,1,2024-06-02
KBD-018,2,2024-06-03
KBD-018,2,2024-06-04
KBD-018,5,2024-06-05
KBD-018,2,2024-06-06
KBD-018,4,2024-06-07
KBD-018,2,2024-06-08
KBD-018,3,2024-06-09
KBD-018,3,2024-06-10
KBD-018,5,2024-06-11
KBD-018,5,2024-06-12
KBD-018,6,2024-06-13
KBD-018,6,2024-06-14
KBD-018,3,2024-06-15
KBD-018,3,2024-06-16
KBD-018,6,2024-06-17
KBD-018,5,2024-06-18
KBD-018,3,2024-06-19
KBD-018,8,2024-06-20
KBD-018,1,2024-06-21
KBD-018,2,2024-06-22
KBD-018,9,2024-06-23
KBD-018,5,2024-06-24
KBD-018,7,2024-06-25
KBD-018,7,2024-06-26
KBD-018,2,2024-06-27
KBD-018,3,2024-06-28
KBD-018,3,2024-06-29
KBD-018,7,2024-06-30
KBD-018,4,2024-07-01
KBD-018,2,2024-07-02
KBD-018,4,2024-07-03
KBD-018,6,2024-07-04
KBD-018,4,2024-07-05
KBD-018,3,2024-07-06
KBD-018,2,2024-07-07
KBD-018,6,2024-07-08
KBD-018,3,2024-07-09
KBD-018,4,2024-07-10
KBD-018,1,2024-07-11
KBD-018,9,2024-07-12
KBD-018,4,2024-07-13
KBD-018,2,2024-07-14
KBD-018,2,2024-07-15
KBD-018,4,2024-07-16
KBD-018,2,2024-07-17
KBD-018,4,2024-07-18
KBD-018,2,2024-07-19
KBD-018,1,2024-07-20
KBD-018,7,2024-07-21
KBD-018,3,2024-07-22
KBD-018,3,2024-07-23
KBD-018,4,2024-07-24
KBD-018,6,2024-07-25
KBD-018,3,2024-07-26
KBD-018,3,2024-07-27
KBD-018,5,2024-07-28
KBD-018,6,2024-07-29
KBD-018,3,2024-07-30
KBD-018,2,2024-07-31
KBD-018,2,2024-08-01
KBD-018,4,2024-08-02
KBD-018,7,2024-08-03
KBD-018,7,2024-08-04
KBD-018,2,2024-08-05
KBD-018,6,2024-08-06
KBD-018,1,2024-08-07
KBD-018,4,2024-08-08
KBD-018,4,2024-08-09
KBD-018,5,2024-08-10
KBD-018,4,2024-08-11
KBD-018,5,2024-08-12
KBD-018,4,2024-08-13
KBD-018,5,2024-08-14
KBD-018,6,2024-08-15
KBD-018,1,2024-08-16
KBD-018,5,2024-08-17
KBD-018,8,2024-08-18
KBD-018,3,2024-08-19
KBD-018,2,2024-08-20
KBD-018,4,2024-08-21
KBD-018,4,2024-08-22
KBD-018,2,2024-08-23
KBD-018,2,2024-08-24
KBD-018,2,2024-08-25
KBD-018,7,2024-08-26
KBD-018,7,2024-08-27
KBD-018,2,2024-08-28
KBD-018,2,2024-08-29
KBD-018,5,2024-08-30
KBD-018,4,2024-08-31
KBD-018,1,2024-09-01
KBD-018,2,2024-09-02
KBD-018,4,2024-09-03
KBD-018,4,2024-09-04
KBD-018,2,2024-09-05
KBD-018,2,2024-09-06
KBD-018,4,2024-09-07
KBD-018,6,2024-09-08
KBD-018,6,2024-09-09
KBD-018,3,2024-09-10
KBD-018,4,2024-09-11
KBD-018,2,2024-09-12
KBD-018,3,2024-09-13
KBD-018,3,2024-09-14
KBD-018,4,2024-09-15
KBD-018,3,2024-09-16
KBD-018,3,2024-09-17
KBD-018,6,2024-09-18
KBD-018,2,2024-09-19
KBD-018,5,2024-09-20
KBD-018,4,2024-09-21
KBD-018,3,2024-09-22
KBD-018,8,2024-09-23
KBD-018,10,2024-09-24
KBD-018,4,2024-09-25
KBD-018,7,2024-09-26
KBD-018,3,2024-09-27
KBD-018,6,2024-09-28
KBD-018,3,2024-09-29
KBD-018,6,2024-09-30
KBD-018,3,2024-10-01
KBD-018,6,2024-10-02
KBD-018,3,2024-10-03
KBD-018,5,2024-10-04
KBD-018,6,2024-10-05
KBD-018,7,2024-10-06
KBD-018,6,2024-10-07
KBD-018,2,2024-10-08
KBD-018,1,2024-10-09
KBD-018,4,2024-10-10
KBD-018,2,2024-10-11
KBD-018,5,2024-10-12
KBD-018,1,2024-10-13
KBD-018,5,2024-10-14
KBD-018,4,2024-10-15
KBD-018,4,2024-10-16
KBD-018,5,2024-10-17
KBD-018,1,2024-10-18
KBD-018,5,2024-10-19
KBD-018,3,2024-10-20
KBD-018,5,2024-10-21
KBD-018,4,2024-10-22
KBD-018,3,2024-10-23
KBD-018,2,2024-10-24
KBD-018,5,2024-10-25
KBD-018,6,2024-10-26
KBD-018,5,2024-10-27
KBD-018,11,2024-10-28
KBD-018,2,2024-10-29
KBD-018,3,2024-10-30
KBD-018,2,2024-10-31
KBD-018,10,2024-11-01
KBD-018,6,2024-11-02
KBD-018,4,2024-11-03
KBD-018,5,2024-11-04
KBD-018,2,2024-11-05
KBD-018,1,2024-11-06
KBD-018,5,2024-11-07
KBD-018,7,2024-11-08
KBD-018,9,2024-11-09
KBD-018,6,2024-11-10
KBD-018,5,2024-11-11
KBD-018,10,2024-11-12
KBD-018,3,2024-11-13
KBD-018,6,2024-11-14
KBD-018,1,2024-11-15
KBD-018,5,2024-11-16
KBD-018,5,2024-11-17
KBD-018,1,2024-11-18
KBD-018,5,2024-11-19
KBD-018,5,2024-11-20
KBD-018,5,2024-11-21
KBD-018,5,2024-11-22
KBD-018,4,2024-11-23
KBD-018,3,2024-11-24
KBD-018,2,2024-11-25
KBD-018,9,2024-11-26
KBD-018,5,2024-11-27
KBD-018,2,2024-11-28
KBD-018,1,2024-11-29
KBD-018,6,2024-11-30
KBD-018,6,2024-12-01
KBD-018,2,2024-12-02
KBD-018,7,2024-12-03
KBD-018,6,2024-12-04
KBD-018,5,2024-12-05
KBD-018,7,2024-12-06
KBD-018,4,2024-12-07
KBD-018,5,2024-12-08
KBD-018,2,2024-12-09
KBD-018,2,2024-12-11
KBD-018,1,2024-12-12
KBD-018,6,2024-12-13
KBD-018,5,2024-12-14
KBD-018,5,2024-12-15
KBD-018,1,2024-12-16
KBD-018,5,2024-12-17
KBD-018,4,2024-12-18
KBD-018,4,2024-12-19
KBD-018,6,2024-12-20
KBD-018,2,2024-12-21
KBD-018,5,2024-12-22
KBD-018,4,2024-12-23
KBD-018,4,2024-12-24
KBD-018,5,2024-12-25
KBD-018,7,2024-12-26
KBD-018,4,2024-12-27
KBD-018,5,2024-12-28
KBD-018,6,2024-12-29
KBD-018,6,2024-12-30
KBD-018,2,2024-12-31
KBD-018,3,2025-01-01
KBD-018,5,2025-01-02
KBD-018,2,2025-01-03
KBD-018,3,2025-01-04
KBD-018,4,2025-01-05
KBD-018,5,2025-01-06
KBD-018,7,2025-01-07
KBD-018,1,2025-01-08
KBD-018,6,2025-01-09
KBD-018,10,2025-01-10
KBD-018,4,2025-01-11
KBD-018,3,2025-01-12
KBD-018,7,2025-01-13
KBD-018,1,2025-01-14
KBD-018,1,2025-01-15
KBD-018,2,2025-01-17
KBD-018,3,2025-01-18
KBD-018,5,2025-01-19
KBD-018,2,2025-01-20
KBD-018,4,2025-01-21
KBD-018,2,2025-01-22
KBD-018,6,2025-01-23
KBD-018,2,2025-01-24
KBD-018,2,2025-01-25
KBD-018,4,2025-01-26
KBD-018,5,2025-01-27
KBD-018,3,2025-01-28
KBD-018,6,2025-01-29
KBD-018,5,2025-01-30
KBD-018,5,2025-01-31
KBD-018,6,2025-02-01
KBD-018,1,2025-02-02
KBD-018,4,2025-02-03
KBD-018,4,2025-02-04
KBD-018,2,2025-02-05
KBD-018,5,2025-02-06
KBD-018,7,2025-02-07
KBD-018,3,2025-02-08
KBD-018,2,2025-02-09
KBD-018,5,2025-02-10
KBD-018,2,2025-02-11
KBD-018,5,2025-02-12
KBD-018,3,2025-02-13
KBD-018,6,2025-02-14
KBD-018,1,2025-02-15
KBD-018,1,2025-02-16
KBD-018,3,2025-02-17
KBD-018,5,2025-02-18
KBD-018,3,2025-02-19
KBD-018,3,2025-02-20
KBD-018,3,2025-02-21
KBD-018,2,2025-02-22
KBD-018,9,2025-02-23
KBD-018,5,2025-02-24
KBD-018,4,2025-02-25
KBD-018,10,2025-02-26
KBD-018,5,2025-02-27
KBD-018,4,2025-02-28
KBD-018,1,2025-03-01
KBD-018,5,2025-03-02
KBD-018,5,2025-03-03
KBD-018,6,2025-03-04
KBD-018,10,2025-03-05
KBD-018,4,2025-03-06
KBD-018,2,2025-03-07
KBD-018,1,2025-03-08
KBD-018,5,2025-03-09
KBD-018,3,2025-03-10
KBD-018,3,2025-03-13
KBD-018,3,2025-03-14
KBD-018,3,2025-03-15
KBD-018,6,2025-03-16
KBD-018,4,2025-03-17
KBD-018,5,2025-03-18
KBD-018,3,2025-03-19
KBD-018,4,2025-03-20
KBD-018,2,2025-03-21
KBD-018,4,2025-03-22
KBD-018,4,2025-03-23
KBD-018,5,2025-03-24
KBD-018,6,2025-03-25
KBD-018,6,2025-03-26
KBD-018,2,2025-03-27
KBD-018,5,2025-03-28
KBD-018,1,2025-03-29
KBD-018,5,2025-03-30
KBD-018,2,2025-03-31
KBD-018,2,2025-04-01
KBD-018,2,2025-04-02
KBD-018,2,2025-04-03
KBD-018,3,2025-04-04
KBD-018,5,2025-04-05
KBD-018,6,2025-04-06
KBD-018,7,2025-04-07
KBD-018,2,2025-04-08
KBD-018,5,2025-04-09
KBD-018,6,2025-04-10
KBD-018,4,2025-04-11
KBD-018,3,2025-04-12
KBD-018,4,2025-04-13
KBD-018,9,2025-04-14
KBD-018,1,2025-04-15
KBD-018,4,2025-04-16
KBD-018,4,2025-04-17
KBD-018,6,2025-04-18
KBD-018,3,2025-04-19
KBD-018,5,2025-04-20
KBD-018,7,2025-04-21
KBD-018,3,2025-04-22
KBD-018,4,2025-04-23
KBD-018,3,2025-04-24
KBD-018,5,2025-04-25
KBD-018,3,2025-04-26
KBD-018,3,2025-04-27
KBD-018,3,2025-04-28
KBD-018,3,2025-04-29
KBD-018,2,2025-05-01
KBD-018,5,2025-05-02
KBD-018,6,2025-05-03
KBD-018,4,2025-05-05
KBD-018,1,2025-05-06
KBD-018,6,2025-05-07
KBD-018,2,2025-05-08
KBD-018,3,2025-05-09
KBD-018,2,2025-05-10
KBD-018,2,2025-05-11
KBD-018,3,2025-05-12
KBD-018,4,2025-05-13
KBD-018,6,2025-05-14
KBD-018,8,2025-05-15
KBD-018,5,2025-05-16
KBD-018,10,2025-05-17
KBD-018,3,2025-05-18
KBD-018,2,2025-05-19
KBD-018,7,2025-05-20
KBD-018,5,2025-05-21
KBD-018,2,2025-05-22
KBD-018,3,2025-05-23
KBD-018,6,2025-05-24
KBD-018,3,2025-05-25
KBD-018,6,2025-05-26
KBD-018,3,2025-05-27
KBD-018,2,2025-05-28
KBD-018,4,2025-05-29
KBD-018,5,2025-05-30
KBD-018,3,2025-05-31
KBD-018,2,2025-06-01
KBD-018,3,2025-06-02
KBD-018,7,2025-06-03
KBD-018,4,2025-06-04
KBD-018,8,2025-06-05
KBD-018,5,2025-06-06
KBD-018,5,2025-06-07
KBD-018,2,2025-06-08
KBD-018,5,2025-06-09
KBD-018,6,2025-06-10
KBD-018,4,2025-06-11
KBD-018,2,2025-06-12
KBD-018,4,2025-06-13
KBD-018,11,2025-06-14
KBD-018,4,2025-06-15
KBD-018,4,2025-06-16
KBD-018,4,2025-06-17
KBD-018,4,2025-06-18
KBD-018,4,2025-06-19
KBD-018,5,2025-06-20
KBD-018,5,2025-06-21
KBD-018,2,2025-06-22
KBD-018,2,2025-06-23
KBD-018,4,2025-06-24
KBD-018,2,2025-06-25
KBD-018,3,2025-06-26
KBD-018,5,2025-06-27
KBD-018,3,2025-06-28
KBD-018,6,2025-06-29
KBD-018,6,2025-06-30
KBD-018,4,2025-07-01
KBD-018,4,2025-07-02
KBD-018,4,2025-07-03
KBD-018,7,2025-07-04
KBD-018,2,2025-07-05
KBD-018,3,2025-07-06
KBD-018,5,2025-07-07
KBD-018,7,2025-07-08
KBD-018,2,2025-07-09
KBD-018,7,2025-07-11
KBD-018,5,2025-07-12
KBD-018,5,2025-07-13
KBD-018,3,2025-07-14
KBD-018,4,2025-07-15
KBD-018,3,2025-07-16
KBD-018,4,2025-07-17
KBD-018,1,2025-07-18
KBD-018,5,2025-07-19
KBD-018,2,2025-07-20
KBD-018,7,2025-07-21
KBD-018,5,2025-07-22
KBD-018,3,2025-07-23
KBD-018,10,2025-07-24
KBD-018,2,2025-07-25
KBD-018,6,2025-07-26
KBD-018,2,2025-07-27
KBD-018,4,2025-07-29
KBD-018,3,2025-07-30
KBD-018,2,2025-07-31
KBD-018,5,2025-08-01
KBD-018,3,2025-08-02
KBD-018,3,2025-08-03
KBD-018,5,2025-08-04
KBD-018,2,2025-08-05
KBD-018,3,2025-08-06
KBD-018,4,2025-08-07
KBD-018,5,2025-08-08
KBD-018,4,2025-08-09
KBD-018,2,2025-08-10
KBD-018,4,2025-08-12
KBD-018,2,2025-08-13
KBD-018,7,2025-08-14
KBD-018,5,2025-08-15
KBD-018,3,2025-08-16
KBD-018,3,2025-08-17
KBD-018,6,2025-08-18
KBD-018,4,2025-08-19
KBD-018,6,2025-08-20
KBD-018,5,2025-08-21
KBD-018,7,2025-08-22
KBD-018,3,2025-08-23
KBD-018,3,2025-08-24
KBD-018,7,2025-08-25
KBD-018,1,2025-08-26
KBD-018,4,2025-08-27
KBD-018,9,2025-08-28
KBD-018,5,2025-08-29
KBD-018,3,2025-08-30
KBD-018,6,2025-08-31
KBD-018,3,2025-09-01
KBD-018,5,2025-09-02
KBD-018,1,2025-09-03
KBD-018,5,2025-09-04
KBD-018,4,2025-09-05
KBD-018,5,2025-09-06
KBD-018,9,2025-09-07
KBD-018,5,2025-09-08
KBD-018,7,2025-09-09
KBD-018,5,2025-09-10
KBD-018,8,2025-09-11
KBD-018,2,2025-09-12
KBD-018,6,2025-09-13
KBD-018,6,2025-09-14
KBD-018,5,2025-09-15
KBD-018,5,2025-09-16
KBD-018,2,2025-09-17
KBD-018,4,2025-09-18
KBD-018,1,2025-09-19
KBD-018,5,2025-09-20
KBD-018,3,2025-09-21
KBD-018,4,2025-09-22
KBD-018,6,2025-09-23
KBD-018,5,2025-09-24
KBD-018,5,2025-09-25
KBD-018,4,2025-09-26
KBD-018,4,2025-09-27
KBD-018,6,2025-09-28
KBD-018,3,2025-09-29
KBD-018,3,2025-09-30
KBD-018,4,2025-10-01
KBD-018,3,2025-10-02
KBD-018,4,2025-10-03
KBD-018,5,2025-10-04
KBD-018,4,2025-10-05
KBD-018,1,2025-10-06
KBD-018,3,2025-10-07
KBD-018,4,2025-10-08
KBD-018,5,2025-10-09
KBD-018,3,2025-10-10
KBD-018,3,2025-10-11
KBD-018,3,2025-10-12
KBD-018,5,2025-10-13
KBD-018,3,2025-10-14
KBD-018,6,2025-10-15
KBD-018,6,2025-10-16
KBD-018,5,2025-10-17
KBD-018,8,2025-10-18
KBD-018,4,2025-10-19
KBD-018,9,2025-10-20
KBD-018,5,2025-10-21
KBD-018,7,2025-10-22
KBD-018,1,2025-10-23
KBD-018,7,2025-10-24
KBD-018,2,2025-10-25
KBD-018,4,2025-10-26
KBD-018,2,2025-10-27
KBD-018,2,2025-10-28
KBD-018,3,2025-10-29
KBD-018,7,2025-10-30
KBD-018,7,2025-10-31
KBD-018,4,2025-11-01
KBD-018,7,2025-11-02
KBD-018,2,2025-11-03
KBD-018,2,2025-11-04
KBD-018,4,2025-11-05
KBD-018,2,2025-11-06
KBD-018,3,2025-11-07
KBD-018,3,2025-11-08
KBD-018,2,2025-11-09
KBD-018,5,2025-11-10
KBD-018,6,2025-11-11
KBD-018,4,2025-11-12
KBD-018,5,2025-11-13
KBD-018,5,2025-11-14
KBD-018,6,2025-11-15
KBD-018,2,2025-11-16
KBD-018,8,2025-11-17
KBD-018,3,2025-11-18
KBD-018,4,2025-11-19
KBD-018,4,2025-11-20
KBD-018,2,2025-11-21
KBD-018,5,2025-11-22
KBD-018,4,2025-11-23
KBD-018,4,2025-11-24
KBD-018,3,2025-11-25
KBD-018,5,2025-11-26
KBD-018,6,2025-11-27
KBD-018,2,2025-11-28
KBD-018,5,2025-11-29
KBD-018,7,2025-11-30
KBD-018,5,2025-12-01
KBD-018,7,2025-12-02
KBD-018,3,2025-12-03
KBD-018,8,2025-12-04
KBD-018,5,2025-12-05
KBD-018,4,2025-12-06
KBD-018,6,2025-12-07
KBD-018,4,2025-12-08
KBD-018,1,2025-12-09
KBD-018,2,2025-12-10
KBD-018,2,2025-12-11
KBD-018,2,2025-12-12
KBD-018,4,2025-12-13
KBD-018,3,2025-12-14
KBD-018,5,2025-12-15
KBD-018,5,2025-12-16
KBD-018,9,2025-12-17
KBD-018,6,2025-12-18
KBD-018,4,2025-12-19
KBD-018,2,2025-12-20
KBD-018,5,2025-12-21
KBD-018,3,2025-12-22
KBD-018,9,2025-12-23
KBD-018,3,2025-12-24
KBD-018,5,2025-12-25
KBD-018,3,2025-12-26
KBD-018,4,2025-12-27
KBD-018,6,2025-12-28
KBD-018,5,2025-12-29
KBD-018,2,2025-12-30
KBD-018,3,2025-12-31
KBD-018,6,2026-01-01
KBD-018,3,2026-01-02
KBD-018,4,2026-01-03
KBD-018,2,2026-01-04
KBD-018,5,2026-01-05
KBD-018,1,2026-01-06
KBD-018,5,2026-01-07
KBD-018,7,2026-01-08
KBD-018,3,2026-01-09
KBD-018,2,2026-01-10
KBD-018,1,2026-01-11
KBD-018,6,2026-01-12
KBD-018,3,2026-01-13
KBD-018,1,2026-01-14
KBD-018,5,2026-01-15
KBD-018,4,2026-01-16
KBD-018,2,2026-01-17
KBD-018,1,2026-01-18
KBD-018,1,2026-01-19
KBD-018,4,2026-01-20
KBD-018,5,2026-01-21
KBD-018,7,2026-01-22
KBD-018,2,2026-01-23
KBD-018,7,2026-01-24
KBD-018,5,2026-01-25
CHR-019,1,2023-01-26
CHR-019,1,2023-02-08
CHR-019,1,2023-02-12
CHR-019,2,2023-02-17
CHR-019,1,2023-02-19
CHR-019,2,2023-02-21
CHR-019,1,2023-02-26
CHR-019,1,2023-02-27
CHR-019,1,2023-03-01
CHR-019,2,2023-03-03
CHR-019,1,2023-03-08
CHR-019,1,2023-03-10
CHR-019,1,2023-03-11
CHR-019,1,2023-03-12
CHR-019,1,2023-03-13
CHR-019,1,2023-03-14
CHR-019,2,2023-03-15
CHR-019,2,2023-03-16
CHR-019,1,2023-03-17
CHR-019,1,2023-03-20
CHR-019,1,2023-03-23
CHR-019,1,2023-03-25
CHR-019,1,2023-03-28
CHR-019,1,2023-03-31
CHR-019,1,2023-04-02
CHR-019,2,2023-04-04
CHR-019,1,2023-04-05
CHR-019,1,2023-04-10
CHR-019,1,2023-04-14
CHR-019,1,2023-04-15
CHR-019,1,2023-04-18
CHR-019,2,2023-04-21
CHR-019,1,2023-04-25
CHR-019,1,2023-04-27
CHR-019,1,2023-04-29
CHR-019,1,2023-04-30
CHR-019,1,2023-05-02
CHR-019,1,2023-05-03
CHR-019,1,2023-05-08
CHR-019,1,2023-05-11
CHR-019,1,2023-05-12
CHR-019,2,2023-05-13
CHR-019,1,2023-05-17
CHR-019,1,2023-05-18
CHR-019,1,2023-05-20
CHR-019,1,2023-05-22
CHR-019,2,2023-05-23
CHR-019,1,2023-05-24
CHR-019,1,2023-05-30
CHR-019,1,2023-05-31
CHR-019,1,2023-06-02
CHR-019,1,2023-06-03
CHR-019,1,2023-06-04
CHR-019,1,2023-06-05
CHR-019,1,2023-06-06
CHR-019,1,2023-06-07
CHR-019,1,2023-06-11
CHR-019,2,2023-06-18
CHR-019,1,2023-06-23
CHR-019,2,2023-06-24
CHR-019,1,2023-07-07
CHR-019,1,2023-07-09
CHR-019,1,2023-07-10
CHR-019,2,2023-07-12
CHR-019,2,2023-07-13
CHR-019,1,2023-07-14
CHR-019,1,2023-07-19
CHR-019,1,2023-07-20
CHR-019,1,2023-07-25
CHR-019,1,2023-07-29
CHR-019,1,2023-07-31
CHR-019,1,2023-08-02
CHR-019,1,2023-08-05
CHR-019,1,2023-08-09
CHR-019,1,2023-08-10
CHR-019,1,2023-08-13
CHR-019,1,2023-08-20
CHR-019,2,2023-08-23
CHR-019,1,2023-08-25
CHR-019,2,2023-08-29
CHR-019,1,2023-09-01
CHR-019,2,2023-09-07
CHR-019,1,2023-09-10
CHR-019,2,2023-09-12
CHR-019,2,2023-09-13
CHR-019,1,2023-09-18
CHR-019,2,2023-09-19
CHR-019,1,2023-09-20
CHR-019,2,2023-09-24
CHR-019,1,2023-09-26
CHR-019,2,2023-09-27
CHR-019,1,2023-09-28
CHR-019,1,2023-09-29
CHR-019,2,2023-10-01
CHR-019,2,2023-10-02
CHR-019,2,2023-10-03
CHR-019,1,2023-10-05
CHR-019,1,2023-10-06
CHR-019,1,2023-10-11
CHR-019,2,2023-10-12
CHR-019,2,2023-10-13
CHR-019,1,2023-10-15
CHR-019,2,2023-10-16
CHR-019,2,2023-10-19
CHR-019,1,2023-10-21
CHR-019,1,2023-10-22
CHR-019,1,2023-10-23
CHR-019,1,2023-10-24
CHR-019,1,2023-10-30
CHR-019,1,2023-11-01
CHR-019,1,2023-11-02
CHR-019,2,2023-11-04
CHR-019,2,2023-11-05
CHR-019,1,2023-11-09
CHR-019,2,2023-11-11
CHR-019,1,2023-11-12
CHR-019,1,2023-11-14
CHR-019,2,2023-11-16
CHR-019,1,2023-11-17
CHR-019,1,2023-11-19
CHR-019,1,2023-11-20
CHR-019,1,2023-11-21
CHR-019,2,2023-11-24
CHR-019,1,2023-11-26
CHR-019,1,2023-11-28
CHR-019,2,2023-11-29
CHR-019,1,2023-11-30
CHR-019,2,2023-12-03
CHR-019,3,2023-12-04
CHR-019,2,2023-12-07
CHR-019,2,2023-12-12
CHR-019,1,2023-12-14
CHR-019,1,2023-12-19
CHR-019,1,2023-12-23
CHR-019,1,2023-12-24
CHR-019,2,2023-12-26
CHR-019,1,2023-12-28
CHR-019,1,2023-12-31
CHR-019,1,2024-01-01
CHR-019,1,2024-01-10
CHR-019,2,2024-01-15
CHR-019,1,2024-01-18
CHR-019,1,2024-01-19
CHR-019,2,2024-01-21
CHR-019,1,2024-01-26
CHR-019,1,2024-01-27
CHR-019,1,2024-02-02
CHR-019,1,2024-02-04
CHR-019,1,2024-02-09
CHR-019,1,2024-02-14
CHR-019,1,2024-02-17
CHR-019,3,2024-02-19
CHR-019,1,2024-02-20
CHR-019,1,2024-02-22
CHR-019,1,2024-02-24
CHR-019,1,2024-02-25
CHR-019,1,2024-03-01
CHR-019,1,2024-03-03
CHR-019,2,2024-03-04
CHR-019,1,2024-03-07
CHR-019,1,2024-03-08
CHR-019,2,2024-03-09
CHR-019,1,2024-03-10
CHR-019,1,2024-03-14
CHR-019,2,2024-03-15
CHR-019,1,2024-03-18
CHR-019,1,2024-03-20
CHR-019,3,2024-03-22
CHR-019,1,2024-03-23
CHR-019,1,2024-03-24
CHR-019,1,2024-03-25
CHR-019,1,2024-03-26
CHR-019,2,2024-03-27
CHR-019,1,2024-03-29
CHR-019,4,2024-03-31
CHR-019,2,2024-04-05
CHR-019,1,2024-04-12
CHR-019,1,2024-04-15
CHR-019,2,2024-04-17
CHR-019,1,2024-04-18
CHR-019,2,2024-04-23
CHR-019,2,2024-04-24
CHR-019,2,2024-04-25
CHR-019,1,2024-04-30
CHR-019,1,2024-05-01
CHR-019,1,2024-05-03
CHR-019,1,2024-05-07
CHR-019,1,2024-05-08
CHR-019,1,2024-05-14
CHR-019,1,2024-05-17
CHR-019,1,2024-05-20
CHR-019,3,2024-05-21
CHR-019,1,2024-05-22
CHR-019,2,2024-05-31
CHR-019,1,2024-06-03
CHR-019,1,2024-06-04
CHR-019,1,2024-06-06
CHR-019,1,2024-06-08
CHR-019,1,2024-06-09
CHR-019,1,2024-06-11
CHR-019,1,2024-06-12
CHR-019,1,2024-06-13
CHR-019,1,2024-06-14
CHR-019,1,2024-06-15
CHR-019,1,2024-06-17
CHR-019,2,2024-06-18
CHR-019,1,2024-06-23
CHR-019,1,2024-06-25
CHR-019,1,2024-06-26
CHR-019,1,2024-06-27
CHR-019,2,2024-07-03
CHR-019,1,2024-07-04
CHR-019,1,2024-07-06
CHR-019,1,2024-07-09
CHR-019,1,2024-07-10
CHR-019,1,2024-07-13
CHR-019,1,2024-07-14
CHR-019,1,2024-07-15
CHR-019,1,2024-07-18
CHR-019,2,2024-07-22
CHR-019,1,2024-07-23
CHR-019,2,2024-07-24
CHR-019,1,2024-07-27
CHR-019,2,2024-07-29
CHR-019,2,2024-07-30
CHR-019,1,2024-08-03
CHR-019,1,2024-08-04
CHR-019,2,2024-08-05
CHR-019,1,2024-08-09
CHR-019,1,2024-08-12
CHR-019,1,2024-08-13
CHR-019,1,2024-08-16
CHR-019,1,2024-08-19
CHR-019,1,2024-08-21
CHR-019,1,2024-08-22
CHR-019,1,2024-08-26
CHR-019,1,2024-08-29
CHR-019,1,2024-08-31
CHR-019,1,2024-09-04
CHR-019,1,2024-09-05
CHR-019,1,2024-09-06
CHR-019,1,2024-09-07
CHR-019,1,2024-09-08
CHR-019,2,2024-09-13
CHR-019,2,2024-09-15
CHR-019,1,2024-09-21
CHR-019,1,2024-09-22
CHR-019,1,2024-10-05
CHR-019,2,2024-10-07
CHR-019,1,2024-10-08
CHR-019,2,2024-10-09
CHR-019,1,2024-10-14
CHR-019,2,2024-10-15
CHR-019,1,2024-10-16
CHR-019,1,2024-10-18
CHR-019,1,2024-10-23
CHR-019,2,2024-10-25
CHR-019,1,2024-10-27
CHR-019,1,2024-10-30
CHR-019,1,2024-11-01
CHR-019,1,2024-11-03
CHR-019,1,2024-11-07
CHR-019,1,2024-11-10
CHR-019,1,2024-11-11
CHR-019,1,2024-11-13
CHR-019,1,2024-11-14
CHR-019,2,2024-11-16
CHR-019,1,2024-11-19
CHR-019,1,2024-11-25
CHR-019,1,2024-11-26
CHR-019,2,2024-11-27
CHR-019,3,2024-11-28
CHR-019,1,2024-11-29
CHR-019,1,2024-12-01
CHR-019,1,2024-12-06
CHR-019,2,2024-12-08
CHR-019,1,2024-12-09
CHR-019,1,2024-12-13
CHR-019,2,2024-12-14
CHR-019,1,2024-12-17
CHR-019,1,2024-12-19
CHR-019,1,2024-12-20
CHR-019,1,2024-12-27
CHR-019,1,2024-12-28
CHR-019,1,2024-12-30
CHR-019,1,2025-01-02
CHR-019,2,2025-01-09
CHR-019,1,2025-01-10
CHR-019,1,2025-01-12
CHR-019,1,2025-01-15
CHR-019,1,2025-01-16
CHR-019,2,2025-01-17
CHR-019,1,2025-01-20
CHR-019,1,2025-01-21
CHR-019,1,2025-01-23
CHR-019,1,2025-01-25
CHR-019,1,2025-01-26
CHR-019,1,2025-01-27
CHR-019,2,2025-01-28
CHR-019,1,2025-01-30
CHR-019,1,2025-02-03
CHR-019,3,2025-02-04
CHR-019,1,2025-02-10
CHR-019,1,2025-02-12
CHR-019,1,2025-02-13
CHR-019,1,2025-02-15
CHR-019,1,2025-02-18
CHR-019,1,2025-02-24
CHR-019,1,2025-02-28
CHR-019,1,2025-03-02
CHR-019,1,2025-03-03
CHR-019,1,2025-03-04
CHR-019,1,2025-03-05
CHR-019,1,2025-03-07
CHR-019,1,2025-03-09
CHR-019,1,2025-03-17
CHR-019,1,2025-03-18
CHR-019,1,2025-03-25
CHR-019,1,2025-04-03
CHR-019,1,2025-04-05
CHR-019,1,2025-04-06
CHR-019,1,2025-04-11
CHR-019,1,2025-04-13
CHR-019,1,2025-04-15
CHR-019,1,2025-04-17
CHR-019,2,2025-04-19
CHR-019,1,2025-04-20
CHR-019,1,2025-04-21
CHR-019,1,2025-04-22
CHR-019,1,2025-04-25
CHR-019,1,2025-04-26
CHR-019,1,2025-04-27
CHR-019,1,2025-04-29
CHR-019,1,2025-05-03
CHR-019,1,2025-05-06
CHR-019,2,2025-05-07
CHR-019,1,2025-05-09
CHR-019,1,2025-05-10
CHR-019,2,2025-05-14
CHR-019,1,2025-05-15
CHR-019,1,2025-05-16
CHR-019,1,2025-05-21
CHR-019,1,2025-05-25
CHR-019,1,2025-05-27
CHR-019,1,2025-05-31
CHR-019,1,2025-06-04
CHR-019,1,2025-06-05
CHR-019,1,2025-06-06
CHR-019,2,2025-06-12
CHR-019,1,2025-06-13
CHR-019,1,2025-06-15
CHR-019,1,2025-06-18
CHR-019,1,2025-06-20
CHR-019,1,2025-06-25
CHR-019,1,2025-06-27
CHR-019,2,2025-06-29
CHR-019,2,2025-07-03
CHR-019,1,2025-07-05
CHR-019,1,2025-07-08
CHR-019,1,2025-07-11
CHR-019,3,2025-07-12
CHR-019,1,2025-07-14
CHR-019,1,2025-07-16
CHR-019,1,2025-07-21
CHR-019,2,2025-07-26
CHR-019,1,2025-07-27
CHR-019,1,2025-07-28
CHR-019,1,2025-07-29
CHR-019,2,2025-07-30
CHR-019,1,2025-07-31
CHR-019,1,2025-08-01
CHR-019,1,2025-08-03
CHR-019,1,2025-08-12
CHR-019,2,2025-08-14
CHR-019,1,2025-08-15
CHR-019,1,2025-08-16
CHR-019,2,2025-08-18
CHR-019,1,2025-08-19
CHR-019,2,2025-08-23
CHR-019,1,2025-08-26
CHR-019,1,2025-08-28
CHR-019,2,2025-08-30
CHR-019,1,2025-09-01
CHR-019,1,2025-09-02
CHR-019,1,2025-09-06
CHR-019,2,2025-09-08
CHR-019,2,2025-09-10
CHR-019,1,2025-09-11
CHR-019,1,2025-09-12
CHR-019,1,2025-09-14
CHR-019,1,2025-09-15
CHR-019,1,2025-09-17
CHR-019,1,2025-09-21
CHR-019,1,2025-09-22
CHR-019,1,2025-09-23
CHR-019,1,2025-09-25
CHR-019,1,2025-09-26
CHR-019,1,2025-10-01
CHR-019,1,2025-10-02
CHR-019,1,2025-10-03
CHR-019,1,2025-10-08
CHR-019,1,2025-10-09
CHR-019,1,2025-10-10
CHR-019,1,2025-10-11
CHR-019,1,2025-10-13
CHR-019,1,2025-10-14
CHR-019,1,2025-10-17
CHR-019,1,2025-10-23
CHR-019,1,2025-10-25
CHR-019,2,2025-10-29
CHR-019,2,2025-10-30
CHR-019,2,2025-11-02
CHR-019,1,2025-11-03
CHR-019,1,2025-11-05
CHR-019,1,2025-11-08
CHR-019,1,2025-11-09
CHR-019,1,2025-11-17
CHR-019,1,2025-11-18
CHR-019,1,2025-11-22
CHR-019,3,2025-11-25
CHR-019,1,2025-11-30
CHR-019,1,2025-12-01
CHR-019,2,2025-12-04
CHR-019,2,2025-12-09
CHR-019,1,2025-12-10
CHR-019,1,2025-12-13
CHR-019,1,2025-12-16
CHR-019,1,2025-12-23
CHR-019,1,2025-12-24
CHR-019,1,2025-12-25
CHR-019,1,2025-12-28
CHR-019,1,2025-12-29
CHR-019,3,2026-01-01
CHR-019,1,2026-01-03
CHR-019,2,2026-01-05
CHR-019,2,2026-01-08
CHR-019,1,2026-01-09
CHR-019,1,2026-01-10
CHR-019,1,2026-01-18
CHR-019,1,2026-01-20
DSK-020,1,2023-01-26
DSK-020,2,2023-01-27
DSK-020,1,2023-01-29
DSK-020,2,2023-01-30
DSK-020,3,2023-01-31
DSK-020,4,2023-02-01
DSK-020,1,2023-02-02
DSK-020,4,2023-02-03
DSK-020,1,2023-02-04
DSK-020,3,2023-02-05
DSK-020,2,2023-02-06
DSK-020,3,2023-02-07
DSK-020,1,2023-02-08
DSK-020,1,2023-02-10
DSK-020,1,2023-02-13
DSK-020,1,2023-02-14
DSK-020,2,2023-02-15
DSK-020,1,2023-02-16
DSK-020,1,2023-02-17
DSK-020,1,2023-02-19
DSK-020,2,2023-02-20
DSK-020,1,2023-02-21
DSK-020,1,2023-02-25
DSK-020,1,2023-02-27
DSK-020,4,2023-02-28
DSK-020,2,2023-03-01
DSK-020,2,2023-03-03
DSK-020,1,2023-03-10
DSK-020,2,2023-03-11
DSK-020,2,2023-03-13
DSK-020,3,2023-03-14
DSK-020,1,2023-03-17
DSK-020,1,2023-03-19
DSK-020,1,2023-03-20
DSK-020,2,2023-03-21
DSK-020,1,2023-03-23
DSK-020,1,2023-03-24
DSK-020,2,2023-03-25
DSK-020,3,2023-03-27
DSK-020,2,2023-03-28
DSK-020,1,2023-03-29
DSK-020,1,2023-04-01
DSK-020,1,2023-04-02
DSK-020,1,2023-04-04
DSK-020,1,2023-04-07
DSK-020,1,2023-04-08
DSK-020,2,2023-04-09
DSK-020,1,2023-04-11
DSK-020,1,2023-04-12
DSK-020,1,2023-04-13
DSK-020,1,2023-04-14
DSK-020,1,2023-04-15
DSK-020,1,2023-04-16
DSK-020,1,2023-04-17
DSK-020,1,2023-04-18
DSK-020,2,2023-04-19
DSK-020,1,2023-04-21
DSK-020,2,2023-04-22
DSK-020,1,2023-04-23
DSK-020,2,2023-04-24
DSK-020,1,2023-04-25
DSK-020,1,2023-04-27
DSK-020,1,2023-04-30
DSK-020,2,2023-05-01
DSK-020,1,2023-05-03
DSK-020,1,2023-05-04
DSK-020,1,2023-05-05
DSK-020,1,2023-05-06
DSK-020,2,2023-05-09
DSK-020,1,2023-05-10
DSK-020,2,2023-05-11
DSK-020,1,2023-05-12
DSK-020,1,2023-05-14
DSK-020,2,2023-05-15
DSK-020,1,2023-05-17
DSK-020,1,2023-05-18
DSK-020,1,2023-05-19
DSK-020,1,2023-05-20
DSK-020,1,2023-05-22
DSK-020,2,2023-05-25
DSK-020,1,2023-05-27
DSK-020,2,2023-05-28
DSK-020,3,2023-05-31
DSK-020,3,2023-06-01
DSK-020,1,2023-06-02
DSK-020,3,2023-06-03
DSK-020,1,2023-06-06
DSK-020,1,2023-06-10
DSK-020,2,2023-06-12
DSK-020,2,2023-06-15
DSK-020,1,2023-06-16
DSK-020,1,2023-06-17
DSK-020,1,2023-06-18
DSK-020,1,2023-06-19
DSK-020,1,2023-06-20
DSK-020,3,2023-06-21
DSK-020,3,2023-06-22
DSK-020,1,2023-06-23
DSK-020,1,2023-06-24
DSK-020,1,2023-06-26
DSK-020,1,2023-06-27
DSK-020,2,2023-06-28
DSK-020,2,2023-06-30
DSK-020,1,2023-07-02
DSK-020,1,2023-07-05
DSK-020,1,2023-07-06
DSK-020,2,2023-07-09
DSK-020,1,2023-07-10
DSK-020,4,2023-07-11
DSK-020,1,2023-07-12
DSK-020,2,2023-07-13
DSK-020,1,2023-07-15
DSK-020,1,2023-07-16
DSK-020,1,2023-07-18
DSK-020,3,2023-07-20
DSK-020,2,2023-07-21
DSK-020,2,2023-07-22
DSK-020,1,2023-07-23
DSK-020,1,2023-07-24
DSK-020,1,2023-07-26
DSK-020,1,2023-07-27
DSK-020,1,2023-07-28
DSK-020,1,2023-07-30
DSK-020,1,2023-07-31
DSK-020,1,2023-08-01
DSK-020,1,2023-08-02
DSK-020,4,2023-08-03
DSK-020,2,2023-08-05
DSK-020,2,2023-08-07
DSK-020,2,2023-08-09
DSK-020,2,2023-08-11
DSK-020,1,2023-08-12
DSK-020,3,2023-08-14
DSK-020,1,2023-08-16
DSK-020,2,2023-08-17
DSK-020,1,2023-08-20
DSK-020,2,2023-08-21
DSK-020,1,2023-08-22
DSK-020,2,2023-08-23
DSK-020,2,2023-08-24
DSK-020,3,2023-08-25
DSK-020,2,2023-08-26
DSK-020,1,2023-08-27
DSK-020,1,2023-08-28
DSK-020,2,2023-08-30
DSK-020,4,2023-08-31
DSK-020,1,2023-09-02
DSK-020,1,2023-09-03
DSK-020,1,2023-09-04
DSK-020,1,2023-09-05
DSK-020,1,2023-09-07
DSK-020,2,2023-09-08
DSK-020,1,2023-09-10
DSK-020,1,2023-09-12
DSK-020,1,2023-09-13
DSK-020,1,2023-09-14
DSK-020,1,2023-09-17
DSK-020,2,2023-09-19
DSK-020,2,2023-09-21
DSK-020,1,2023-09-23
DSK-020,2,2023-09-24
DSK-020,1,2023-09-25
DSK-020,1,2023-09-27
DSK-020,1,2023-09-29
DSK-020,3,2023-09-30
DSK-020,1,2023-10-01
DSK-020,1,2023-10-03
DSK-020,1,2023-10-05
DSK-020,1,2023-10-06
DSK-020,3,2023-10-07
DSK-020,2,2023-10-10
DSK-020,3,2023-10-14
DSK-020,1,2023-10-15
DSK-020,2,2023-10-19
DSK-020,2,2023-10-20
DSK-020,1,2023-10-24
DSK-020,2,2023-10-25
DSK-020,3,2023-10-26
DSK-020,1,2023-10-27
DSK-020,2,2023-10-29
DSK-020,1,2023-11-01
DSK-020,2,2023-11-03
DSK-020,1,2023-11-04
DSK-020,4,2023-11-07
DSK-020,1,2023-11-09
DSK-020,3,2023-11-10
DSK-020,1,2023-11-11
DSK-020,2,2023-11-12
DSK-020,1,2023-11-13
DSK-020,1,2023-11-16
DSK-020,2,2023-11-17
DSK-020,2,2023-11-18
DSK-020,2,2023-11-19
DSK-020,1,2023-11-22
DSK-020,1,2023-11-23
DSK-020,1,2023-11-25
DSK-020,3,2023-11-26
DSK-020,2,2023-11-27
DSK-020,1,2023-11-29
DSK-020,3,2023-11-30
DSK-020,2,2023-12-01
DSK-020,1,2023-12-02
DSK-020,2,2023-12-03
DSK-020,1,2023-12-04
DSK-020,2,2023-12-05
DSK-020,3,2023-12-06
DSK-020,1,2023-12-07
DSK-020,1,2023-12-08
DSK-020,1,2023-12-09
DSK-020,1,2023-12-11
DSK-020,1,2023-12-13
DSK-020,2,2023-12-16
DSK-020,1,2023-12-19
DSK-020,1,2023-12-20
DSK-020,3,2023-12-21
DSK-020,1,2023-12-22
DSK-020,1,2023-12-24
DSK-020,2,2023-12-25
DSK-020,3,2023-12-26
DSK-020,1,2023-12-30
DSK-020,1,2024-01-03
DSK-020,1,2024-01-04
DSK-020,2,2024-01-07
DSK-020,1,2024-01-09
DSK-020,2,2024-01-10
DSK-020,1,2024-01-12
DSK-020,2,2024-01-13
DSK-020,2,2024-01-16
DSK-020,1,2024-01-18
DSK-020,1,2024-01-19
DSK-020,1,2024-01-20
DSK-020,2,2024-01-21
DSK-020,1,2024-01-22
DSK-020,1,2024-01-23
DSK-020,3,2024-01-25
DSK-020,1,2024-01-31
DSK-020,1,2024-02-01
DSK-020,1,2024-02-02
DSK-020,2,2024-02-04
DSK-020,1,2024-02-05
DSK-020,1,2024-02-07
DSK-020,5,2024-02-10
DSK-020,1,2024-02-11
DSK-020,1,2024-02-12
DSK-020,3,2024-02-15
DSK-020,1,2024-02-17
DSK-020,2,2024-02-19
DSK-020,1,2024-02-21
DSK-020,2,2024-02-22
DSK-020,2,2024-02-25
DSK-020,1,2024-02-26
DSK-020,1,2024-03-02
DSK-020,1,2024-03-03
DSK-020,3,2024-03-04
DSK-020,1,2024-03-05
DSK-020,2,2024-03-06
DSK-020,1,2024-03-07
DSK-020,1,2024-03-08
DSK-020,1,2024-03-09
DSK-020,1,2024-03-10
DSK-020,2,2024-03-11
DSK-020,1,2024-03-14
DSK-020,3,2024-03-17
DSK-020,2,2024-03-19
DSK-020,2,2024-03-20
DSK-020,1,2024-03-21
DSK-020,2,2024-03-23
DSK-020,2,2024-03-24
DSK-020,1,2024-03-25
DSK-020,1,2024-03-26
DSK-020,1,2024-03-29
DSK-020,1,2024-03-30
DSK-020,2,2024-03-31
DSK-020,1,2024-04-01
DSK-020,2,2024-04-02
DSK-020,2,2024-04-03
DSK-020,3,2024-04-06
DSK-020,2,2024-04-07
DSK-020,1,2024-04-08
DSK-020,1,2024-04-09
DSK-020,1,2024-04-10
DSK-020,1,2024-04-11
DSK-020,1,2024-04-12
DSK-020,1,2024-04-13
DSK-020,2,2024-04-14
DSK-020,1,2024-04-15
DSK-020,2,2024-04-16
DSK-020,1,2024-04-18
DSK-020,2,2024-04-21
DSK-020,3,2024-04-22
DSK-020,1,2024-04-23
DSK-020,2,2024-04-24
DSK-020,2,2024-04-25
DSK-020,1,2024-04-27
DSK-020,1,2024-04-29
DSK-020,1,2024-05-01
DSK-020,1,2024-05-02
DSK-020,2,2024-05-04
DSK-020,1,2024-05-05
DSK-020,1,2024-05-06
DSK-020,1,2024-05-08
DSK-020,2,2024-05-09
DSK-020,2,2024-05-10
DSK-020,3,2024-05-11
DSK-020,2,2024-05-13
DSK-020,1,2024-05-15
DSK-020,1,2024-05-16
DSK-020,1,2024-05-18
DSK-020,1,2024-05-19
DSK-020,2,2024-05-20
DSK-020,2,2024-05-21
DSK-020,1,2024-05-24
DSK-020,2,2024-05-25
DSK-020,1,2024-05-26
DSK-020,1,2024-05-27
DSK-020,1,2024-05-28
DSK-020,1,2024-05-31
DSK-020,1,2024-06-01
DSK-020,1,2024-06-03
DSK-020,1,2024-06-04
DSK-020,1,2024-06-05
DSK-020,3,2024-06-07
DSK-020,3,2024-06-09
DSK-020,1,2024-06-15
DSK-020,1,2024-06-16
DSK-020,1,2024-06-17
DSK-020,2,2024-06-20
DSK-020,5,2024-06-21
DSK-020,1,2024-06-22
DSK-020,1,2024-06-23
DSK-020,1,2024-06-25
DSK-020,1,2024-06-27
DSK-020,1,2024-06-28
DSK-020,1,2024-06-29
DSK-020,1,2024-06-30
DSK-020,2,2024-07-02
DSK-020,1,2024-07-03
DSK-020,1,2024-07-04
DSK-020,1,2024-07-05
DSK-020,1,2024-07-06
DSK-020,2,2024-07-07
DSK-020,1,2024-07-08
DSK-020,1,2024-07-10
DSK-020,2,2024-07-12
DSK-020,1,2024-07-14
DSK-020,2,2024-07-15
DSK-020,1,2024-07-17
DSK-020,1,2024-07-18
DSK-020,1,2024-07-19
DSK-020,3,2024-07-20
DSK-020,1,2024-07-21
DSK-020,3,2024-07-22
DSK-020,1,2024-07-24
DSK-020,1,2024-07-26
DSK-020,1,2024-07-27
DSK-020,3,2024-07-30
DSK-020,2,2024-07-31
DSK-020,2,2024-08-02
DSK-020,1,2024-08-03
DSK-020,1,2024-08-05
DSK-020,1,2024-08-07
DSK-020,1,2024-08-08
DSK-020,2,2024-08-11
DSK-020,3,2024-08-12
DSK-020,2,2024-08-13
DSK-020,1,2024-08-15
DSK-020,1,2024-08-17
DSK-020,1,2024-08-18
DSK-020,2,2024-08-20
DSK-020,4,2024-08-21
DSK-020,1,2024-08-22
DSK-020,2,2024-08-24
DSK-020,3,2024-08-25
DSK-020,1,2024-08-26
DSK-020,1,2024-08-27
DSK-020,3,2024-08-28
DSK-020,1,2024-08-29
DSK-020,3,2024-08-31
DSK-020,3,2024-09-01
DSK-020,1,2024-09-03
DSK-020,2,2024-09-05
DSK-020,1,2024-09-06
DSK-020,1,2024-09-08
DSK-020,1,2024-09-10
DSK-020,1,2024-09-11
DSK-020,1,2024-09-14
DSK-020,1,2024-09-17
DSK-020,1,2024-09-18
DSK-020,1,2024-09-20
DSK-020,2,2024-09-21
DSK-020,1,2024-09-22
DSK-020,2,2024-09-25
DSK-020,1,2024-09-27
DSK-020,2,2024-09-28
DSK-020,1,2024-09-29
DSK-020,1,2024-10-01
DSK-020,1,2024-10-02
DSK-020,3,2024-10-03
DSK-020,1,2024-10-04
DSK-020,3,2024-10-05
DSK-020,4,2024-10-06
DSK-020,1,2024-10-07
DSK-020,1,2024-10-08
DSK-020,2,2024-10-11
DSK-020,3,2024-10-12
DSK-020,2,2024-10-13
DSK-020,3,2024-10-15
DSK-020,1,2024-10-17
DSK-020,1,2024-10-18
DSK-020,2,2024-10-21
DSK-020,1,2024-10-24
DSK-020,2,2024-10-25
DSK-020,2,2024-10-28
DSK-020,1,2024-10-29
DSK-020,1,2024-10-30
DSK-020,1,2024-11-02
DSK-020,2,2024-11-03
DSK-020,2,2024-11-04
DSK-020,2,2024-11-05
DSK-020,1,2024-11-07
DSK-020,1,2024-11-08
DSK-020,1,2024-11-10
DSK-020,1,2024-11-12
DSK-020,3,2024-11-13
DSK-020,2,2024-11-14
DSK-020,1,2024-11-17
DSK-020,1,2024-11-19
DSK-020,2,2024-11-21
DSK-020,2,2024-11-22
DSK-020,2,2024-11-24
DSK-020,1,2024-11-25
DSK-020,2,2024-11-27
DSK-020,2,2024-11-29
DSK-020,1,2024-12-01
DSK-020,2,2024-12-03
DSK-020,1,2024-12-04
DSK-020,1,2024-12-05
DSK-020,3,2024-12-06
DSK-020,2,2024-12-07
DSK-020,2,2024-12-09
DSK-020,1,2024-12-12
DSK-020,1,2024-12-13
DSK-020,2,2024-12-15
DSK-020,1,2024-12-18
DSK-020,1,2024-12-19
DSK-020,1,2024-12-22
DSK-020,2,2024-12-23
DSK-020,1,2024-12-26
DSK-020,2,2024-12-27
DSK-020,1,2024-12-28
DSK-020,1,2024-12-29
DSK-020,1,2024-12-30
DSK-020,1,2025-01-01
DSK-020,1,2025-01-02
DSK-020,2,2025-01-03
DSK-020,2,2025-01-04
DSK-020,1,2025-01-05
DSK-020,1,2025-01-06
DSK-020,2,2025-01-07
DSK-020,1,2025-01-12
DSK-020,1,2025-01-13
DSK-020,1,2025-01-15
DSK-020,1,2025-01-17
DSK-020,1,2025-01-18
DSK-020,1,2025-01-19
DSK-020,2,2025-01-20
DSK-020,1,2025-01-21
DSK-020,1,2025-01-22
DSK-020,1,2025-01-25
DSK-020,2,2025-01-26
DSK-020,1,2025-01-27
DSK-020,1,2025-01-28
DSK-020,1,2025-01-29
DSK-020,1,2025-01-30
DSK-020,1,2025-02-01
DSK-020,1,2025-02-02
DSK-020,1,2025-02-03
DSK-020,2,2025-02-04
DSK-020,3,2025-02-05
DSK-020,1,2025-02-06
DSK-020,1,2025-02-07
DSK-020,1,2025-02-08
DSK-020,1,2025-02-09
DSK-020,1,2025-02-10
DSK-020,2,2025-02-11
DSK-020,2,2025-02-12
DSK-020,2,2025-02-15
DSK-020,1,2025-02-16
DSK-020,1,2025-02-17
DSK-020,1,2025-02-19
DSK-020,1,2025-02-21
DSK-020,3,2025-02-22
DSK-020,2,2025-02-27
DSK-020,1,2025-03-03
DSK-020,1,2025-03-07
DSK-020,1,2025-03-08
DSK-020,5,2025-03-09
DSK-020,2,2025-03-10
DSK-020,3,2025-03-11
DSK-020,3,2025-03-12
DSK-020,2,2025-03-14
DSK-020,1,2025-03-15
DSK-020,1,2025-03-17
DSK-020,3,2025-03-18
DSK-020,2,2025-03-19
DSK-020,2,2025-03-20
DSK-020,1,2025-03-21
DSK-020,1,2025-03-23
DSK-020,1,2025-03-24
DSK-020,2,2025-03-28
DSK-020,2,2025-03-30
DSK-020,1,2025-04-02
DSK-020,1,2025-04-03
DSK-020,2,2025-04-08
DSK-020,1,2025-04-09
DSK-020,1,2025-04-10
DSK-020,1,2025-04-11
DSK-020,1,2025-04-12
DSK-020,2,2025-04-13
DSK-020,1,2025-04-14
DSK-020,2,2025-04-15
DSK-020,2,2025-04-16
DSK-020,3,2025-04-18
DSK-020,2,2025-04-20
DSK-020,3,2025-04-21
DSK-020,1,2025-04-22
DSK-020,1,2025-04-23
DSK-020,2,2025-04-25
DSK-020,3,2025-04-26
DSK-020,1,2025-04-27
DSK-020,3,2025-04-30
DSK-020,1,2025-05-01
DSK-020,1,2025-05-03
DSK-020,2,2025-05-04
DSK-020,2,2025-05-05
DSK-020,1,2025-05-07
DSK-020,1,2025-05-09
DSK-020,2,2025-05-12
DSK-020,1,2025-05-13
DSK-020,3,2025-05-14
DSK-020,2,2025-05-15
DSK-020,3,2025-05-16
DSK-020,1,2025-05-18
DSK-020,3,2025-05-20
DSK-020,3,2025-05-21
DSK-020,1,2025-05-22
DSK-020,1,2025-05-24
DSK-020,1,2025-05-26
DSK-020,1,2025-05-28
DSK-020,1,2025-05-29
DSK-020,2,2025-05-30
DSK-020,4,2025-05-31
DSK-020,1,2025-06-01
DSK-020,2,2025-06-02
DSK-020,1,2025-06-03
DSK-020,2,2025-06-04
DSK-020,2,2025-06-05
DSK-020,1,2025-06-09
DSK-020,1,2025-06-11
DSK-020,1,2025-06-12
DSK-020,1,2025-06-14
DSK-020,2,2025-06-16
DSK-020,1,2025-06-17
DSK-020,1,2025-06-18
DSK-020,3,2025-06-19
DSK-020,2,2025-06-21
DSK-020,2,2025-06-22
DSK-020,1,2025-06-25
DSK-020,1,2025-06-26
DSK-020,3,2025-06-27
DSK-020,1,2025-06-28
DSK-020,1,2025-06-29
DSK-020,1,2025-06-30
DSK-020,1,2025-07-02
DSK-020,1,2025-07-04
DSK-020,3,2025-07-05
DSK-020,1,2025-07-07
DSK-020,1,2025-07-08
DSK-020,1,2025-07-09
DSK-020,3,2025-07-11
DSK-020,4,2025-07-13
DSK-020,2,2025-07-15
DSK-020,1,2025-07-17
DSK-020,1,2025-07-18
DSK-020,1,2025-07-19
DSK-020,1,2025-07-22
DSK-020,1,2025-07-24
DSK-020,1,2025-07-26
DSK-020,1,2025-07-27
DSK-020,2,2025-07-29
DSK-020,1,2025-07-31
DSK-020,3,2025-08-01
DSK-020,1,2025-08-03
DSK-020,3,2025-08-05
DSK-020,1,2025-08-06
DSK-020,3,2025-08-08
DSK-020,2,2025-08-09
DSK-020,1,2025-08-10
DSK-020,2,2025-08-12
DSK-020,2,2025-08-13
DSK-020,1,2025-08-14
DSK-020,4,2025-08-15
DSK-020,2,2025-08-18
DSK-020,1,2025-08-19
DSK-020,1,2025-08-21
DSK-020,2,2025-08-23
DSK-020,2,2025-08-24
DSK-020,3,2025-08-26
DSK-020,2,2025-08-30
DSK-020,1,2025-08-31
DSK-020,1,2025-09-01
DSK-020,2,2025-09-03
DSK-020,3,2025-09-05
DSK-020,1,2025-09-06
DSK-020,1,2025-09-07
DSK-020,2,2025-09-08
DSK-020,3,2025-09-11
DSK-020,1,2025-09-12
DSK-020,1,2025-09-14
DSK-020,1,2025-09-16
DSK-020,1,2025-09-18
DSK-020,1,2025-09-19
DSK-020,1,2025-09-20
DSK-020,1,2025-09-22
DSK-020,1,2025-09-23
DSK-020,1,2025-09-24
DSK-020,2,2025-09-25
DSK-020,1,2025-09-27
DSK-020,2,2025-10-01
DSK-020,3,2025-10-02
DSK-020,2,2025-10-06
DSK-020,3,2025-10-07
DSK-020,2,2025-10-08
DSK-020,1,2025-10-10
DSK-020,1,2025-10-11
DSK-020,1,2025-10-12
DSK-020,1,2025-10-15
DSK-020,3,2025-10-16
DSK-020,1,2025-10-18
DSK-020,2,2025-10-20
DSK-020,1,2025-10-22
DSK-020,1,2025-10-23
DSK-020,1,2025-10-24
DSK-020,2,2025-10-26
DSK-020,2,2025-10-27
DSK-020,1,2025-10-28
DSK-020,1,2025-10-31
DSK-020,2,2025-11-02
DSK-020,1,2025-11-03
DSK-020,1,2025-11-04
DSK-020,1,2025-11-05
DSK-020,1,2025-11-06
DSK-020,1,2025-11-07
DSK-020,1,2025-11-08
DSK-020,1,2025-11-09
DSK-020,1,2025-11-11
DSK-020,2,2025-11-13
DSK-020,1,2025-11-16
DSK-020,1,2025-11-19
DSK-020,1,2025-11-20
DSK-020,1,2025-11-21
DSK-020,3,2025-11-24
DSK-020,2,2025-11-26
DSK-020,1,2025-11-28
DSK-020,1,2025-11-30
DSK-020,2,2025-12-01
DSK-020,1,2025-12-02
DSK-020,1,2025-12-03
DSK-020,2,2025-12-05
DSK-020,1,2025-12-06
DSK-020,2,2025-12-08
DSK-020,2,2025-12-10
DSK-020,2,2025-12-11
DSK-020,1,2025-12-13
DSK-020,1,2025-12-14
DSK-020,3,2025-12-16
DSK-020,3,2025-12-17
DSK-020,1,2025-12-18
DSK-020,1,2025-12-19
DSK-020,1,2025-12-24
DSK-020,2,2025-12-26
DSK-020,1,2025-12-27
DSK-020,1,2025-12-28
DSK-020,3,2025-12-30
DSK-020,3,2026-01-01
DSK-020,2,2026-01-03
DSK-020,1,2026-01-04
DSK-020,2,2026-01-06
DSK-020,2,2026-01-07
DSK-020,3,2026-01-08
DSK-020,3,2026-01-09
DSK-020,1,2026-01-10
DSK-020,1,2026-01-11
DSK-020,1,2026-01-12
DSK-020,1,2026-01-13
DSK-020,2,2026-01-15
DSK-020,2,2026-01-16
DSK-020,1,2026-01-17
DSK-020,1,2026-01-18
DSK-020,1,2026-01-20
DSK-020,3,2026-01-21
DSK-020,3,2026-01-22
DSK-020,1,2026-01-24
WAP-021,2,2023-01-26
WAP-021,1,2023-01-27
WAP-021,5,2023-01-28
WAP-021,7,2023-01-30
WAP-021,3,2023-02-02
WAP-021,3,2023-02-04
WAP-021,2,2023-02-05
WAP-021,2,2023-02-06
WAP-021,1,2023-02-07
WAP-021,1,2023-02-08
WAP-021,1,2023-02-09
WAP-021,1,2023-02-10
WAP-021,2,2023-02-11
WAP-021,3,2023-02-12
WAP-021,2,2023-02-13
WAP-021,4,2023-02-14
WAP-021,3,2023-02-15
WAP-021,2,2023-02-16
WAP-021,2,2023-02-17
WAP-021,2,2023-02-18
WAP-021,1,2023-02-19
WAP-021,1,2023-02-20
WAP-021,4,2023-02-21
WAP-021,1,2023-02-22
WAP-021,2,2023-02-23
WAP-021,3,2023-02-24
WAP-021,2,2023-02-25
WAP-021,3,2023-02-26
WAP-021,3,2023-02-27
WAP-021,2,2023-02-28
WAP-021,2,2023-03-01
WAP-021,2,2023-03-02
WAP-021,5,2023-03-03
WAP-021,1,2023-03-04
WAP-021,2,2023-03-05
WAP-021,3,2023-03-06
WAP-021,3,2023-03-07
WAP-021,2,2023-03-08
WAP-021,1,2023-03-09
WAP-021,4,2023-03-10
WAP-021,1,2023-03-11
WAP-021,1,2023-03-12
WAP-021,2,2023-03-13
WAP-021,1,2023-03-14
WAP-021,1,2023-03-15
WAP-021,3,2023-03-16
WAP-021,4,2023-03-17
WAP-021,2,2023-03-18
WAP-021,3,2023-03-19
WAP-021,1,2023-03-20
WAP-021,1,2023-03-21
WAP-021,3,2023-03-22
WAP-021,1,2023-03-23
WAP-021,2,2023-03-24
WAP-021,4,2023-03-25
WAP-021,3,2023-03-27
WAP-021,1,2023-03-28
WAP-021,1,2023-03-29
WAP-021,3,2023-03-30
WAP-021,1,2023-03-31
WAP-021,3,2023-04-01
WAP-021,3,2023-04-02
WAP-021,3,2023-04-03
WAP-021,3,2023-04-05
WAP-021,2,2023-04-06
WAP-021,2,2023-04-07
WAP-021,1,2023-04-08
WAP-021,1,2023-04-09
WAP-021,4,2023-04-10
WAP-021,2,2023-04-11
WAP-021,2,2023-04-12
WAP-021,2,2023-04-13
WAP-021,2,2023-04-14
WAP-021,1,2023-04-15
WAP-021,1,2023-04-16
WAP-021,2,2023-04-17
WAP-021,2,2023-04-18
WAP-021,1,2023-04-19
WAP-021,2,2023-04-21
WAP-021,1,2023-04-22
WAP-021,2,2023-04-23
WAP-021,1,2023-04-24
WAP-021,4,2023-04-25
WAP-021,2,2023-04-26
WAP-021,5,2023-04-27
WAP-021,2,2023-04-28
WAP-021,2,2023-04-29
WAP-021,2,2023-04-30
WAP-021,8,2023-05-01
WAP-021,2,2023-05-03
WAP-021,2,2023-05-04
WAP-021,2,2023-05-07
WAP-021,1,2023-05-08
WAP-021,2,2023-05-11
WAP-021,2,2023-05-12
WAP-021,1,2023-05-13
WAP-021,1,2023-05-14
WAP-021,1,2023-05-15
WAP-021,4,2023-05-16
WAP-021,3,2023-05-17
WAP-021,4,2023-05-18
WAP-021,3,2023-05-19
WAP-021,2,2023-05-20
WAP-021,2,2023-05-21
WAP-021,5,2023-05-22
WAP-021,3,2023-05-23
WAP-021,4,2023-05-24
WAP-021,3,2023-05-25
WAP-021,1,2023-05-27
WAP-021,3,2023-05-28
WAP-021,1,2023-05-30
WAP-021,1,2023-05-31
WAP-021,4,2023-06-01
WAP-021,2,2023-06-02
WAP-021,2,2023-06-03
WAP-021,2,2023-06-04
WAP-021,1,2023-06-05
WAP-021,3,2023-06-06
WAP-021,1,2023-06-07
WAP-021,1,2023-06-08
WAP-021,2,2023-06-09
WAP-021,1,2023-06-10
WAP-021,2,2023-06-11
WAP-021,2,2023-06-12
WAP-021,1,2023-06-13
WAP-021,2,2023-06-15
WAP-021,5,2023-06-16
WAP-021,1,2023-06-17
WAP-021,2,2023-06-18
WAP-021,1,2023-06-19
WAP-021,3,2023-06-20
WAP-021,2,2023-06-21
WAP-021,2,2023-06-23
WAP-021,2,2023-06-24
WAP-021,2,2023-06-25
WAP-021,1,2023-06-26
WAP-021,2,2023-06-28
WAP-021,2,2023-06-29
WAP-021,2,2023-07-01
WAP-021,2,2023-07-02
WAP-021,4,2023-07-03
WAP-021,5,2023-07-04
WAP-021,1,2023-07-08
WAP-021,3,2023-07-09
WAP-021,1,2023-07-10
WAP-021,4,2023-07-13
WAP-021,3,2023-07-14
WAP-021,1,2023-07-15
WAP-021,1,2023-07-16
WAP-021,2,2023-07-17
WAP-021,1,2023-07-18
WAP-021,1,2023-07-20
WAP-021,1,2023-07-21
WAP-021,2,2023-07-23
WAP-021,1,2023-07-24
WAP-021,1,2023-07-25
WAP-021,2,2023-07-26
WAP-021,1,2023-07-27
WAP-021,3,2023-07-28
WAP-021,2,2023-07-29
WAP-021,2,2023-07-31
WAP-021,3,2023-08-01
WAP-021,2,2023-08-02
WAP-021,1,2023-08-03
WAP-021,1,2023-08-04
WAP-021,2,2023-08-05
WAP-021,3,2023-08-06
WAP-021,2,2023-08-07
WAP-021,3,2023-08-08
WAP-021,1,2023-08-10
WAP-021,1,2023-08-11
WAP-021,2,2023-08-12
WAP-021,4,2023-08-13
WAP-021,3,2023-08-14
WAP-021,1,2023-08-15
WAP-021,2,2023-08-16
WAP-021,1,2023-08-17
WAP-021,1,2023-08-18
WAP-021,2,2023-08-20
WAP-021,1,2023-08-21
WAP-021,1,2023-08-23
WAP-021,2,2023-08-24
WAP-021,1,2023-08-25
WAP-021,2,2023-08-27
WAP-021,2,2023-08-28
WAP-021,3,2023-08-29
WAP-021,3,2023-08-30
WAP-021,2,2023-08-31
WAP-021,3,2023-09-01
WAP-021,3,2023-09-03
WAP-021,2,2023-09-04
WAP-021,3,2023-09-05
WAP-021,2,2023-09-06
WAP-021,3,2023-09-08
WAP-021,2,2023-09-09
WAP-021,1,2023-09-10
WAP-021,1,2023-09-11
WAP-021,2,2023-09-12
WAP-021,1,2023-09-13
WAP-021,2,2023-09-15
WAP-021,2,2023-09-16
WAP-021,3,2023-09-17
WAP-021,2,2023-09-18
WAP-021,3,2023-09-19
WAP-021,2,2023-09-20
WAP-021,2,2023-09-21
WAP-021,2,2023-09-22
WAP-021,1,2023-09-23
WAP-021,1,2023-09-24
WAP-021,4,2023-09-25
WAP-021,1,2023-09-27
WAP-021,4,2023-09-28
WAP-021,1,2023-09-29
WAP-021,1,2023-09-30
WAP-021,1,2023-10-01
WAP-021,2,2023-10-02
WAP-021,2,2023-10-03
WAP-021,2,2023-10-05
WAP-021,1,2023-10-06
WAP-021,1,2023-10-07
WAP-021,1,2023-10-08
WAP-021,3,2023-10-09
WAP-021,2,2023-10-10
WAP-021,2,2023-10-11
WAP-021,2,2023-10-12
WAP-021,2,2023-10-13
WAP-021,1,2023-10-14
WAP-021,3,2023-10-16
WAP-021,1,2023-10-17
WAP-021,1,2023-10-18
WAP-021,4,2023-10-19
WAP-021,1,2023-10-20
WAP-021,4,2023-10-21
WAP-021,2,2023-10-22
WAP-021,1,2023-10-23
WAP-021,2,2023-10-25
WAP-021,1,2023-10-26
WAP-021,5,2023-10-28
WAP-021,4,2023-10-29
WAP-021,3,2023-10-30
WAP-021,1,2023-10-31
WAP-021,2,2023-11-01
WAP-021,3,2023-11-02
WAP-021,2,2023-11-03
WAP-021,2,2023-11-04
WAP-021,1,2023-11-05
WAP-021,2,2023-11-06
WAP-021,1,2023-11-07
WAP-021,5,2023-11-08
WAP-021,1,2023-11-09
WAP-021,4,2023-11-10
WAP-021,2,2023-11-11
WAP-021,2,2023-11-12
WAP-021,5,2023-11-13
WAP-021,1,2023-11-14
WAP-021,1,2023-11-15
WAP-021,3,2023-11-16
WAP-021,2,2023-11-17
WAP-021,2,2023-11-18
WAP-021,2,2023-11-19
WAP-021,4,2023-11-20
WAP-021,4,2023-11-21
WAP-021,1,2023-11-22
WAP-021,1,2023-11-23
WAP-021,1,2023-11-24
WAP-021,3,2023-11-25
WAP-021,4,2023-11-27
WAP-021,1,2023-11-28
WAP-021,1,2023-11-29
WAP-021,5,2023-11-30
WAP-021,2,2023-12-01
WAP-021,1,2023-12-02
WAP-021,3,2023-12-03
WAP-021,6,2023-12-06
WAP-021,2,2023-12-07
WAP-021,1,2023-12-08
WAP-021,3,2023-12-11
WAP-021,1,2023-12-13
WAP-021,5,2023-12-14
WAP-021,1,2023-12-16
WAP-021,4,2023-12-17
WAP-021,3,2023-12-18
WAP-021,1,2023-12-19
WAP-021,2,2023-12-20
WAP-021,1,2023-12-21
WAP-021,2,2023-12-22
WAP-021,4,2023-12-23
WAP-021,3,2023-12-24
WAP-021,2,2023-12-25
WAP-021,4,2023-12-26
WAP-021,6,2023-12-28
WAP-021,4,2023-12-29
WAP-021,1,2023-12-30
WAP-021,6,2023-12-31
WAP-021,1,2024-01-01
WAP-021,4,2024-01-02
WAP-021,5,2024-01-03
WAP-021,1,2024-01-04
WAP-021,2,2024-01-06
WAP-021,1,2024-01-07
WAP-021,3,2024-01-08
WAP-021,3,2024-01-09
WAP-021,4,2024-01-10
WAP-021,1,2024-01-11
WAP-021,1,2024-01-12
WAP-021,6,2024-01-13
WAP-021,2,2024-01-14
WAP-021,2,2024-01-15
WAP-021,1,2024-01-17
WAP-021,3,2024-01-18
WAP-021,4,2024-01-20
WAP-021,1,2024-01-21
WAP-021,4,2024-01-22
WAP-021,1,2024-01-24
WAP-021,1,2024-01-25
WAP-021,2,2024-01-26
WAP-021,3,2024-01-28
WAP-021,6,2024-01-29
WAP-021,5,2024-01-30
WAP-021,4,2024-01-31
WAP-021,2,2024-02-02
WAP-021,3,2024-02-05
WAP-021,3,2024-02-07
WAP-021,6,2024-02-08
WAP-021,2,2024-02-09
WAP-021,2,2024-02-10
WAP-021,1,2024-02-11
WAP-021,5,2024-02-13
WAP-021,2,2024-02-14
WAP-021,1,2024-02-15
WAP-021,3,2024-02-16
WAP-021,6,2024-02-17
WAP-021,1,2024-02-18
WAP-021,3,2024-02-19
WAP-021,2,2024-02-21
WAP-021,2,2024-02-22
WAP-021,3,2024-02-23
WAP-021,2,2024-02-24
WAP-021,2,2024-02-25
WAP-021,2,2024-02-26
WAP-021,2,2024-02-27
WAP-021,2,2024-02-28
WAP-021,1,2024-02-29
WAP-021,1,2024-03-01
WAP-021,1,2024-03-02
WAP-021,2,2024-03-03
WAP-021,1,2024-03-04
WAP-021,2,2024-03-05
WAP-021,1,2024-03-06
WAP-021,1,2024-03-08
WAP-021,1,2024-03-09
WAP-021,3,2024-03-10
WAP-021,3,2024-03-11
WAP-021,2,2024-03-12
WAP-021,4,2024-03-13
WAP-021,1,2024-03-14
WAP-021,1,2024-03-15
WAP-021,2,2024-03-16
WAP-021,3,2024-03-17
WAP-021,1,2024-03-18
WAP-021,2,2024-03-19
WAP-021,2,2024-03-20
WAP-021,7,2024-03-21
WAP-021,2,2024-03-22
WAP-021,1,2024-03-23
WAP-021,1,2024-03-24
WAP-021,2,2024-03-25
WAP-021,2,2024-03-27
WAP-021,1,2024-03-28
WAP-021,2,2024-03-29
WAP-021,1,2024-03-30
WAP-021,3,2024-04-03
WAP-021,4,2024-04-04
WAP-021,1,2024-04-05
WAP-021,2,2024-04-07
WAP-021,5,2024-04-08
WAP-021,3,2024-04-09
WAP-021,1,2024-04-10
WAP-021,2,2024-04-11
WAP-021,1,2024-04-12
WAP-021,5,2024-04-13
WAP-021,2,2024-04-14
WAP-021,2,2024-04-15
WAP-021,1,2024-04-16
WAP-021,1,2024-04-18
WAP-021,2,2024-04-19
WAP-021,3,2024-04-20
WAP-021,4,2024-04-22
WAP-021,2,2024-04-23
WAP-021,6,2024-04-24
WAP-021,3,2024-04-25
WAP-021,4,2024-04-26
WAP-021,2,2024-04-27
WAP-021,2,2024-04-28
WAP-021,1,2024-04-29
WAP-021,2,2024-04-30
WAP-021,1,2024-05-01
WAP-021,2,2024-05-02
WAP-021,1,2024-05-03
WAP-021,1,2024-05-04
WAP-021,1,2024-05-05
WAP-021,2,2024-05-06
WAP-021,4,2024-05-07
WAP-021,3,2024-05-08
WAP-021,1,2024-05-09
WAP-021,3,2024-05-10
WAP-021,4,2024-05-11
WAP-021,1,2024-05-12
WAP-021,2,2024-05-13
WAP-021,5,2024-05-14
WAP-021,4,2024-05-16
WAP-021,5,2024-05-17
WAP-021,2,2024-05-18
WAP-021,4,2024-05-19
WAP-021,2,2024-05-20
WAP-021,3,2024-05-21
WAP-021,4,2024-05-22
WAP-021,1,2024-05-23
WAP-021,2,2024-05-24
WAP-021,1,2024-05-25
WAP-021,2,2024-05-27
WAP-021,2,2024-05-28
WAP-021,2,2024-05-29
WAP-021,2,2024-05-30
WAP-021,2,2024-06-01
WAP-021,3,2024-06-02
WAP-021,1,2024-06-03
WAP-021,1,2024-06-04
WAP-021,2,2024-06-05
WAP-021,2,2024-06-06
WAP-021,2,2024-06-07
WAP-021,2,2024-06-08
WAP-021,2,2024-06-09
WAP-021,1,2024-06-12
WAP-021,2,2024-06-13
WAP-021,3,2024-06-14
WAP-021,3,2024-06-15
WAP-021,2,2024-06-16
WAP-021,1,2024-06-17
WAP-021,1,2024-06-18
WAP-021,4,2024-06-19
WAP-021,1,2024-06-20
WAP-021,2,2024-06-24
WAP-021,1,2024-06-25
WAP-021,4,2024-06-26
WAP-021,1,2024-06-28
WAP-021,3,2024-06-29
WAP-021,3,2024-06-30
WAP-021,1,2024-07-04
WAP-021,2,2024-07-05
WAP-021,4,2024-07-06
WAP-021,3,2024-07-07
WAP-021,2,2024-07-08
WAP-021,5,2024-07-09
WAP-021,3,2024-07-11
WAP-021,1,2024-07-12
WAP-021,2,2024-07-13
WAP-021,2,2024-07-14
WAP-021,3,2024-07-15
WAP-021,2,2024-07-16
WAP-021,3,2024-07-17
WAP-021,2,2024-07-20
WAP-021,3,2024-07-21
WAP-021,2,2024-07-22
WAP-021,1,2024-07-23
WAP-021,1,2024-07-24
WAP-021,2,2024-07-25
WAP-021,2,2024-07-26
WAP-021,4,2024-07-28
WAP-021,1,2024-07-29
WAP-021,2,2024-07-30
WAP-021,2,2024-07-31
WAP-021,3,2024-08-01
WAP-021,1,2024-08-02
WAP-021,2,2024-08-04
WAP-021,3,2024-08-05
WAP-021,3,2024-08-06
WAP-021,2,2024-08-07
WAP-021,2,2024-08-08
WAP-021,3,2024-08-09
WAP-021,1,2024-08-10
WAP-021,3,2024-08-11
WAP-021,1,2024-08-12
WAP-021,2,2024-08-13
WAP-021,3,2024-08-14
WAP-021,3,2024-08-16
WAP-021,1,2024-08-17
WAP-021,5,2024-08-18
WAP-021,4,2024-08-19
WAP-021,4,2024-08-20
WAP-021,2,2024-08-21
WAP-021,3,2024-08-22
WAP-021,4,2024-08-24
WAP-021,3,2024-08-25
WAP-021,4,2024-08-26
WAP-021,1,2024-08-27
WAP-021,3,2024-08-28
WAP-021,2,2024-08-30
WAP-021,2,2024-08-31
WAP-021,5,2024-09-01
WAP-021,2,2024-09-03
WAP-021,1,2024-09-04
WAP-021,3,2024-09-05
WAP-021,2,2024-09-06
WAP-021,2,2024-09-07
WAP-021,3,2024-09-09
WAP-021,3,2024-09-10
WAP-021,1,2024-09-11
WAP-021,1,2024-09-13
WAP-021,3,2024-09-15
WAP-021,2,2024-09-16
WAP-021,2,2024-09-17
WAP-021,2,2024-09-18
WAP-021,3,2024-09-19
WAP-021,4,2024-09-21
WAP-021,1,2024-09-22
WAP-021,3,2024-09-23
WAP-021,2,2024-09-24
WAP-021,3,2024-09-25
WAP-021,2,2024-09-26
WAP-021,2,2024-09-27
WAP-021,2,2024-09-28
WAP-021,1,2024-09-29
WAP-021,4,2024-09-30
WAP-021,5,2024-10-02
WAP-021,3,2024-10-03
WAP-021,2,2024-10-04
WAP-021,2,2024-10-05
WAP-021,2,2024-10-06
WAP-021,1,2024-10-07
WAP-021,1,2024-10-09
WAP-021,1,2024-10-11
WAP-021,2,2024-10-12
WAP-021,5,2024-10-13
WAP-021,1,2024-10-14
WAP-021,1,2024-10-15
WAP-021,2,2024-10-17
WAP-021,2,2024-10-19
WAP-021,2,2024-10-20
WAP-021,7,2024-10-21
WAP-021,3,2024-10-22
WAP-021,2,2024-10-25
WAP-021,3,2024-10-26
WAP-021,1,2024-10-27
WAP-021,2,2024-10-28
WAP-021,1,2024-10-29
WAP-021,1,2024-10-31
WAP-021,3,2024-11-01
WAP-021,1,2024-11-03
WAP-021,1,2024-11-04
WAP-021,1,2024-11-05
WAP-021,4,2024-11-06
WAP-021,2,2024-11-07
WAP-021,2,2024-11-09
WAP-021,5,2024-11-10
WAP-021,4,2024-11-11
WAP-021,2,2024-11-12
WAP-021,1,2024-11-13
WAP-021,3,2024-11-15
WAP-021,2,2024-11-16
WAP-021,2,2024-11-17
WAP-021,2,2024-11-19
WAP-021,2,2024-11-20
WAP-021,1,2024-11-21
WAP-021,3,2024-11-22
WAP-021,2,2024-11-23
WAP-021,3,2024-11-24
WAP-021,5,2024-11-25
WAP-021,3,2024-11-26
WAP-021,1,2024-11-27
WAP-021,1,2024-11-28
WAP-021,1,2024-11-30
WAP-021,2,2024-12-02
WAP-021,2,2024-12-03
WAP-021,1,2024-12-04
WAP-021,3,2024-12-05
WAP-021,4,2024-12-06
WAP-021,2,2024-12-08
WAP-021,2,2024-12-09
WAP-021,1,2024-12-10
WAP-021,3,2024-12-11
WAP-021,2,2024-12-13
WAP-021,1,2024-12-15
WAP-021,1,2024-12-16
WAP-021,4,2024-12-18
WAP-021,1,2024-12-19
WAP-021,5,2024-12-20
WAP-021,1,2024-12-21
WAP-021,4,2024-12-22
WAP-021,3,2024-12-23
WAP-021,2,2024-12-24
WAP-021,3,2024-12-25
WAP-021,5,2024-12-26
WAP-021,2,2024-12-27
WAP-021,1,2024-12-28
WAP-021,2,2024-12-30
WAP-021,3,2024-12-31
WAP-021,3,2025-01-01
WAP-021,5,2025-01-02
WAP-021,1,2025-01-04
WAP-021,2,2025-01-05
WAP-021,3,2025-01-06
WAP-021,4,2025-01-07
WAP-021,1,2025-01-08
WAP-021,1,2025-01-09
WAP-021,2,2025-01-10
WAP-021,2,2025-01-11
WAP-021,1,2025-01-12
WAP-021,3,2025-01-13
WAP-021,2,2025-01-15
WAP-021,5,2025-01-16
WAP-021,2,2025-01-18
WAP-021,1,2025-01-19
WAP-021,2,2025-01-20
WAP-021,3,2025-01-22
WAP-021,4,2025-01-23
WAP-021,2,2025-01-25
WAP-021,1,2025-01-26
WAP-021,1,2025-01-28
WAP-021,2,2025-01-29
WAP-021,2,2025-01-30
WAP-021,2,2025-01-31
WAP-021,2,2025-02-01
WAP-021,2,2025-02-02
WAP-021,1,2025-02-03
WAP-021,3,2025-02-04
WAP-021,3,2025-02-05
WAP-021,1,2025-02-06
WAP-021,1,2025-02-07
WAP-021,3,2025-02-08
WAP-021,1,2025-02-09
WAP-021,1,2025-02-11
WAP-021,3,2025-02-12
WAP-021,3,2025-02-13
WAP-021,3,2025-02-14
WAP-021,2,2025-02-15
WAP-021,3,2025-02-16
WAP-021,3,2025-02-17
WAP-021,2,2025-02-18
WAP-021,2,2025-02-19
WAP-021,3,2025-02-20
WAP-021,2,2025-02-21
WAP-021,3,2025-02-22
WAP-021,3,2025-02-23
WAP-021,3,2025-02-24
WAP-021,2,2025-02-25
WAP-021,1,2025-02-27
WAP-021,4,2025-02-28
WAP-021,2,2025-03-01
WAP-021,2,2025-03-02
WAP-021,1,2025-03-03
WAP-021,5,2025-03-04
WAP-021,1,2025-03-05
WAP-021,3,2025-03-06
WAP-021,1,2025-03-07
WAP-021,4,2025-03-08
WAP-021,2,2025-03-09
WAP-021,3,2025-03-10
WAP-021,4,2025-03-11
WAP-021,2,2025-03-13
WAP-021,4,2025-03-14
WAP-021,5,2025-03-15
WAP-021,1,2025-03-17
WAP-021,6,2025-03-18
WAP-021,2,2025-03-19
WAP-021,2,2025-03-20
WAP-021,2,2025-03-21
WAP-021,5,2025-03-22
WAP-021,3,2025-03-23
WAP-021,3,2025-03-24
WAP-021,1,2025-03-25
WAP-021,2,2025-03-26
WAP-021,4,2025-03-27
WAP-021,2,2025-03-28
WAP-021,4,2025-03-29
WAP-021,1,2025-03-30
WAP-021,2,2025-03-31
WAP-021,1,2025-04-01
WAP-021,2,2025-04-03
WAP-021,4,2025-04-04
WAP-021,5,2025-04-05
WAP-021,2,2025-04-06
WAP-021,3,2025-04-08
WAP-021,1,2025-04-09
WAP-021,2,2025-04-11
WAP-021,4,2025-04-12
WAP-021,1,2025-04-13
WAP-021,1,2025-04-14
WAP-021,4,2025-04-15
WAP-021,1,2025-04-16
WAP-021,4,2025-04-17
WAP-021,2,2025-04-18
WAP-021,1,2025-04-20
WAP-021,3,2025-04-21
WAP-021,2,2025-04-22
WAP-021,3,2025-04-23
WAP-021,2,2025-04-24
WAP-021,1,2025-04-25
WAP-021,2,2025-04-26
WAP-021,4,2025-04-27
WAP-021,1,2025-04-30
WAP-021,2,2025-05-01
WAP-021,1,2025-05-02
WAP-021,3,2025-05-04
WAP-021,3,2025-05-05
WAP-021,2,2025-05-06
WAP-021,3,2025-05-07
WAP-021,2,2025-05-08
WAP-021,4,2025-05-09
WAP-021,2,2025-05-10
WAP-021,3,2025-05-11
WAP-021,3,2025-05-12
WAP-021,1,2025-05-13
WAP-021,2,2025-05-14
WAP-021,4,2025-05-15
WAP-021,3,2025-05-16
WAP-021,1,2025-05-17
WAP-021,3,2025-05-18
WAP-021,2,2025-05-19
WAP-021,2,2025-05-20
WAP-021,3,2025-05-21
WAP-021,4,2025-05-22
WAP-021,2,2025-05-23
WAP-021,1,2025-05-24
WAP-021,3,2025-05-25
WAP-021,3,2025-05-26
WAP-021,3,2025-05-27
WAP-021,1,2025-05-28
WAP-021,1,2025-05-29
WAP-021,1,2025-05-30
WAP-021,2,2025-05-31
WAP-021,1,2025-06-01
WAP-021,1,2025-06-02
WAP-021,1,2025-06-05
WAP-021,3,2025-06-06
WAP-021,2,2025-06-08
WAP-021,1,2025-06-09
WAP-021,3,2025-06-10
WAP-021,1,2025-06-11
WAP-021,3,2025-06-12
WAP-021,2,2025-06-13
WAP-021,2,2025-06-14
WAP-021,1,2025-06-15
WAP-021,1,2025-06-17
WAP-021,2,2025-06-18
WAP-021,4,2025-06-20
WAP-021,5,2025-06-22
WAP-021,3,2025-06-23
WAP-021,1,2025-06-24
WAP-021,1,2025-06-25
WAP-021,1,2025-06-26
WAP-021,6,2025-06-28
WAP-021,1,2025-06-29
WAP-021,2,2025-06-30
WAP-021,1,2025-07-03
WAP-021,2,2025-07-04
WAP-021,3,2025-07-06
WAP-021,5,2025-07-07
WAP-021,4,2025-07-08
WAP-021,2,2025-07-09
WAP-021,2,2025-07-10
WAP-021,3,2025-07-11
WAP-021,2,2025-07-12
WAP-021,1,2025-07-13
WAP-021,4,2025-07-14
WAP-021,3,2025-07-15
WAP-021,1,2025-07-16
WAP-021,2,2025-07-18
WAP-021,1,2025-07-19
WAP-021,6,2025-07-20
WAP-021,3,2025-07-21
WAP-021,2,2025-07-22
WAP-021,1,2025-07-24
WAP-021,2,2025-07-25
WAP-021,2,2025-07-27
WAP-021,2,2025-07-28
WAP-021,4,2025-07-29
WAP-021,2,2025-07-30
WAP-021,2,2025-07-31
WAP-021,2,2025-08-01
WAP-021,2,2025-08-03
WAP-021,1,2025-08-04
WAP-021,4,2025-08-05
WAP-021,1,2025-08-06
WAP-021,2,2025-08-07
WAP-021,1,2025-08-08
WAP-021,3,2025-08-09
WAP-021,2,2025-08-10
WAP-021,2,2025-08-11
WAP-021,3,2025-08-12
WAP-021,1,2025-08-13
WAP-021,3,2025-08-14
WAP-021,2,2025-08-15
WAP-021,2,2025-08-16
WAP-021,4,2025-08-17
WAP-021,3,2025-08-18
WAP-021,3,2025-08-19
WAP-021,1,2025-08-20
WAP-021,2,2025-08-21
WAP-021,3,2025-08-22
WAP-021,1,2025-08-23
WAP-021,2,2025-08-24
WAP-021,3,2025-08-25
WAP-021,1,2025-08-26
WAP-021,2,2025-08-27
WAP-021,2,2025-08-28
WAP-021,3,2025-08-29
WAP-021,1,2025-08-30
WAP-021,1,2025-08-31
WAP-021,3,2025-09-01
WAP-021,2,2025-09-02
WAP-021,3,2025-09-03
WAP-021,4,2025-09-04
WAP-021,3,2025-09-05
WAP-021,1,2025-09-06
WAP-021,2,2025-09-08
WAP-021,1,2025-09-09
WAP-021,4,2025-09-10
WAP-021,3,2025-09-11
WAP-021,1,2025-09-15
WAP-021,2,2025-09-16
WAP-021,4,2025-09-17
WAP-021,1,2025-09-18
WAP-021,2,2025-09-19
WAP-021,1,2025-09-20
WAP-021,2,2025-09-21
WAP-021,4,2025-09-22
WAP-021,2,2025-09-23
WAP-021,1,2025-09-24
WAP-021,1,2025-09-25
WAP-021,2,2025-09-26
WAP-021,3,2025-09-27
WAP-021,5,2025-09-29
WAP-021,2,2025-09-30
WAP-021,3,2025-10-01
WAP-021,2,2025-10-03
WAP-021,2,2025-10-04
WAP-021,1,2025-10-05
WAP-021,1,2025-10-06
WAP-021,3,2025-10-07
WAP-021,1,2025-10-08
WAP-021,3,2025-10-10
WAP-021,2,2025-10-11
WAP-021,5,2025-10-12
WAP-021,2,2025-10-13
WAP-021,2,2025-10-14
WAP-021,1,2025-10-15
WAP-021,3,2025-10-16
WAP-021,2,2025-10-17
WAP-021,2,2025-10-18
WAP-021,1,2025-10-19
WAP-021,3,2025-10-20
WAP-021,3,2025-10-21
WAP-021,5,2025-10-22
WAP-021,1,2025-10-23
WAP-021,2,2025-10-24
WAP-021,1,2025-10-25
WAP-021,2,2025-10-26
WAP-021,2,2025-10-27
WAP-021,2,2025-10-28
WAP-021,3,2025-10-29
WAP-021,3,2025-10-30
WAP-021,4,2025-10-31
WAP-021,1,2025-11-01
WAP-021,3,2025-11-02
WAP-021,3,2025-11-03
WAP-021,3,2025-11-04
WAP-021,2,2025-11-05
WAP-021,6,2025-11-06
WAP-021,3,2025-11-07
WAP-021,1,2025-11-08
WAP-021,2,2025-11-10
WAP-021,3,2025-11-11
WAP-021,4,2025-11-12
WAP-021,2,2025-11-14
WAP-021,3,2025-11-15
WAP-021,2,2025-11-16
WAP-021,1,2025-11-17
WAP-021,1,2025-11-18
WAP-021,1,2025-11-20
WAP-021,1,2025-11-21
WAP-021,1,2025-11-22
WAP-021,1,2025-11-24
WAP-021,3,2025-11-25
WAP-021,6,2025-11-26
WAP-021,1,2025-11-27
WAP-021,2,2025-11-28
WAP-021,2,2025-11-30
WAP-021,2,2025-12-01
WAP-021,4,2025-12-02
WAP-021,3,2025-12-03
WAP-021,3,2025-12-04
WAP-021,2,2025-12-05
WAP-021,3,2025-12-06
WAP-021,1,2025-12-07
WAP-021,1,2025-12-08
WAP-021,6,2025-12-09
WAP-021,2,2025-12-11
WAP-021,4,2025-12-12
WAP-021,1,2025-12-13
WAP-021,2,2025-12-14
WAP-021,1,2025-12-16
WAP-021,1,2025-12-17
WAP-021,2,2025-12-18
WAP-021,2,2025-12-19
WAP-021,5,2025-12-20
WAP-021,2,2025-12-21
WAP-021,2,2025-12-22
WAP-021,3,2025-12-23
WAP-021,5,2025-12-24
WAP-021,1,2025-12-25
WAP-021,4,2025-12-26
WAP-021,1,2025-12-27
WAP-021,2,2025-12-28
WAP-021,1,2025-12-29
WAP-021,1,2025-12-30
WAP-021,3,2025-12-31
WAP-021,2,2026-01-01
WAP-021,1,2026-01-03
WAP-021,4,2026-01-04
WAP-021,1,2026-01-05
WAP-021,1,2026-01-06
WAP-021,3,2026-01-07
WAP-021,3,2026-01-08
WAP-021,1,2026-01-09
WAP-021,3,2026-01-10
WAP-021,2,2026-01-12
WAP-021,1,2026-01-13
WAP-021,1,2026-01-14
WAP-021,1,2026-01-15
WAP-021,3,2026-01-16
WAP-021,2,2026-01-17
WAP-021,2,2026-01-19
WAP-021,3,2026-01-20
WAP-021,1,2026-01-22
WAP-021,1,2026-01-23
WAP-021,2,2026-01-24
WAP-021,3,2026-01-25
HUB-022,5,2023-01-26
HUB-022,6,2023-01-27
HUB-022,10,2023-01-28
HUB-022,9,2023-01-29
HUB-022,2,2023-01-30
HUB-022,11,2023-01-31
HUB-022,5,2023-02-01
HUB-022,12,2023-02-02
HUB-022,11,2023-02-03
HUB-022,3,2023-02-04
HUB-022,6,2023-02-05
HUB-022,9,2023-02-06
HUB-022,11,2023-02-07
HUB-022,3,2023-02-08
HUB-022,7,2023-02-09
HUB-022,7,2023-02-10
HUB-022,12,2023-02-11
HUB-022,4,2023-02-12
HUB-022,6,2023-02-13
HUB-022,9,2023-02-14
HUB-022,6,2023-02-15
HUB-022,9,2023-02-16
HUB-022,8,2023-02-17
HUB-022,6,2023-02-18
HUB-022,11,2023-02-19
HUB-022,10,2023-02-20
HUB-022,6,2023-02-21
HUB-022,6,2023-02-22
HUB-022,3,2023-02-23
HUB-022,5,2023-02-24
HUB-022,7,2023-02-25
HUB-022,8,2023-02-26
HUB-022,8,2023-02-27
HUB-022,12,2023-02-28
HUB-022,11,2023-03-01
HUB-022,10,2023-03-02
HUB-022,7,2023-03-03
HUB-022,6,2023-03-04
HUB-022,5,2023-03-05
HUB-022,11,2023-03-06
HUB-022,7,2023-03-07
HUB-022,3,2023-03-08
HUB-022,4,2023-03-09
HUB-022,8,2023-03-10
HUB-022,4,2023-03-11
HUB-022,5,2023-03-12
HUB-022,7,2023-03-13
HUB-022,15,2023-03-14
HUB-022,4,2023-03-15
HUB-022,10,2023-03-16
HUB-022,5,2023-03-17
HUB-022,8,2023-03-18
HUB-022,7,2023-03-19
HUB-022,10,2023-03-20
HUB-022,6,2023-03-21
HUB-022,5,2023-03-22
HUB-022,7,2023-03-23
HUB-022,6,2023-03-24
HUB-022,11,2023-03-25
HUB-022,13,2023-03-26
HUB-022,5,2023-03-27
HUB-022,9,2023-03-28
HUB-022,7,2023-03-29
HUB-022,10,2023-03-30
HUB-022,6,2023-03-31
HUB-022,6,2023-04-01
HUB-022,3,2023-04-02
HUB-022,7,2023-04-03
HUB-022,3,2023-04-04
HUB-022,3,2023-04-05
HUB-022,10,2023-04-06
HUB-022,5,2023-04-07
HUB-022,4,2023-04-08
HUB-022,10,2023-04-09
HUB-022,4,2023-04-10
HUB-022,10,2023-04-11
HUB-022,8,2023-04-12
HUB-022,8,2023-04-13
HUB-022,9,2023-04-14
HUB-022,8,2023-04-15
HUB-022,5,2023-04-16
HUB-022,5,2023-04-17
HUB-022,4,2023-04-18
HUB-022,6,2023-04-19
HUB-022,9,2023-04-20
HUB-022,15,2023-04-21
HUB-022,7,2023-04-22
HUB-022,8,2023-04-23
HUB-022,11,2023-04-24
HUB-022,4,2023-04-25
HUB-022,7,2023-04-26
HUB-022,13,2023-04-27
HUB-022,8,2023-04-28
HUB-022,4,2023-04-29
HUB-022,8,2023-04-30
HUB-022,5,2023-05-01
HUB-022,7,2023-05-02
HUB-022,9,2023-05-03
HUB-022,8,2023-05-04
HUB-022,8,2023-05-05
HUB-022,9,2023-05-06
HUB-022,8,2023-05-07
HUB-022,7,2023-05-08
HUB-022,9,2023-05-09
HUB-022,8,2023-05-10
HUB-022,13,2023-05-11
HUB-022,3,2023-05-12
HUB-022,4,2023-05-13
HUB-022,3,2023-05-14
HUB-022,10,2023-05-15
HUB-022,12,2023-05-16
HUB-022,3,2023-05-17
HUB-022,6,2023-05-18
HUB-022,8,2023-05-19
HUB-022,5,2023-05-20
HUB-022,5,2023-05-21
HUB-022,7,2023-05-22
HUB-022,4,2023-05-23
HUB-022,7,2023-05-24
HUB-022,7,2023-05-25
HUB-022,2,2023-05-26
HUB-022,8,2023-05-27
HUB-022,7,2023-05-28
HUB-022,5,2023-05-29
HUB-022,11,2023-05-30
HUB-022,11,2023-05-31
HUB-022,9,2023-06-01
HUB-022,8,2023-06-02
HUB-022,3,2023-06-03
HUB-022,7,2023-06-04
HUB-022,9,2023-06-05
HUB-022,8,2023-06-06
HUB-022,12,2023-06-07
HUB-022,5,2023-06-08
HUB-022,7,2023-06-09
HUB-022,10,2023-06-10
HUB-022,9,2023-06-11
HUB-022,7,2023-06-12
HUB-022,7,2023-06-13
HUB-022,6,2023-06-14
HUB-022,6,2023-06-15
HUB-022,6,2023-06-16
HUB-022,9,2023-06-17
HUB-022,9,2023-06-18
HUB-022,7,2023-06-19
HUB-022,10,2023-06-20
HUB-022,12,2023-06-21
HUB-022,5,2023-06-22
HUB-022,6,2023-06-23
HUB-022,9,2023-06-24
HUB-022,9,2023-06-25
HUB-022,6,2023-06-26
HUB-022,5,2023-06-27
HUB-022,12,2023-06-28
HUB-022,2,2023-06-29
HUB-022,7,2023-06-30
HUB-022,11,2023-07-01
HUB-022,10,2023-07-02
HUB-022,7,2023-07-03
HUB-022,18,2023-07-04
HUB-022,8,2023-07-05
HUB-022,7,2023-07-06
HUB-022,9,2023-07-07
HUB-022,6,2023-07-08
HUB-022,3,2023-07-09
HUB-022,5,2023-07-10
HUB-022,7,2023-07-11
HUB-022,7,2023-07-12
HUB-022,9,2023-07-13
HUB-022,6,2023-07-14
HUB-022,10,2023-07-15
HUB-022,7,2023-07-16
HUB-022,5,2023-07-17
HUB-022,12,2023-07-18
HUB-022,4,2023-07-19
HUB-022,8,2023-07-20
HUB-022,2,2023-07-21
HUB-022,9,2023-07-22
HUB-022,5,2023-07-23
HUB-022,7,2023-07-24
HUB-022,9,2023-07-25
HUB-022,12,2023-07-26
HUB-022,4,2023-07-27
HUB-022,10,2023-07-28
HUB-022,10,2023-07-29
HUB-022,9,2023-07-30
HUB-022,8,2023-07-31
HUB-022,7,2023-08-01
HUB-022,3,2023-08-02
HUB-022,4,2023-08-03
HUB-022,6,2023-08-04
HUB-022,4,2023-08-05
HUB-022,10,2023-08-06
HUB-022,4,2023-08-07
HUB-022,8,2023-08-08
HUB-022,9,2023-08-09
HUB-022,8,2023-08-10
HUB-022,11,2023-08-11
HUB-022,7,2023-08-12
HUB-022,7,2023-08-13
HUB-022,8,2023-08-14
HUB-022,9,2023-08-15
HUB-022,5,2023-08-16
HUB-022,3,2023-08-17
HUB-022,4,2023-08-18
HUB-022,6,2023-08-19
HUB-022,6,2023-08-20
HUB-022,3,2023-08-21
HUB-022,8,2023-08-22
HUB-022,7,2023-08-23
HUB-022,3,2023-08-24
HUB-022,8,2023-08-25
HUB-022,10,2023-08-26
HUB-022,8,2023-08-27
HUB-022,7,2023-08-28
HUB-022,7,2023-08-29
HUB-022,3,2023-08-30
HUB-022,8,2023-08-31
HUB-022,8,2023-09-01
HUB-022,2,2023-09-02
HUB-022,3,2023-09-03
HUB-022,5,2023-09-04
HUB-022,10,2023-09-05
HUB-022,10,2023-09-06
HUB-022,5,2023-09-07
HUB-022,3,2023-09-08
HUB-022,5,2023-09-09
HUB-022,8,2023-09-10
HUB-022,4,2023-09-11
HUB-022,8,2023-09-12
HUB-022,2,2023-09-13
HUB-022,7,2023-09-14
HUB-022,8,2023-09-15
HUB-022,4,2023-09-16
HUB-022,4,2023-09-17
HUB-022,9,2023-09-18
HUB-022,7,2023-09-19
HUB-022,9,2023-09-20
HUB-022,10,2023-09-21
HUB-022,7,2023-09-22
HUB-022,10,2023-09-23
HUB-022,8,2023-09-24
HUB-022,4,2023-09-25
HUB-022,3,2023-09-26
HUB-022,7,2023-09-27
HUB-022,8,2023-09-28
HUB-022,8,2023-09-29
HUB-022,8,2023-09-30
HUB-022,5,2023-10-01
HUB-022,7,2023-10-02
HUB-022,6,2023-10-03
HUB-022,3,2023-10-04
HUB-022,2,2023-10-05
HUB-022,9,2023-10-06
HUB-022,5,2023-10-07
HUB-022,7,2023-10-08
HUB-022,6,2023-10-09
HUB-022,7,2023-10-10
HUB-022,7,2023-10-11
HUB-022,6,2023-10-12
HUB-022,9,2023-10-13
HUB-022,5,2023-10-14
HUB-022,8,2023-10-15
HUB-022,7,2023-10-16
HUB-022,4,2023-10-17
HUB-022,9,2023-10-18
HUB-022,10,2023-10-19
HUB-022,7,2023-10-20
HUB-022,5,2023-10-21
HUB-022,6,2023-10-22
HUB-022,6,2023-10-23
HUB-022,9,2023-10-24
HUB-022,4,2023-10-25
HUB-022,7,2023-10-26
HUB-022,7,2023-10-27
HUB-022,7,2023-10-28
HUB-022,6,2023-10-29
HUB-022,5,2023-10-30
HUB-022,4,2023-10-31
HUB-022,10,2023-11-01
HUB-022,5,2023-11-02
HUB-022,5,2023-11-03
HUB-022,13,2023-11-04
HUB-022,4,2023-11-05
HUB-022,3,2023-11-06
HUB-022,7,2023-11-07
HUB-022,7,2023-11-08
HUB-022,10,2023-11-09
HUB-022,6,2023-11-10
HUB-022,9,2023-11-11
HUB-022,1,2023-11-12
HUB-022,6,2023-11-13
HUB-022,7,2023-11-14
HUB-022,8,2023-11-15
HUB-022,5,2023-11-16
HUB-022,12,2023-11-17
HUB-022,12,2023-11-18
HUB-022,9,2023-11-19
HUB-022,7,2023-11-20
HUB-022,5,2023-11-21
HUB-022,4,2023-11-22
HUB-022,3,2023-11-23
HUB-022,3,2023-11-24
HUB-022,8,2023-11-25
HUB-022,6,2023-11-26
HUB-022,5,2023-11-27
HUB-022,5,2023-11-28
HUB-022,9,2023-11-29
HUB-022,12,2023-11-30
HUB-022,7,2023-12-01
HUB-022,6,2023-12-02
HUB-022,4,2023-12-03
HUB-022,5,2023-12-04
HUB-022,10,2023-12-05
HUB-022,7,2023-12-06
HUB-022,4,2023-12-07
HUB-022,1,2023-12-08
HUB-022,9,2023-12-09
HUB-022,5,2023-12-10
HUB-022,7,2023-12-11
HUB-022,11,2023-12-12
HUB-022,6,2023-12-13
HUB-022,8,2023-12-14
HUB-022,4,2023-12-15
HUB-022,5,2023-12-16
HUB-022,7,2023-12-17
HUB-022,8,2023-12-18
HUB-022,5,2023-12-19
HUB-022,6,2023-12-20
HUB-022,8,2023-12-21
HUB-022,9,2023-12-22
HUB-022,9,2023-12-23
HUB-022,9,2023-12-24
HUB-022,10,2023-12-25
HUB-022,7,2023-12-26
HUB-022,5,2023-12-27
HUB-022,6,2023-12-28
HUB-022,7,2023-12-29
HUB-022,6,2023-12-30
HUB-022,4,2023-12-31
HUB-022,12,2024-01-01
HUB-022,4,2024-01-02
HUB-022,7,2024-01-03
HUB-022,4,2024-01-04
HUB-022,6,2024-01-05
HUB-022,7,2024-01-06
HUB-022,9,2024-01-07
HUB-022,7,2024-01-08
HUB-022,3,2024-01-09
HUB-022,5,2024-01-10
HUB-022,6,2024-01-11
HUB-022,8,2024-01-12
HUB-022,6,2024-01-13
HUB-022,8,2024-01-14
HUB-022,6,2024-01-15
HUB-022,8,2024-01-16
HUB-022,9,2024-01-17
HUB-022,9,2024-01-18
HUB-022,5,2024-01-19
HUB-022,4,2024-01-20
HUB-022,6,2024-01-21
HUB-022,6,2024-01-22
HUB-022,5,2024-01-23
HUB-022,5,2024-01-24
HUB-022,7,2024-01-25
HUB-022,9,2024-01-26
HUB-022,5,2024-01-27
HUB-022,6,2024-01-28
HUB-022,7,2024-01-29
HUB-022,4,2024-01-30
HUB-022,2,2024-01-31
HUB-022,4,2024-02-01
HUB-022,7,2024-02-02
HUB-022,7,2024-02-03
HUB-022,9,2024-02-04
HUB-022,8,2024-02-05
HUB-022,4,2024-02-06
HUB-022,4,2024-02-07
HUB-022,4,2024-02-08
HUB-022,7,2024-02-09
HUB-022,7,2024-02-10
HUB-022,7,2024-02-11
HUB-022,10,2024-02-12
HUB-022,8,2024-02-13
HUB-022,8,2024-02-14
HUB-022,13,2024-02-15
HUB-022,10,2024-02-16
HUB-022,9,2024-02-17
HUB-022,8,2024-02-18
HUB-022,7,2024-02-19
HUB-022,4,2024-02-20
HUB-022,7,2024-02-21
HUB-022,5,2024-02-22
HUB-022,7,2024-02-23
HUB-022,7,2024-02-24
HUB-022,8,2024-02-25
HUB-022,6,2024-02-26
HUB-022,5,2024-02-27
HUB-022,14,2024-02-28
HUB-022,8,2024-02-29
HUB-022,6,2024-03-01
HUB-022,8,2024-03-02
HUB-022,6,2024-03-03
HUB-022,5,2024-03-04
HUB-022,5,2024-03-05
HUB-022,6,2024-03-06
HUB-022,7,2024-03-07
HUB-022,8,2024-03-08
HUB-022,9,2024-03-09
HUB-022,8,2024-03-10
HUB-022,9,2024-03-11
HUB-022,6,2024-03-12
HUB-022,4,2024-03-13
HUB-022,9,2024-03-14
HUB-022,9,2024-03-15
HUB-022,5,2024-03-16
HUB-022,12,2024-03-17
HUB-022,10,2024-03-18
HUB-022,7,2024-03-19
HUB-022,5,2024-03-20
HUB-022,7,2024-03-21
HUB-022,5,2024-03-22
HUB-022,4,2024-03-23
HUB-022,12,2024-03-24
HUB-022,2,2024-03-25
HUB-022,5,2024-03-26
HUB-022,8,2024-03-27
HUB-022,9,2024-03-28
HUB-022,5,2024-03-29
HUB-022,10,2024-03-30
HUB-022,6,2024-03-31
HUB-022,3,2024-04-01
HUB-022,10,2024-04-02
HUB-022,6,2024-04-03
HUB-022,10,2024-04-04
HUB-022,3,2024-04-05
HUB-022,11,2024-04-06
HUB-022,9,2024-04-07
HUB-022,7,2024-04-08
HUB-022,5,2024-04-09
HUB-022,10,2024-04-10
HUB-022,12,2024-04-11
HUB-022,7,2024-04-12
HUB-022,14,2024-04-13
HUB-022,6,2024-04-14
HUB-022,8,2024-04-15
HUB-022,6,2024-04-16
HUB-022,8,2024-04-17
HUB-022,8,2024-04-18
HUB-022,9,2024-04-19
HUB-022,5,2024-04-20
HUB-022,8,2024-04-21
HUB-022,5,2024-04-22
HUB-022,4,2024-04-23
HUB-022,8,2024-04-24
HUB-022,6,2024-04-25
HUB-022,13,2024-04-26
HUB-022,5,2024-04-27
HUB-022,7,2024-04-28
HUB-022,6,2024-04-29
HUB-022,7,2024-04-30
HUB-022,6,2024-05-01
HUB-022,4,2024-05-02
HUB-022,9,2024-05-03
HUB-022,9,2024-05-04
HUB-022,5,2024-05-05
HUB-022,9,2024-05-06
HUB-022,6,2024-05-07
HUB-022,3,2024-05-08
HUB-022,6,2024-05-09
HUB-022,4,2024-05-10
HUB-022,8,2024-05-11
HUB-022,3,2024-05-12
HUB-022,7,2024-05-13
HUB-022,6,2024-05-14
HUB-022,12,2024-05-15
HUB-022,8,2024-05-16
HUB-022,7,2024-05-17
HUB-022,9,2024-05-18
HUB-022,5,2024-05-19
HUB-022,7,2024-05-20
HUB-022,11,2024-05-21
HUB-022,5,2024-05-22
HUB-022,5,2024-05-23
HUB-022,6,2024-05-24
HUB-022,6,2024-05-25
HUB-022,12,2024-05-26
HUB-022,14,2024-05-27
HUB-022,5,2024-05-28
HUB-022,7,2024-05-29
HUB-022,3,2024-05-30
HUB-022,5,2024-05-31
HUB-022,8,2024-06-01
HUB-022,5,2024-06-02
HUB-022,8,2024-06-03
HUB-022,8,2024-06-04
HUB-022,2,2024-06-05
HUB-022,7,2024-06-06
HUB-022,12,2024-06-07
HUB-022,9,2024-06-08
HUB-022,5,2024-06-09
HUB-022,3,2024-06-10
HUB-022,8,2024-06-11
HUB-022,7,2024-06-12
HUB-022,6,2024-06-13
HUB-022,6,2024-06-14
HUB-022,2,2024-06-15
HUB-022,3,2024-06-16
HUB-022,5,2024-06-17
HUB-022,8,2024-06-18
HUB-022,6,2024-06-19
HUB-022,6,2024-06-20
HUB-022,4,2024-06-21
HUB-022,3,2024-06-22
HUB-022,8,2024-06-23
HUB-022,7,2024-06-24
HUB-022,7,2024-06-25
HUB-022,9,2024-06-26
HUB-022,5,2024-06-27
HUB-022,9,2024-06-28
HUB-022,6,2024-06-29
HUB-022,6,2024-06-30
HUB-022,7,2024-07-01
HUB-022,4,2024-07-02
HUB-022,7,2024-07-03
HUB-022,7,2024-07-04
HUB-022,11,2024-07-05
HUB-022,7,2024-07-06
HUB-022,6,2024-07-07
HUB-022,9,2024-07-08
HUB-022,10,2024-07-09
HUB-022,4,2024-07-10
HUB-022,4,2024-07-11
HUB-022,3,2024-07-12
HUB-022,2,2024-07-13
HUB-022,9,2024-07-14
HUB-022,3,2024-07-15
HUB-022,10,2024-07-16
HUB-022,9,2024-07-17
HUB-022,8,2024-07-18
HUB-022,7,2024-07-19
HUB-022,3,2024-07-20
HUB-022,6,2024-07-21
HUB-022,6,2024-07-22
HUB-022,10,2024-07-23
HUB-022,8,2024-07-24
HUB-022,3,2024-07-25
HUB-022,8,2024-07-26
HUB-022,14,2024-07-27
HUB-022,5,2024-07-28
HUB-022,9,2024-07-29
HUB-022,6,2024-07-30
HUB-022,8,2024-07-31
HUB-022,5,2024-08-01
HUB-022,9,2024-08-02
HUB-022,4,2024-08-03
HUB-022,7,2024-08-04
HUB-022,4,2024-08-05
HUB-022,12,2024-08-06
HUB-022,9,2024-08-07
HUB-022,11,2024-08-08
HUB-022,6,2024-08-09
HUB-022,5,2024-08-10
HUB-022,8,2024-08-11
HUB-022,7,2024-08-12
HUB-022,9,2024-08-13
HUB-022,9,2024-08-14
HUB-022,6,2024-08-15
HUB-022,7,2024-08-16
HUB-022,10,2024-08-17
HUB-022,5,2024-08-18
HUB-022,6,2024-08-19
HUB-022,11,2024-08-20
HUB-022,6,2024-08-21
HUB-022,8,2024-08-22
HUB-022,7,2024-08-23
HUB-022,4,2024-08-24
HUB-022,8,2024-08-25
HUB-022,6,2024-08-26
HUB-022,7,2024-08-27
HUB-022,9,2024-08-28
HUB-022,5,2024-08-29
HUB-022,6,2024-08-30
HUB-022,2,2024-08-31
HUB-022,10,2024-09-01
HUB-022,9,2024-09-02
HUB-022,5,2024-09-03
HUB-022,8,2024-09-04
HUB-022,5,2024-09-05
HUB-022,3,2024-09-06
HUB-022,6,2024-09-07
HUB-022,4,2024-09-08
HUB-022,9,2024-09-09
HUB-022,5,2024-09-10
HUB-022,7,2024-09-11
HUB-022,11,2024-09-12
HUB-022,6,2024-09-13
HUB-022,5,2024-09-14
HUB-022,9,2024-09-15
HUB-022,10,2024-09-16
HUB-022,7,2024-09-17
HUB-022,8,2024-09-18
HUB-022,9,2024-09-19
HUB-022,5,2024-09-20
HUB-022,6,2024-09-21
HUB-022,10,2024-09-22
HUB-022,5,2024-09-23
HUB-022,8,2024-09-24
HUB-022,8,2024-09-25
HUB-022,7,2024-09-26
HUB-022,9,2024-09-27
HUB-022,11,2024-09-28
HUB-022,9,2024-09-29
HUB-022,3,2024-09-30
HUB-022,7,2024-10-01
HUB-022,2,2024-10-02
HUB-022,7,2024-10-03
HUB-022,3,2024-10-04
HUB-022,5,2024-10-05
HUB-022,2,2024-10-06
HUB-022,8,2024-10-07
HUB-022,3,2024-10-08
HUB-022,5,2024-10-09
HUB-022,9,2024-10-10
HUB-022,4,2024-10-11
HUB-022,7,2024-10-12
HUB-022,6,2024-10-13
HUB-022,8,2024-10-14
HUB-022,6,2024-10-15
HUB-022,5,2024-10-16
HUB-022,8,2024-10-17
HUB-022,7,2024-10-18
HUB-022,9,2024-10-19
HUB-022,15,2024-10-20
HUB-022,9,2024-10-21
HUB-022,7,2024-10-22
HUB-022,6,2024-10-23
HUB-022,6,2024-10-24
HUB-022,6,2024-10-25
HUB-022,7,2024-10-26
HUB-022,6,2024-10-27
HUB-022,9,2024-10-28
HUB-022,10,2024-10-29
HUB-022,3,2024-10-30
HUB-022,5,2024-10-31
HUB-022,8,2024-11-01
HUB-022,10,2024-11-02
HUB-022,9,2024-11-03
HUB-022,3,2024-11-04
HUB-022,3,2024-11-05
HUB-022,3,2024-11-06
HUB-022,11,2024-11-07
HUB-022,3,2024-11-08
HUB-022,3,2024-11-09
HUB-022,4,2024-11-10
HUB-022,4,2024-11-11
HUB-022,7,2024-11-12
HUB-022,10,2024-11-13
HUB-022,9,2024-11-14
HUB-022,13,2024-11-15
HUB-022,6,2024-11-16
HUB-022,7,2024-11-17
HUB-022,5,2024-11-18
HUB-022,9,2024-11-19
HUB-022,7,2024-11-20
HUB-022,7,2024-11-21
HUB-022,11,2024-11-22
HUB-022,9,2024-11-23
HUB-022,13,2024-11-24
HUB-022,2,2024-11-25
HUB-022,6,2024-11-26
HUB-022,7,2024-11-27
HUB-022,6,2024-11-28
HUB-022,11,2024-11-29
HUB-022,6,2024-11-30
HUB-022,12,2024-12-01
HUB-022,5,2024-12-02
HUB-022,5,2024-12-03
HUB-022,8,2024-12-04
HUB-022,6,2024-12-05
HUB-022,10,2024-12-06
HUB-022,8,2024-12-07
HUB-022,5,2024-12-08
HUB-022,9,2024-12-09
HUB-022,3,2024-12-10
HUB-022,7,2024-12-11
HUB-022,8,2024-12-12
HUB-022,6,2024-12-13
HUB-022,9,2024-12-14
HUB-022,9,2024-12-15
HUB-022,4,2024-12-16
HUB-022,9,2024-12-17
HUB-022,7,2024-12-18
HUB-022,9,2024-12-19
HUB-022,5,2024-12-20
HUB-022,5,2024-12-21
HUB-022,7,2024-12-22
HUB-022,5,2024-12-23
HUB-022,10,2024-12-24
HUB-022,11,2024-12-25
HUB-022,8,2024-12-26
HUB-022,2,2024-12-27
HUB-022,8,2024-12-28
HUB-022,2,2024-12-29
HUB-022,5,2024-12-30
HUB-022,8,2024-12-31
HUB-022,10,2025-01-01
HUB-022,3,2025-01-02
HUB-022,5,2025-01-03
HUB-022,10,2025-01-04
HUB-022,8,2025-01-05
HUB-022,12,2025-01-06
HUB-022,7,2025-01-07
HUB-022,8,2025-01-08
HUB-022,9,2025-01-09
HUB-022,8,2025-01-10
HUB-022,7,2025-01-11
HUB-022,6,2025-01-12
HUB-022,5,2025-01-13
HUB-022,7,2025-01-14
HUB-022,10,2025-01-15
HUB-022,7,2025-01-16
HUB-022,6,2025-01-17
HUB-022,7,2025-01-18
HUB-022,9,2025-01-19
HUB-022,10,2025-01-20
HUB-022,7,2025-01-21
HUB-022,3,2025-01-22
HUB-022,5,2025-01-23
HUB-022,4,2025-01-24
HUB-022,1,2025-01-25
HUB-022,6,2025-01-26
HUB-022,9,2025-01-27
HUB-022,9,2025-01-28
HUB-022,4,2025-01-29
HUB-022,9,2025-01-30
HUB-022,11,2025-01-31
HUB-022,11,2025-02-01
HUB-022,7,2025-02-02
HUB-022,10,2025-02-03
HUB-022,9,2025-02-04
HUB-022,15,2025-02-05
HUB-022,7,2025-02-06
HUB-022,5,2025-02-07
HUB-022,6,2025-02-08
HUB-022,2,2025-02-09
HUB-022,6,2025-02-10
HUB-022,8,2025-02-11
HUB-022,7,2025-02-12
HUB-022,6,2025-02-13
HUB-022,8,2025-02-14
HUB-022,5,2025-02-15
HUB-022,5,2025-02-16
HUB-022,7,2025-02-17
HUB-022,6,2025-02-18
HUB-022,8,2025-02-19
HUB-022,7,2025-02-20
HUB-022,7,2025-02-21
HUB-022,2,2025-02-22
HUB-022,9,2025-02-23
HUB-022,7,2025-02-24
HUB-022,6,2025-02-25
HUB-022,4,2025-02-26
HUB-022,9,2025-02-27
HUB-022,9,2025-02-28
HUB-022,5,2025-03-01
HUB-022,9,2025-03-02
HUB-022,7,2025-03-03
HUB-022,9,2025-03-04
HUB-022,4,2025-03-05
HUB-022,3,2025-03-06
HUB-022,7,2025-03-07
HUB-022,4,2025-03-08
HUB-022,11,2025-03-09
HUB-022,7,2025-03-10
HUB-022,7,2025-03-11
HUB-022,10,2025-03-12
HUB-022,10,2025-03-13
HUB-022,3,2025-03-14
HUB-022,8,2025-03-15
HUB-022,7,2025-03-16
HUB-022,12,2025-03-17
HUB-022,9,2025-03-18
HUB-022,6,2025-03-19
HUB-022,7,2025-03-20
HUB-022,7,2025-03-21
HUB-022,8,2025-03-22
HUB-022,10,2025-03-23
HUB-022,8,2025-03-24
HUB-022,7,2025-03-25
HUB-022,7,2025-03-26
HUB-022,5,2025-03-27
HUB-022,8,2025-03-28
HUB-022,13,2025-03-29
HUB-022,11,2025-03-30
HUB-022,4,2025-03-31
HUB-022,11,2025-04-01
HUB-022,10,2025-04-02
HUB-022,7,2025-04-03
HUB-022,2,2025-04-04
HUB-022,10,2025-04-05
HUB-022,9,2025-04-06
HUB-022,11,2025-04-07
HUB-022,3,2025-04-08
HUB-022,7,2025-04-09
HUB-022,6,2025-04-10
HUB-022,8,2025-04-11
HUB-022,6,2025-04-12
HUB-022,11,2025-04-13
HUB-022,11,2025-04-14
HUB-022,5,2025-04-15
HUB-022,5,2025-04-16
HUB-022,5,2025-04-17
HUB-022,6,2025-04-18
HUB-022,4,2025-04-19
HUB-022,4,2025-04-20
HUB-022,4,2025-04-21
HUB-022,13,2025-04-22
HUB-022,10,2025-04-23
HUB-022,5,2025-04-24
HUB-022,5,2025-04-25
HUB-022,9,2025-04-26
HUB-022,13,2025-04-27
HUB-022,6,2025-04-28
HUB-022,6,2025-04-29
HUB-022,4,2025-04-30
HUB-022,10,2025-05-01
HUB-022,3,2025-05-02
HUB-022,10,2025-05-03
HUB-022,7,2025-05-04
HUB-022,6,2025-05-05
HUB-022,7,2025-05-06
HUB-022,9,2025-05-07
HUB-022,7,2025-05-08
HUB-022,9,2025-05-09
HUB-022,9,2025-05-10
HUB-022,13,2025-05-11
HUB-022,7,2025-05-12
HUB-022,7,2025-05-13
HUB-022,8,2025-05-14
HUB-022,6,2025-05-15
HUB-022,4,2025-05-16
HUB-022,7,2025-05-17
HUB-022,4,2025-05-18
HUB-022,12,2025-05-19
HUB-022,10,2025-05-20
HUB-022,4,2025-05-21
HUB-022,9,2025-05-22
HUB-022,11,2025-05-23
HUB-022,7,2025-05-24
HUB-022,8,2025-05-25
HUB-022,3,2025-05-26
HUB-022,9,2025-05-27
HUB-022,6,2025-05-28
HUB-022,9,2025-05-29
HUB-022,8,2025-05-30
HUB-022,8,2025-05-31
HUB-022,7,2025-06-01
HUB-022,7,2025-06-02
HUB-022,8,2025-06-03
HUB-022,7,2025-06-04
HUB-022,7,2025-06-05
HUB-022,5,2025-06-06
HUB-022,8,2025-06-07
HUB-022,4,2025-06-08
HUB-022,3,2025-06-09
HUB-022,2,2025-06-10
HUB-022,7,2025-06-11
HUB-022,10,2025-06-12
HUB-022,5,2025-06-13
HUB-022,5,2025-06-14
HUB-022,10,2025-06-15
HUB-022,7,2025-06-16
HUB-022,3,2025-06-17
HUB-022,6,2025-06-18
HUB-022,7,2025-06-19
HUB-022,6,2025-06-20
HUB-022,12,2025-06-21
HUB-022,8,2025-06-22
HUB-022,11,2025-06-23
HUB-022,3,2025-06-24
HUB-022,7,2025-06-25
HUB-022,8,2025-06-26
HUB-022,4,2025-06-27
HUB-022,5,2025-06-28
HUB-022,6,2025-06-29
HUB-022,9,2025-06-30
HUB-022,5,2025-07-01
HUB-022,7,2025-07-02
HUB-022,5,2025-07-03
HUB-022,6,2025-07-04
HUB-022,4,2025-07-05
HUB-022,6,2025-07-06
HUB-022,6,2025-07-07
HUB-022,6,2025-07-08
HUB-022,8,2025-07-09
HUB-022,6,2025-07-10
HUB-022,6,2025-07-11
HUB-022,7,2025-07-12
HUB-022,10,2025-07-13
HUB-022,5,2025-07-14
HUB-022,7,2025-07-15
HUB-022,10,2025-07-16
HUB-022,4,2025-07-17
HUB-022,10,2025-07-18
HUB-022,11,2025-07-19
HUB-022,6,2025-07-20
HUB-022,5,2025-07-21
HUB-022,6,2025-07-22
HUB-022,4,2025-07-23
HUB-022,10,2025-07-24
HUB-022,10,2025-07-25
HUB-022,4,2025-07-26
HUB-022,6,2025-07-27
HUB-022,8,2025-07-28
HUB-022,5,2025-07-29
HUB-022,7,2025-07-30
HUB-022,4,2025-07-31
HUB-022,11,2025-08-01
HUB-022,8,2025-08-02
HUB-022,7,2025-08-03
HUB-022,6,2025-08-04
HUB-022,3,2025-08-05
HUB-022,8,2025-08-06
HUB-022,7,2025-08-07
HUB-022,3,2025-08-08
HUB-022,6,2025-08-09
HUB-022,5,2025-08-10
HUB-022,7,2025-08-11
HUB-022,4,2025-08-12
HUB-022,6,2025-08-13
HUB-022,9,2025-08-14
HUB-022,9,2025-08-15
HUB-022,7,2025-08-16
HUB-022,5,2025-08-17
HUB-022,7,2025-08-18
HUB-022,12,2025-08-19
HUB-022,4,2025-08-20
HUB-022,7,2025-08-21
HUB-022,5,2025-08-22
HUB-022,3,2025-08-23
HUB-022,7,2025-08-24
HUB-022,10,2025-08-25
HUB-022,2,2025-08-26
HUB-022,9,2025-08-27
HUB-022,4,2025-08-28
HUB-022,5,2025-08-29
HUB-022,3,2025-08-30
HUB-022,5,2025-08-31
HUB-022,8,2025-09-01
HUB-022,5,2025-09-02
HUB-022,6,2025-09-03
HUB-022,8,2025-09-04
HUB-022,5,2025-09-05
HUB-022,6,2025-09-06
HUB-022,6,2025-09-07
HUB-022,5,2025-09-08
HUB-022,7,2025-09-09
HUB-022,2,2025-09-10
HUB-022,7,2025-09-11
HUB-022,10,2025-09-12
HUB-022,5,2025-09-13
HUB-022,8,2025-09-14
HUB-022,12,2025-09-15
HUB-022,8,2025-09-16
HUB-022,5,2025-09-17
HUB-022,10,2025-09-18
HUB-022,7,2025-09-19
HUB-022,4,2025-09-20
HUB-022,6,2025-09-21
HUB-022,3,2025-09-22
HUB-022,5,2025-09-23
HUB-022,9,2025-09-24
HUB-022,4,2025-09-25
HUB-022,5,2025-09-26
HUB-022,8,2025-09-27
HUB-022,8,2025-09-28
HUB-022,10,2025-09-29
HUB-022,8,2025-09-30
HUB-022,4,2025-10-01
HUB-022,7,2025-10-02
HUB-022,11,2025-10-03
HUB-022,7,2025-10-04
HUB-022,6,2025-10-05
HUB-022,12,2025-10-06
HUB-022,5,2025-10-07
HUB-022,3,2025-10-08
HUB-022,10,2025-10-09
HUB-022,10,2025-10-10
HUB-022,10,2025-10-11
HUB-022,6,2025-10-12
HUB-022,3,2025-10-13
HUB-022,3,2025-10-14
HUB-022,4,2025-10-15
HUB-022,8,2025-10-16
HUB-022,6,2025-10-17
HUB-022,7,2025-10-18
HUB-022,3,2025-10-19
HUB-022,3,2025-10-20
HUB-022,8,2025-10-21
HUB-022,8,2025-10-22
HUB-022,7,2025-10-23
HUB-022,4,2025-10-24
HUB-022,7,2025-10-25
HUB-022,3,2025-10-26
HUB-022,7,2025-10-27
HUB-022,8,2025-10-28
HUB-022,5,2025-10-29
HUB-022,7,2025-10-30
HUB-022,12,2025-10-31
HUB-022,9,2025-11-01
HUB-022,6,2025-11-02
HUB-022,11,2025-11-03
HUB-022,6,2025-11-04
HUB-022,3,2025-11-05
HUB-022,8,2025-11-06
HUB-022,12,2025-11-07
HUB-022,7,2025-11-08
HUB-022,12,2025-11-09
HUB-022,6,2025-11-10
HUB-022,10,2025-11-11
HUB-022,4,2025-11-12
HUB-022,5,2025-11-13
HUB-022,8,2025-11-14
HUB-022,4,2025-11-15
HUB-022,3,2025-11-16
HUB-022,13,2025-11-17
HUB-022,5,2025-11-18
HUB-022,9,2025-11-19
HUB-022,5,2025-11-20
HUB-022,8,2025-11-21
HUB-022,9,2025-11-22
HUB-022,4,2025-11-23
HUB-022,5,2025-11-24
HUB-022,5,2025-11-25
HUB-022,4,2025-11-26
HUB-022,9,2025-11-27
HUB-022,8,2025-11-28
HUB-022,11,2025-11-29
HUB-022,8,2025-11-30
HUB-022,5,2025-12-01
HUB-022,4,2025-12-02
HUB-022,5,2025-12-03
HUB-022,9,2025-12-04
HUB-022,14,2025-12-05
HUB-022,8,2025-12-06
HUB-022,6,2025-12-07
HUB-022,4,2025-12-08
HUB-022,9,2025-12-09
HUB-022,10,2025-12-10
HUB-022,5,2025-12-11
HUB-022,6,2025-12-12
HUB-022,3,2025-12-13
HUB-022,9,2025-12-14
HUB-022,5,2025-12-15
HUB-022,6,2025-12-16
HUB-022,10,2025-12-17
HUB-022,6,2025-12-18
HUB-022,6,2025-12-19
HUB-022,9,2025-12-20
HUB-022,5,2025-12-21
HUB-022,7,2025-12-22
HUB-022,7,2025-12-23
HUB-022,6,2025-12-24
HUB-022,8,2025-12-25
HUB-022,13,2025-12-26
HUB-022,8,2025-12-27
HUB-022,4,2025-12-28
HUB-022,8,2025-12-29
HUB-022,9,2025-12-30
HUB-022,6,2025-12-31
HUB-022,7,2026-01-01
HUB-022,6,2026-01-02
HUB-022,6,2026-01-03
HUB-022,5,2026-01-04
HUB-022,10,2026-01-05
HUB-022,5,2026-01-06
HUB-022,4,2026-01-07
HUB-022,4,2026-01-08
HUB-022,7,2026-01-09
HUB-022,2,2026-01-10
HUB-022,9,2026-01-11
HUB-022,7,2026-01-12
HUB-022,7,2026-01-13
HUB-022,4,2026-01-14
HUB-022,6,2026-01-15
HUB-022,6,2026-01-16
HUB-022,2,2026-01-17
HUB-022,4,2026-01-18
HUB-022,6,2026-01-19
HUB-022,10,2026-01-20
HUB-022,7,2026-01-21
HUB-022,5,2026-01-22
HUB-022,5,2026-01-23
HUB-022,4,2026-01-24
HUB-022,12,2026-01-25
DRV-023,6,2023-01-26
DRV-023,3,2023-01-27
DRV-023,7,2023-01-28
DRV-023,3,2023-01-29
DRV-023,5,2023-01-30
DRV-023,10,2023-01-31
DRV-023,5,2023-02-01
DRV-023,3,2023-02-02
DRV-023,2,2023-02-03
DRV-023,4,2023-02-04
DRV-023,8,2023-02-05
DRV-023,5,2023-02-06
DRV-023,9,2023-02-07
DRV-023,3,2023-02-08
DRV-023,4,2023-02-09
DRV-023,17,2023-02-10
DRV-023,14,2023-02-11
DRV-023,5,2023-02-12
DRV-023,2,2023-02-13
DRV-023,5,2023-02-14
DRV-023,5,2023-02-15
DRV-023,2,2023-02-16
DRV-023,8,2023-02-17
DRV-023,4,2023-02-18
DRV-023,5,2023-02-19
DRV-023,5,2023-02-20
DRV-023,6,2023-02-21
DRV-023,3,2023-02-22
DRV-023,4,2023-02-23
DRV-023,6,2023-02-24
DRV-023,8,2023-02-25
DRV-023,2,2023-02-26
DRV-023,10,2023-02-27
DRV-023,2,2023-02-28
DRV-023,5,2023-03-01
DRV-023,5,2023-03-02
DRV-023,5,2023-03-03
DRV-023,3,2023-03-04
DRV-023,1,2023-03-05
DRV-023,7,2023-03-06
DRV-023,4,2023-03-07
DRV-023,9,2023-03-08
DRV-023,5,2023-03-09
DRV-023,3,2023-03-10
DRV-023,6,2023-03-11
DRV-023,11,2023-03-12
DRV-023,4,2023-03-13
DRV-023,2,2023-03-14
DRV-023,2,2023-03-15
DRV-023,5,2023-03-16
DRV-023,4,2023-03-17
DRV-023,4,2023-03-18
DRV-023,6,2023-03-19
DRV-023,7,2023-03-20
DRV-023,5,2023-03-21
DRV-023,6,2023-03-22
DRV-023,3,2023-03-23
DRV-023,7,2023-03-24
DRV-023,10,2023-03-25
DRV-023,5,2023-03-26
DRV-023,6,2023-03-27
DRV-023,6,2023-03-28
DRV-023,5,2023-03-29
DRV-023,5,2023-03-30
DRV-023,7,2023-03-31
DRV-023,2,2023-04-01
DRV-023,5,2023-04-02
DRV-023,4,2023-04-03
DRV-023,5,2023-04-04
DRV-023,4,2023-04-05
DRV-023,4,2023-04-06
DRV-023,9,2023-04-07
DRV-023,3,2023-04-08
DRV-023,3,2023-04-09
DRV-023,8,2023-04-10
DRV-023,5,2023-04-11
DRV-023,4,2023-04-12
DRV-023,3,2023-04-13
DRV-023,5,2023-04-14
DRV-023,8,2023-04-15
DRV-023,5,2023-04-16
DRV-023,4,2023-04-17
DRV-023,8,2023-04-18
DRV-023,7,2023-04-19
DRV-023,4,2023-04-20
DRV-023,8,2023-04-21
DRV-023,2,2023-04-22
DRV-023,3,2023-04-23
DRV-023,5,2023-04-24
DRV-023,3,2023-04-25
DRV-023,4,2023-04-26
DRV-023,4,2023-04-27
DRV-023,8,2023-04-28
DRV-023,2,2023-04-29
DRV-023,8,2023-04-30
DRV-023,9,2023-05-01
DRV-023,5,2023-05-02
DRV-023,4,2023-05-03
DRV-023,3,2023-05-04
DRV-023,6,2023-05-05
DRV-023,5,2023-05-06
DRV-023,3,2023-05-07
DRV-023,3,2023-05-08
DRV-023,1,2023-05-09
DRV-023,7,2023-05-10
DRV-023,4,2023-05-11
DRV-023,2,2023-05-13
DRV-023,6,2023-05-14
DRV-023,4,2023-05-15
DRV-023,6,2023-05-16
DRV-023,2,2023-05-17
DRV-023,2,2023-05-18
DRV-023,7,2023-05-19
DRV-023,6,2023-05-20
DRV-023,5,2023-05-21
DRV-023,2,2023-05-22
DRV-023,6,2023-05-23
DRV-023,9,2023-05-24
DRV-023,9,2023-05-25
DRV-023,6,2023-05-26
DRV-023,5,2023-05-27
DRV-023,5,2023-05-28
DRV-023,6,2023-05-29
DRV-023,5,2023-05-30
DRV-023,9,2023-05-31
DRV-023,7,2023-06-01
DRV-023,1,2023-06-02
DRV-023,4,2023-06-03
DRV-023,5,2023-06-04
DRV-023,8,2023-06-05
DRV-023,7,2023-06-06
DRV-023,4,2023-06-07
DRV-023,2,2023-06-08
DRV-023,3,2023-06-09
DRV-023,7,2023-06-10
DRV-023,7,2023-06-11
DRV-023,4,2023-06-12
DRV-023,5,2023-06-13
DRV-023,4,2023-06-14
DRV-023,5,2023-06-15
DRV-023,4,2023-06-16
DRV-023,5,2023-06-18
DRV-023,8,2023-06-19
DRV-023,6,2023-06-20
DRV-023,5,2023-06-21
DRV-023,4,2023-06-22
DRV-023,5,2023-06-23
DRV-023,6,2023-06-24
DRV-023,5,2023-06-25
DRV-023,4,2023-06-26
DRV-023,9,2023-06-27
DRV-023,8,2023-06-28
DRV-023,2,2023-06-29
DRV-023,6,2023-06-30
DRV-023,3,2023-07-01
DRV-023,7,2023-07-02
DRV-023,4,2023-07-03
DRV-023,6,2023-07-04
DRV-023,7,2023-07-05
DRV-023,4,2023-07-06
DRV-023,3,2023-07-07
DRV-023,3,2023-07-08
DRV-023,6,2023-07-09
DRV-023,2,2023-07-10
DRV-023,2,2023-07-11
DRV-023,5,2023-07-12
DRV-023,6,2023-07-13
DRV-023,6,2023-07-14
DRV-023,5,2023-07-15
DRV-023,4,2023-07-16
DRV-023,5,2023-07-17
DRV-023,7,2023-07-18
DRV-023,4,2023-07-19
DRV-023,8,2023-07-20
DRV-023,4,2023-07-21
DRV-023,3,2023-07-22
DRV-023,5,2023-07-23
DRV-023,3,2023-07-24
DRV-023,5,2023-07-25
DRV-023,7,2023-07-26
DRV-023,3,2023-07-27
DRV-023,2,2023-07-28
DRV-023,7,2023-07-29
DRV-023,7,2023-07-30
DRV-023,6,2023-07-31
DRV-023,4,2023-08-01
DRV-023,2,2023-08-02
DRV-023,4,2023-08-03
DRV-023,4,2023-08-04
DRV-023,8,2023-08-05
DRV-023,5,2023-08-06
DRV-023,6,2023-08-07
DRV-023,3,2023-08-08
DRV-023,6,2023-08-09
DRV-023,4,2023-08-10
DRV-023,2,2023-08-11
DRV-023,6,2023-08-12
DRV-023,3,2023-08-13
DRV-023,3,2023-08-14
DRV-023,5,2023-08-15
DRV-023,6,2023-08-16
DRV-023,7,2023-08-17
DRV-023,4,2023-08-18
DRV-023,3,2023-08-19
DRV-023,6,2023-08-20
DRV-023,7,2023-08-21
DRV-023,2,2023-08-22
DRV-023,4,2023-08-23
DRV-023,8,2023-08-24
DRV-023,3,2023-08-25
DRV-023,3,2023-08-26
DRV-023,3,2023-08-27
DRV-023,3,2023-08-28
DRV-023,5,2023-08-29
DRV-023,5,2023-08-30
DRV-023,5,2023-08-31
DRV-023,3,2023-09-01
DRV-023,5,2023-09-02
DRV-023,3,2023-09-03
DRV-023,4,2023-09-04
DRV-023,5,2023-09-05
DRV-023,4,2023-09-06
DRV-023,4,2023-09-07
DRV-023,3,2023-09-08
DRV-023,4,2023-09-09
DRV-023,6,2023-09-10
DRV-023,3,2023-09-11
DRV-023,3,2023-09-12
DRV-023,4,2023-09-13
DRV-023,5,2023-09-14
DRV-023,3,2023-09-15
DRV-023,10,2023-09-16
DRV-023,5,2023-09-17
DRV-023,8,2023-09-18
DRV-023,6,2023-09-19
DRV-023,3,2023-09-20
DRV-023,11,2023-09-21
DRV-023,8,2023-09-22
DRV-023,2,2023-09-23
DRV-023,6,2023-09-24
DRV-023,7,2023-09-25
DRV-023,4,2023-09-26
DRV-023,2,2023-09-27
DRV-023,3,2023-09-29
DRV-023,4,2023-09-30
DRV-023,5,2023-10-01
DRV-023,8,2023-10-02
DRV-023,4,2023-10-03
DRV-023,5,2023-10-04
DRV-023,4,2023-10-05
DRV-023,3,2023-10-06
DRV-023,6,2023-10-07
DRV-023,8,2023-10-08
DRV-023,4,2023-10-09
DRV-023,4,2023-10-10
DRV-023,9,2023-10-11
DRV-023,1,2023-10-12
DRV-023,4,2023-10-13
DRV-023,5,2023-10-14
DRV-023,7,2023-10-15
DRV-023,2,2023-10-16
DRV-023,6,2023-10-17
DRV-023,4,2023-10-18
DRV-023,3,2023-10-19
DRV-023,2,2023-10-20
DRV-023,4,2023-10-21
DRV-023,3,2023-10-22
DRV-023,4,2023-10-23
DRV-023,7,2023-10-24
DRV-023,1,2023-10-25
DRV-023,2,2023-10-26
DRV-023,6,2023-10-27
DRV-023,7,2023-10-28
DRV-023,3,2023-10-29
DRV-023,3,2023-10-30
DRV-023,5,2023-10-31
DRV-023,6,2023-11-01
DRV-023,6,2023-11-02
DRV-023,1,2023-11-03
DRV-023,3,2023-11-04
DRV-023,3,2023-11-05
DRV-023,1,2023-11-06
DRV-023,2,2023-11-07
DRV-023,4,2023-11-08
DRV-023,7,2023-11-09
DRV-023,5,2023-11-10
DRV-023,2,2023-11-12
DRV-023,4,2023-11-13
DRV-023,4,2023-11-14
DRV-023,7,2023-11-15
DRV-023,5,2023-11-16
DRV-023,6,2023-11-17
DRV-023,2,2023-11-18
DRV-023,6,2023-11-19
DRV-023,1,2023-11-20
DRV-023,4,2023-11-21
DRV-023,6,2023-11-22
DRV-023,6,2023-11-23
DRV-023,4,2023-11-24
DRV-023,8,2023-11-25
DRV-023,6,2023-11-26
DRV-023,8,2023-11-27
DRV-023,5,2023-11-28
DRV-023,4,2023-11-29
DRV-023,5,2023-11-30
DRV-023,10,2023-12-01
DRV-023,7,2023-12-02
DRV-023,2,2023-12-03
DRV-023,4,2023-12-04
DRV-023,2,2023-12-05
DRV-023,8,2023-12-06
DRV-023,1,2023-12-07
DRV-023,9,2023-12-08
DRV-023,2,2023-12-09
DRV-023,5,2023-12-10
DRV-023,4,2023-12-11
DRV-023,1,2023-12-12
DRV-023,6,2023-12-13
DRV-023,6,2023-12-14
DRV-023,5,2023-12-15
DRV-023,6,2023-12-16
DRV-023,4,2023-12-17
DRV-023,5,2023-12-18
DRV-023,5,2023-12-19
DRV-023,4,2023-12-20
DRV-023,5,2023-12-21
DRV-023,3,2023-12-22
DRV-023,8,2023-12-23
DRV-023,8,2023-12-24
DRV-023,6,2023-12-25
DRV-023,3,2023-12-26
DRV-023,3,2023-12-27
DRV-023,3,2023-12-28
DRV-023,4,2023-12-29
DRV-023,6,2023-12-30
DRV-023,6,2023-12-31
DRV-023,1,2024-01-01
DRV-023,3,2024-01-02
DRV-023,4,2024-01-03
DRV-023,9,2024-01-04
DRV-023,8,2024-01-05
DRV-023,4,2024-01-06
DRV-023,4,2024-01-07
DRV-023,5,2024-01-08
DRV-023,6,2024-01-09
DRV-023,6,2024-01-10
DRV-023,2,2024-01-11
DRV-023,7,2024-01-12
DRV-023,7,2024-01-13
DRV-023,7,2024-01-14
DRV-023,2,2024-01-15
DRV-023,3,2024-01-16
DRV-023,3,2024-01-17
DRV-023,5,2024-01-18
DRV-023,5,2024-01-19
DRV-023,3,2024-01-20
DRV-023,6,2024-01-21
DRV-023,5,2024-01-22
DRV-023,4,2024-01-23
DRV-023,2,2024-01-24
DRV-023,5,2024-01-25
DRV-023,7,2024-01-26
DRV-023,2,2024-01-27
DRV-023,8,2024-01-28
DRV-023,4,2024-01-29
DRV-023,7,2024-01-30
DRV-023,3,2024-01-31
DRV-023,8,2024-02-01
DRV-023,5,2024-02-02
DRV-023,3,2024-02-03
DRV-023,5,2024-02-04
DRV-023,3,2024-02-05
DRV-023,5,2024-02-06
DRV-023,6,2024-02-07
DRV-023,3,2024-02-08
DRV-023,5,2024-02-09
DRV-023,5,2024-02-10
DRV-023,4,2024-02-11
DRV-023,3,2024-02-12
DRV-023,2,2024-02-13
DRV-023,9,2024-02-14
DRV-023,2,2024-02-15
DRV-023,6,2024-02-16
DRV-023,7,2024-02-17
DRV-023,5,2024-02-18
DRV-023,5,2024-02-19
DRV-023,2,2024-02-20
DRV-023,3,2024-02-21
DRV-023,5,2024-02-22
DRV-023,5,2024-02-23
DRV-023,2,2024-02-24
DRV-023,9,2024-02-25
DRV-023,6,2024-02-26
DRV-023,1,2024-02-27
DRV-023,4,2024-02-28
DRV-023,6,2024-02-29
DRV-023,5,2024-03-01
DRV-023,4,2024-03-02
DRV-023,5,2024-03-03
DRV-023,9,2024-03-04
DRV-023,4,2024-03-05
DRV-023,1,2024-03-06
DRV-023,4,2024-03-07
DRV-023,4,2024-03-08
DRV-023,4,2024-03-09
DRV-023,4,2024-03-10
DRV-023,3,2024-03-11
DRV-023,6,2024-03-12
DRV-023,5,2024-03-13
DRV-023,3,2024-03-14
DRV-023,10,2024-03-15
DRV-023,6,2024-03-16
DRV-023,4,2024-03-17
DRV-023,8,2024-03-18
DRV-023,6,2024-03-19
DRV-023,6,2024-03-20
DRV-023,4,2024-03-21
DRV-023,10,2024-03-22
DRV-023,5,2024-03-23
DRV-023,6,2024-03-24
DRV-023,4,2024-03-25
DRV-023,3,2024-03-26
DRV-023,6,2024-03-27
DRV-023,2,2024-03-28
DRV-023,3,2024-03-29
DRV-023,8,2024-03-30
DRV-023,6,2024-03-31
DRV-023,4,2024-04-01
DRV-023,4,2024-04-02
DRV-023,5,2024-04-03
DRV-023,8,2024-04-04
DRV-023,6,2024-04-05
DRV-023,5,2024-04-06
DRV-023,6,2024-04-07
DRV-023,3,2024-04-08
DRV-023,10,2024-04-09
DRV-023,2,2024-04-10
DRV-023,6,2024-04-11
DRV-023,7,2024-04-12
DRV-023,7,2024-04-13
DRV-023,1,2024-04-14
DRV-023,3,2024-04-15
DRV-023,5,2024-04-16
DRV-023,8,2024-04-17
DRV-023,2,2024-04-18
DRV-023,5,2024-04-19
DRV-023,2,2024-04-20
DRV-023,3,2024-04-21
DRV-023,3,2024-04-22
DRV-023,5,2024-04-23
DRV-023,2,2024-04-24
DRV-023,7,2024-04-25
DRV-023,7,2024-04-26
DRV-023,3,2024-04-27
DRV-023,4,2024-04-28
DRV-023,6,2024-04-29
DRV-023,7,2024-04-30
DRV-023,7,2024-05-01
DRV-023,2,2024-05-02
DRV-023,5,2024-05-03
DRV-023,5,2024-05-04
DRV-023,4,2024-05-05
DRV-023,3,2024-05-06
DRV-023,5,2024-05-07
DRV-023,8,2024-05-08
DRV-023,8,2024-05-09
DRV-023,1,2024-05-10
DRV-023,5,2024-05-11
DRV-023,5,2024-05-12
DRV-023,4,2024-05-13
DRV-023,9,2024-05-14
DRV-023,7,2024-05-15
DRV-023,4,2024-05-16
DRV-023,6,2024-05-17
DRV-023,5,2024-05-18
DRV-023,6,2024-05-19
DRV-023,6,2024-05-20
DRV-023,7,2024-05-21
DRV-023,5,2024-05-22
DRV-023,5,2024-05-23
DRV-023,7,2024-05-24
DRV-023,4,2024-05-25
DRV-023,6,2024-05-26
DRV-023,9,2024-05-27
DRV-023,5,2024-05-28
DRV-023,5,2024-05-29
DRV-023,5,2024-05-30
DRV-023,1,2024-05-31
DRV-023,6,2024-06-01
DRV-023,1,2024-06-02
DRV-023,1,2024-06-03
DRV-023,4,2024-06-04
DRV-023,4,2024-06-05
DRV-023,8,2024-06-06
DRV-023,5,2024-06-07
DRV-023,5,2024-06-08
DRV-023,1,2024-06-09
DRV-023,3,2024-06-10
DRV-023,5,2024-06-11
DRV-023,6,2024-06-12
DRV-023,6,2024-06-13
DRV-023,4,2024-06-14
DRV-023,6,2024-06-15
DRV-023,6,2024-06-16
DRV-023,3,2024-06-17
DRV-023,6,2024-06-18
DRV-023,6,2024-06-19
DRV-023,8,2024-06-20
DRV-023,7,2024-06-21
DRV-023,4,2024-06-22
DRV-023,7,2024-06-23
DRV-023,3,2024-06-24
DRV-023,8,2024-06-25
DRV-023,7,2024-06-26
DRV-023,2,2024-06-27
DRV-023,7,2024-06-28
DRV-023,4,2024-06-29
DRV-023,1,2024-06-30
DRV-023,4,2024-07-01
DRV-023,7,2024-07-02
DRV-023,3,2024-07-03
DRV-023,8,2024-07-04
DRV-023,4,2024-07-05
DRV-023,3,2024-07-06
DRV-023,5,2024-07-07
DRV-023,3,2024-07-08
DRV-023,5,2024-07-09
DRV-023,2,2024-07-10
DRV-023,1,2024-07-11
DRV-023,2,2024-07-12
DRV-023,1,2024-07-13
DRV-023,7,2024-07-14
DRV-023,8,2024-07-15
DRV-023,4,2024-07-16
DRV-023,4,2024-07-17
DRV-023,2,2024-07-18
DRV-023,5,2024-07-19
DRV-023,6,2024-07-20
DRV-023,5,2024-07-21
DRV-023,2,2024-07-22
DRV-023,3,2024-07-23
DRV-023,6,2024-07-24
DRV-023,6,2024-07-25
DRV-023,5,2024-07-26
DRV-023,4,2024-07-27
DRV-023,2,2024-07-28
DRV-023,6,2024-07-29
DRV-023,4,2024-07-30
DRV-023,11,2024-07-31
DRV-023,4,2024-08-01
DRV-023,3,2024-08-02
DRV-023,2,2024-08-03
DRV-023,4,2024-08-04
DRV-023,6,2024-08-05
DRV-023,3,2024-08-06
DRV-023,1,2024-08-07
DRV-023,6,2024-08-08
DRV-023,4,2024-08-09
DRV-023,3,2024-08-11
DRV-023,5,2024-08-12
DRV-023,4,2024-08-13
DRV-023,5,2024-08-14
DRV-023,4,2024-08-15
DRV-023,6,2024-08-17
DRV-023,3,2024-08-18
DRV-023,8,2024-08-19
DRV-023,4,2024-08-20
DRV-023,3,2024-08-21
DRV-023,4,2024-08-22
DRV-023,6,2024-08-23
DRV-023,9,2024-08-24
DRV-023,7,2024-08-25
DRV-023,4,2024-08-26
DRV-023,3,2024-08-27
DRV-023,3,2024-08-28
DRV-023,4,2024-08-29
DRV-023,5,2024-08-30
DRV-023,9,2024-08-31
DRV-023,9,2024-09-01
DRV-023,3,2024-09-02
DRV-023,3,2024-09-03
DRV-023,10,2024-09-04
DRV-023,3,2024-09-05
DRV-023,6,2024-09-06
DRV-023,3,2024-09-07
DRV-023,3,2024-09-08
DRV-023,6,2024-09-09
DRV-023,4,2024-09-10
DRV-023,6,2024-09-11
DRV-023,1,2024-09-12
DRV-023,6,2024-09-13
DRV-023,2,2024-09-14
DRV-023,7,2024-09-15
DRV-023,5,2024-09-16
DRV-023,7,2024-09-17
DRV-023,5,2024-09-18
DRV-023,5,2024-09-19
DRV-023,4,2024-09-20
DRV-023,6,2024-09-21
DRV-023,5,2024-09-22
DRV-023,8,2024-09-23
DRV-023,2,2024-09-24
DRV-023,8,2024-09-25
DRV-023,4,2024-09-26
DRV-023,2,2024-09-27
DRV-023,5,2024-09-28
DRV-023,11,2024-09-29
DRV-023,5,2024-09-30
DRV-023,3,2024-10-01
DRV-023,6,2024-10-02
DRV-023,2,2024-10-03
DRV-023,5,2024-10-04
DRV-023,5,2024-10-05
DRV-023,4,2024-10-06
DRV-023,3,2024-10-07
DRV-023,5,2024-10-08
DRV-023,5,2024-10-09
DRV-023,3,2024-10-10
DRV-023,5,2024-10-11
DRV-023,4,2024-10-12
DRV-023,4,2024-10-13
DRV-023,7,2024-10-14
DRV-023,3,2024-10-15
DRV-023,3,2024-10-16
DRV-023,8,2024-10-17
DRV-023,8,2024-10-18
DRV-023,7,2024-10-19
DRV-023,7,2024-10-20
DRV-023,4,2024-10-21
DRV-023,8,2024-10-22
DRV-023,4,2024-10-23
DRV-023,7,2024-10-24
DRV-023,1,2024-10-25
DRV-023,5,2024-10-26
DRV-023,7,2024-10-28
DRV-023,6,2024-10-29
DRV-023,9,2024-10-30
DRV-023,8,2024-10-31
DRV-023,4,2024-11-01
DRV-023,8,2024-11-02
DRV-023,6,2024-11-03
DRV-023,3,2024-11-04
DRV-023,4,2024-11-05
DRV-023,4,2024-11-06
DRV-023,3,2024-11-07
DRV-023,5,2024-11-08
DRV-023,3,2024-11-09
DRV-023,1,2024-11-10
DRV-023,6,2024-11-11
DRV-023,8,2024-11-12
DRV-023,8,2024-11-13
DRV-023,5,2024-11-14
DRV-023,6,2024-11-15
DRV-023,4,2024-11-16
DRV-023,7,2024-11-17
DRV-023,11,2024-11-18
DRV-023,4,2024-11-19
DRV-023,3,2024-11-20
DRV-023,1,2024-11-21
DRV-023,10,2024-11-22
DRV-023,4,2024-11-23
DRV-023,8,2024-11-24
DRV-023,6,2024-11-25
DRV-023,3,2024-11-26
DRV-023,7,2024-11-27
DRV-023,6,2024-11-28
DRV-023,6,2024-11-29
DRV-023,5,2024-11-30
DRV-023,5,2024-12-01
DRV-023,7,2024-12-02
DRV-023,8,2024-12-03
DRV-023,1,2024-12-04
DRV-023,5,2024-12-05
DRV-023,5,2024-12-06
DRV-023,6,2024-12-07
DRV-023,2,2024-12-08
DRV-023,5,2024-12-09
DRV-023,1,2024-12-10
DRV-023,6,2024-12-11
DRV-023,2,2024-12-12
DRV-023,4,2024-12-13
DRV-023,4,2024-12-14
DRV-023,1,2024-12-15
DRV-023,4,2024-12-16
DRV-023,5,2024-12-17
DRV-023,1,2024-12-18
DRV-023,9,2024-12-19
DRV-023,6,2024-12-20
DRV-023,3,2024-12-21
DRV-023,2,2024-12-22
DRV-023,1,2024-12-23
DRV-023,4,2024-12-24
DRV-023,4,2024-12-25
DRV-023,9,2024-12-26
DRV-023,5,2024-12-27
DRV-023,5,2024-12-28
DRV-023,2,2024-12-29
DRV-023,8,2024-12-30
DRV-023,8,2024-12-31
DRV-023,8,2025-01-01
DRV-023,6,2025-01-02
DRV-023,6,2025-01-03
DRV-023,4,2025-01-04
DRV-023,3,2025-01-05
DRV-023,6,2025-01-06
DRV-023,3,2025-01-07
DRV-023,4,2025-01-08
DRV-023,3,2025-01-09
DRV-023,4,2025-01-10
DRV-023,6,2025-01-11
DRV-023,7,2025-01-12
DRV-023,2,2025-01-13
DRV-023,1,2025-01-14
DRV-023,7,2025-01-15
DRV-023,3,2025-01-16
DRV-023,6,2025-01-17
DRV-023,9,2025-01-18
DRV-023,4,2025-01-19
DRV-023,5,2025-01-20
DRV-023,5,2025-01-21
DRV-023,2,2025-01-22
DRV-023,3,2025-01-23
DRV-023,6,2025-01-24
DRV-023,8,2025-01-25
DRV-023,7,2025-01-26
DRV-023,4,2025-01-27
DRV-023,5,2025-01-28
DRV-023,10,2025-01-29
DRV-023,6,2025-01-30
DRV-023,6,2025-01-31
DRV-023,4,2025-02-01
DRV-023,3,2025-02-02
DRV-023,8,2025-02-03
DRV-023,5,2025-02-04
DRV-023,3,2025-02-05
DRV-023,3,2025-02-06
DRV-023,8,2025-02-07
DRV-023,8,2025-02-08
DRV-023,4,2025-02-09
DRV-023,3,2025-02-10
DRV-023,6,2025-02-11
DRV-023,4,2025-02-12
DRV-023,4,2025-02-13
DRV-023,3,2025-02-14
DRV-023,3,2025-02-15
DRV-023,3,2025-02-16
DRV-023,5,2025-02-17
DRV-023,5,2025-02-18
DRV-023,5,2025-02-19
DRV-023,6,2025-02-20
DRV-023,7,2025-02-21
DRV-023,4,2025-02-22
DRV-023,2,2025-02-23
DRV-023,6,2025-02-24
DRV-023,5,2025-02-25
DRV-023,9,2025-02-26
DRV-023,4,2025-02-27
DRV-023,6,2025-02-28
DRV-023,5,2025-03-01
DRV-023,8,2025-03-02
DRV-023,11,2025-03-03
DRV-023,3,2025-03-04
DRV-023,6,2025-03-05
DRV-023,8,2025-03-06
DRV-023,6,2025-03-07
DRV-023,2,2025-03-08
DRV-023,3,2025-03-09
DRV-023,6,2025-03-10
DRV-023,3,2025-03-11
DRV-023,2,2025-03-12
DRV-023,7,2025-03-13
DRV-023,6,2025-03-14
DRV-023,6,2025-03-15
DRV-023,3,2025-03-16
DRV-023,9,2025-03-17
DRV-023,10,2025-03-18
DRV-023,4,2025-03-19
DRV-023,5,2025-03-20
DRV-023,4,2025-03-21
DRV-023,2,2025-03-22
DRV-023,7,2025-03-23
DRV-023,8,2025-03-24
DRV-023,5,2025-03-25
DRV-023,2,2025-03-26
DRV-023,5,2025-03-27
DRV-023,5,2025-03-28
DRV-023,3,2025-03-29
DRV-023,7,2025-03-30
DRV-023,6,2025-03-31
DRV-023,7,2025-04-01
DRV-023,4,2025-04-02
DRV-023,4,2025-04-03
DRV-023,9,2025-04-04
DRV-023,3,2025-04-05
DRV-023,3,2025-04-06
DRV-023,5,2025-04-07
DRV-023,3,2025-04-08
DRV-023,4,2025-04-09
DRV-023,7,2025-04-10
DRV-023,4,2025-04-11
DRV-023,5,2025-04-12
DRV-023,4,2025-04-13
DRV-023,3,2025-04-14
DRV-023,7,2025-04-15
DRV-023,7,2025-04-16
DRV-023,5,2025-04-17
DRV-023,5,2025-04-18
DRV-023,7,2025-04-19
DRV-023,4,2025-04-20
DRV-023,3,2025-04-21
DRV-023,2,2025-04-22
DRV-023,6,2025-04-23
DRV-023,4,2025-04-24
DRV-023,6,2025-04-25
DRV-023,3,2025-04-26
DRV-023,8,2025-04-27
DRV-023,5,2025-04-28
DRV-023,6,2025-04-29
DRV-023,2,2025-04-30
DRV-023,2,2025-05-01
DRV-023,5,2025-05-02
DRV-023,5,2025-05-03
DRV-023,3,2025-05-04
DRV-023,5,2025-05-05
DRV-023,5,2025-05-06
DRV-023,6,2025-05-07
DRV-023,4,2025-05-08
DRV-023,3,2025-05-09
DRV-023,7,2025-05-10
DRV-023,5,2025-05-11
DRV-023,8,2025-05-12
DRV-023,6,2025-05-13
DRV-023,8,2025-05-14
DRV-023,4,2025-05-15
DRV-023,4,2025-05-16
DRV-023,6,2025-05-17
DRV-023,2,2025-05-18
DRV-023,7,2025-05-19
DRV-023,4,2025-05-20
DRV-023,3,2025-05-21
DRV-023,6,2025-05-22
DRV-023,7,2025-05-23
DRV-023,4,2025-05-24
DRV-023,5,2025-05-25
DRV-023,5,2025-05-26
DRV-023,5,2025-05-27
DRV-023,7,2025-05-28
DRV-023,4,2025-05-29
DRV-023,7,2025-05-30
DRV-023,7,2025-05-31
DRV-023,4,2025-06-01
DRV-023,7,2025-06-02
DRV-023,6,2025-06-03
DRV-023,2,2025-06-04
DRV-023,8,2025-06-05
DRV-023,7,2025-06-06
DRV-023,4,2025-06-07
DRV-023,3,2025-06-08
DRV-023,6,2025-06-09
DRV-023,4,2025-06-10
DRV-023,6,2025-06-11
DRV-023,6,2025-06-12
DRV-023,7,2025-06-13
DRV-023,4,2025-06-14
DRV-023,6,2025-06-15
DRV-023,4,2025-06-16
DRV-023,5,2025-06-17
DRV-023,6,2025-06-18
DRV-023,3,2025-06-19
DRV-023,6,2025-06-20
DRV-023,2,2025-06-21
DRV-023,4,2025-06-22
DRV-023,5,2025-06-23
DRV-023,5,2025-06-24
DRV-023,4,2025-06-25
DRV-023,6,2025-06-26
DRV-023,5,2025-06-27
DRV-023,3,2025-06-28
DRV-023,4,2025-06-29
DRV-023,1,2025-06-30
DRV-023,5,2025-07-01
DRV-023,6,2025-07-02
DRV-023,6,2025-07-03
DRV-023,8,2025-07-04
DRV-023,8,2025-07-05
DRV-023,6,2025-07-06
DRV-023,5,2025-07-07
DRV-023,4,2025-07-08
DRV-023,2,2025-07-09
DRV-023,7,2025-07-10
DRV-023,3,2025-07-11
DRV-023,5,2025-07-12
DRV-023,6,2025-07-13
DRV-023,4,2025-07-14
DRV-023,5,2025-07-15
DRV-023,3,2025-07-16
DRV-023,4,2025-07-17
DRV-023,4,2025-07-18
DRV-023,11,2025-07-19
DRV-023,7,2025-07-20
DRV-023,5,2025-07-21
DRV-023,9,2025-07-22
DRV-023,4,2025-07-23
DRV-023,7,2025-07-24
DRV-023,4,2025-07-25
DRV-023,5,2025-07-26
DRV-023,3,2025-07-27
DRV-023,6,2025-07-28
DRV-023,4,2025-07-29
DRV-023,6,2025-07-30
DRV-023,11,2025-07-31
DRV-023,4,2025-08-01
DRV-023,2,2025-08-02
DRV-023,6,2025-08-03
DRV-023,3,2025-08-04
DRV-023,4,2025-08-05
DRV-023,7,2025-08-06
DRV-023,5,2025-08-07
DRV-023,9,2025-08-08
DRV-023,3,2025-08-10
DRV-023,2,2025-08-11
DRV-023,3,2025-08-12
DRV-023,8,2025-08-13
DRV-023,7,2025-08-14
DRV-023,2,2025-08-15
DRV-023,6,2025-08-16
DRV-023,1,2025-08-17
DRV-023,4,2025-08-18
DRV-023,6,2025-08-19
DRV-023,2,2025-08-20
DRV-023,5,2025-08-21
DRV-023,5,2025-08-22
DRV-023,4,2025-08-23
DRV-023,5,2025-08-24
DRV-023,7,2025-08-25
DRV-023,2,2025-08-26
DRV-023,4,2025-08-27
DRV-023,2,2025-08-28
DRV-023,8,2025-08-29
DRV-023,6,2025-08-30
DRV-023,7,2025-08-31
DRV-023,8,2025-09-01
DRV-023,7,2025-09-02
DRV-023,3,2025-09-03
DRV-023,8,2025-09-04
DRV-023,7,2025-09-05
DRV-023,7,2025-09-06
DRV-023,5,2025-09-07
DRV-023,1,2025-09-08
DRV-023,3,2025-09-09
DRV-023,5,2025-09-10
DRV-023,6,2025-09-11
DRV-023,4,2025-09-12
DRV-023,5,2025-09-13
DRV-023,4,2025-09-14
DRV-023,3,2025-09-15
DRV-023,6,2025-09-16
DRV-023,5,2025-09-17
DRV-023,2,2025-09-18
DRV-023,7,2025-09-19
DRV-023,5,2025-09-20
DRV-023,4,2025-09-21
DRV-023,5,2025-09-22
DRV-023,5,2025-09-23
DRV-023,7,2025-09-24
DRV-023,9,2025-09-25
DRV-023,4,2025-09-26
DRV-023,4,2025-09-27
DRV-023,8,2025-09-28
DRV-023,2,2025-09-29
DRV-023,7,2025-09-30
DRV-023,1,2025-10-01
DRV-023,7,2025-10-02
DRV-023,4,2025-10-03
DRV-023,11,2025-10-04
DRV-023,3,2025-10-05
DRV-023,6,2025-10-06
DRV-023,5,2025-10-07
DRV-023,4,2025-10-08
DRV-023,1,2025-10-09
DRV-023,3,2025-10-10
DRV-023,9,2025-10-11
DRV-023,5,2025-10-12
DRV-023,3,2025-10-13
DRV-023,10,2025-10-15
DRV-023,5,2025-10-16
DRV-023,3,2025-10-17
DRV-023,5,2025-10-18
DRV-023,3,2025-10-19
DRV-023,2,2025-10-20
DRV-023,2,2025-10-21
DRV-023,6,2025-10-22
DRV-023,6,2025-10-23
DRV-023,4,2025-10-24
DRV-023,7,2025-10-25
DRV-023,4,2025-10-26
DRV-023,2,2025-10-27
DRV-023,10,2025-10-28
DRV-023,6,2025-10-29
DRV-023,2,2025-10-30
DRV-023,5,2025-10-31
DRV-023,2,2025-11-01
DRV-023,2,2025-11-02
DRV-023,6,2025-11-03
DRV-023,7,2025-11-04
DRV-023,2,2025-11-05
DRV-023,4,2025-11-06
DRV-023,8,2025-11-07
DRV-023,8,2025-11-08
DRV-023,5,2025-11-09
DRV-023,2,2025-11-10
DRV-023,4,2025-11-11
DRV-023,4,2025-11-12
DRV-023,3,2025-11-13
DRV-023,4,2025-11-14
DRV-023,6,2025-11-15
DRV-023,4,2025-11-16
DRV-023,5,2025-11-17
DRV-023,5,2025-11-18
DRV-023,4,2025-11-19
DRV-023,5,2025-11-20
DRV-023,12,2025-11-21
DRV-023,7,2025-11-22
DRV-023,6,2025-11-23
DRV-023,6,2025-11-24
DRV-023,6,2025-11-25
DRV-023,5,2025-11-26
DRV-023,2,2025-11-27
DRV-023,5,2025-11-28
DRV-023,7,2025-11-29
DRV-023,12,2025-11-30
DRV-023,3,2025-12-01
DRV-023,7,2025-12-02
DRV-023,7,2025-12-03
DRV-023,3,2025-12-04
DRV-023,4,2025-12-05
DRV-023,2,2025-12-06
DRV-023,7,2025-12-07
DRV-023,1,2025-12-08
DRV-023,3,2025-12-09
DRV-023,2,2025-12-10
DRV-023,5,2025-12-11
DRV-023,5,2025-12-12
DRV-023,4,2025-12-13
DRV-023,9,2025-12-14
DRV-023,6,2025-12-15
DRV-023,7,2025-12-16
DRV-023,6,2025-12-17
DRV-023,5,2025-12-18
DRV-023,3,2025-12-19
DRV-023,3,2025-12-20
DRV-023,4,2025-12-21
DRV-023,4,2025-12-22
DRV-023,2,2025-12-23
DRV-023,8,2025-12-24
DRV-023,6,2025-12-25
DRV-023,7,2025-12-26
DRV-023,1,2025-12-27
DRV-023,4,2025-12-28
DRV-023,6,2025-12-29
DRV-023,3,2025-12-30
DRV-023,7,2025-12-31
DRV-023,6,2026-01-01
DRV-023,6,2026-01-02
DRV-023,3,2026-01-03
DRV-023,7,2026-01-04
DRV-023,3,2026-01-05
DRV-023,4,2026-01-06
DRV-023,6,2026-01-07
DRV-023,5,2026-01-08
DRV-023,8,2026-01-09
DRV-023,4,2026-01-10
DRV-023,5,2026-01-11
DRV-023,3,2026-01-12
DRV-023,6,2026-01-13
DRV-023,4,2026-01-14
DRV-023,6,2026-01-15
DRV-023,3,2026-01-16
DRV-023,7,2026-01-17
DRV-023,6,2026-01-18
DRV-023,6,2026-01-19
DRV-023,3,2026-01-20
DRV-023,5,2026-01-21
DRV-023,3,2026-01-22
DRV-023,5,2026-01-23
DRV-023,3,2026-01-24
DRV-023,4,2026-01-25
STR-024,4,2023-01-26
STR-024,5,2023-01-27
STR-024,2,2023-01-28
STR-024,2,2023-01-29
STR-024,5,2023-01-30
STR-024,1,2023-01-31
STR-024,3,2023-02-01
STR-024,2,2023-02-02
STR-024,4,2023-02-03
STR-024,2,2023-02-04
STR-024,2,2023-02-05
STR-024,1,2023-02-06
STR-024,4,2023-02-07
STR-024,1,2023-02-08
STR-024,2,2023-02-09
STR-024,5,2023-02-10
STR-024,5,2023-02-11
STR-024,3,2023-02-12
STR-024,1,2023-02-13
STR-024,6,2023-02-14
STR-024,3,2023-02-15
STR-024,4,2023-02-16
STR-024,2,2023-02-17
STR-024,1,2023-02-19
STR-024,3,2023-02-20
STR-024,2,2023-02-21
STR-024,4,2023-02-22
STR-024,1,2023-02-23
STR-024,2,2023-02-24
STR-024,3,2023-02-25
STR-024,6,2023-02-26
STR-024,1,2023-02-27
STR-024,2,2023-02-28
STR-024,1,2023-03-01
STR-024,2,2023-03-02
STR-024,1,2023-03-03
STR-024,4,2023-03-04
STR-024,3,2023-03-05
STR-024,1,2023-03-07
STR-024,4,2023-03-08
STR-024,3,2023-03-09
STR-024,4,2023-03-10
STR-024,2,2023-03-11
STR-024,1,2023-03-12
STR-024,6,2023-03-13
STR-024,2,2023-03-15
STR-024,5,2023-03-16
STR-024,1,2023-03-17
STR-024,4,2023-03-18
STR-024,2,2023-03-19
STR-024,5,2023-03-20
STR-024,1,2023-03-21
STR-024,6,2023-03-22
STR-024,3,2023-03-23
STR-024,1,2023-03-24
STR-024,1,2023-03-25
STR-024,2,2023-03-27
STR-024,4,2023-03-28
STR-024,1,2023-03-29
STR-024,2,2023-03-30
STR-024,5,2023-03-31
STR-024,1,2023-04-01
STR-024,5,2023-04-02
STR-024,2,2023-04-03
STR-024,2,2023-04-04
STR-024,4,2023-04-05
STR-024,1,2023-04-06
STR-024,4,2023-04-07
STR-024,7,2023-04-08
STR-024,3,2023-04-09
STR-024,4,2023-04-10
STR-024,2,2023-04-11
STR-024,1,2023-04-12
STR-024,4,2023-04-13
STR-024,4,2023-04-14
STR-024,6,2023-04-15
STR-024,5,2023-04-16
STR-024,2,2023-04-17
STR-024,2,2023-04-18
STR-024,3,2023-04-20
STR-024,4,2023-04-21
STR-024,3,2023-04-22
STR-024,1,2023-04-23
STR-024,4,2023-04-24
STR-024,1,2023-04-25
STR-024,4,2023-04-26
STR-024,2,2023-04-27
STR-024,5,2023-04-28
STR-024,3,2023-04-29
STR-024,4,2023-04-30
STR-024,4,2023-05-01
STR-024,2,2023-05-02
STR-024,1,2023-05-03
STR-024,1,2023-05-04
STR-024,4,2023-05-05
STR-024,7,2023-05-06
STR-024,3,2023-05-07
STR-024,3,2023-05-09
STR-024,1,2023-05-11
STR-024,2,2023-05-12
STR-024,5,2023-05-14
STR-024,2,2023-05-15
STR-024,4,2023-05-16
STR-024,6,2023-05-17
STR-024,2,2023-05-18
STR-024,1,2023-05-19
STR-024,1,2023-05-20
STR-024,3,2023-05-21
STR-024,1,2023-05-22
STR-024,7,2023-05-23
STR-024,2,2023-05-24
STR-024,3,2023-05-26
STR-024,7,2023-05-27
STR-024,2,2023-05-28
STR-024,5,2023-05-29
STR-024,6,2023-05-30
STR-024,3,2023-05-31
STR-024,4,2023-06-01
STR-024,1,2023-06-02
STR-024,8,2023-06-03
STR-024,4,2023-06-04
STR-024,2,2023-06-05
STR-024,3,2023-06-06
STR-024,1,2023-06-07
STR-024,2,2023-06-08
STR-024,3,2023-06-09
STR-024,2,2023-06-10
STR-024,6,2023-06-11
STR-024,4,2023-06-12
STR-024,3,2023-06-13
STR-024,1,2023-06-14
STR-024,4,2023-06-15
STR-024,3,2023-06-16
STR-024,2,2023-06-17
STR-024,3,2023-06-18
STR-024,2,2023-06-19
STR-024,1,2023-06-20
STR-024,2,2023-06-21
STR-024,3,2023-06-22
STR-024,2,2023-06-23
STR-024,2,2023-06-24
STR-024,3,2023-06-25
STR-024,4,2023-06-26
STR-024,2,2023-06-27
STR-024,3,2023-06-28
STR-024,6,2023-06-29
STR-024,4,2023-06-30
STR-024,2,2023-07-02
STR-024,1,2023-07-04
STR-024,3,2023-07-05
STR-024,3,2023-07-06
STR-024,1,2023-07-07
STR-024,3,2023-07-08
STR-024,4,2023-07-09
STR-024,2,2023-07-10
STR-024,3,2023-07-11
STR-024,2,2023-07-12
STR-024,5,2023-07-13
STR-024,5,2023-07-15
STR-024,5,2023-07-16
STR-024,6,2023-07-17
STR-024,3,2023-07-18
STR-024,3,2023-07-19
STR-024,3,2023-07-20
STR-024,1,2023-07-21
STR-024,2,2023-07-22
STR-024,2,2023-07-23
STR-024,2,2023-07-24
STR-024,1,2023-07-25
STR-024,4,2023-07-26
STR-024,4,2023-07-27
STR-024,3,2023-07-28
STR-024,5,2023-07-29
STR-024,4,2023-07-30
STR-024,3,2023-07-31
STR-024,5,2023-08-01
STR-024,4,2023-08-02
STR-024,3,2023-08-04
STR-024,1,2023-08-05
STR-024,2,2023-08-06
STR-024,4,2023-08-07
STR-024,4,2023-08-08
STR-024,3,2023-08-09
STR-024,6,2023-08-10
STR-024,4,2023-08-11
STR-024,2,2023-08-13
STR-024,1,2023-08-14
STR-024,3,2023-08-15
STR-024,2,2023-08-16
STR-024,2,2023-08-17
STR-024,3,2023-08-18
STR-024,2,2023-08-19
STR-024,3,2023-08-20
STR-024,3,2023-08-21
STR-024,3,2023-08-22
STR-024,6,2023-08-23
STR-024,2,2023-08-24
STR-024,2,2023-08-25
STR-024,5,2023-08-26
STR-024,3,2023-08-27
STR-024,1,2023-08-28
STR-024,2,2023-08-29
STR-024,4,2023-08-30
STR-024,3,2023-08-31
STR-024,7,2023-09-01
STR-024,4,2023-09-02
STR-024,4,2023-09-03
STR-024,3,2023-09-04
STR-024,4,2023-09-05
STR-024,1,2023-09-06
STR-024,4,2023-09-07
STR-024,1,2023-09-08
STR-024,2,2023-09-09
STR-024,4,2023-09-10
STR-024,3,2023-09-11
STR-024,2,2023-09-12
STR-024,1,2023-09-14
STR-024,3,2023-09-15
STR-024,8,2023-09-16
STR-024,2,2023-09-17
STR-024,2,2023-09-18
STR-024,3,2023-09-19
STR-024,6,2023-09-20
STR-024,3,2023-09-21
STR-024,5,2023-09-22
STR-024,5,2023-09-23
STR-024,2,2023-09-24
STR-024,2,2023-09-25
STR-024,5,2023-09-26
STR-024,6,2023-09-27
STR-024,1,2023-09-30
STR-024,3,2023-10-01
STR-024,1,2023-10-02
STR-024,7,2023-10-03
STR-024,3,2023-10-04
STR-024,3,2023-10-05
STR-024,3,2023-10-06
STR-024,4,2023-10-07
STR-024,2,2023-10-08
STR-024,4,2023-10-09
STR-024,4,2023-10-10
STR-024,5,2023-10-11
STR-024,3,2023-10-12
STR-024,3,2023-10-13
STR-024,1,2023-10-14
STR-024,4,2023-10-15
STR-024,2,2023-10-16
STR-024,3,2023-10-17
STR-024,4,2023-10-18
STR-024,1,2023-10-19
STR-024,2,2023-10-20
STR-024,4,2023-10-21
STR-024,4,2023-10-22
STR-024,1,2023-10-23
STR-024,3,2023-10-24
STR-024,2,2023-10-25
STR-024,3,2023-10-26
STR-024,7,2023-10-27
STR-024,1,2023-10-29
STR-024,4,2023-10-30
STR-024,5,2023-10-31
STR-024,2,2023-11-01
STR-024,4,2023-11-02
STR-024,2,2023-11-03
STR-024,4,2023-11-04
STR-024,1,2023-11-05
STR-024,6,2023-11-06
STR-024,3,2023-11-07
STR-024,3,2023-11-08
STR-024,1,2023-11-09
STR-024,2,2023-11-10
STR-024,5,2023-11-11
STR-024,5,2023-11-12
STR-024,3,2023-11-13
STR-024,2,2023-11-14
STR-024,2,2023-11-15
STR-024,2,2023-11-16
STR-024,1,2023-11-17
STR-024,3,2023-11-18
STR-024,3,2023-11-19
STR-024,1,2023-11-20
STR-024,4,2023-11-22
STR-024,5,2023-11-23
STR-024,1,2023-11-25
STR-024,4,2023-11-27
STR-024,1,2023-11-28
STR-024,4,2023-11-29
STR-024,1,2023-11-30
STR-024,3,2023-12-01
STR-024,5,2023-12-02
STR-024,4,2023-12-03
STR-024,3,2023-12-04
STR-024,2,2023-12-05
STR-024,3,2023-12-06
STR-024,2,2023-12-07
STR-024,3,2023-12-08
STR-024,3,2023-12-09
STR-024,1,2023-12-10
STR-024,4,2023-12-11
STR-024,4,2023-12-12
STR-024,3,2023-12-13
STR-024,3,2023-12-14
STR-024,5,2023-12-15
STR-024,4,2023-12-16
STR-024,1,2023-12-17
STR-024,4,2023-12-18
STR-024,2,2023-12-19
STR-024,3,2023-12-20
STR-024,6,2023-12-22
STR-024,2,2023-12-23
STR-024,4,2023-12-24
STR-024,3,2023-12-25
STR-024,3,2023-12-26
STR-024,4,2023-12-27
STR-024,2,2023-12-28
STR-024,8,2023-12-29
STR-024,2,2023-12-30
STR-024,5,2023-12-31
STR-024,4,2024-01-01
STR-024,1,2024-01-03
STR-024,1,2024-01-04
STR-024,4,2024-01-05
STR-024,5,2024-01-06
STR-024,5,2024-01-07
STR-024,2,2024-01-08
STR-024,5,2024-01-09
STR-024,3,2024-01-10
STR-024,5,2024-01-11
STR-024,2,2024-01-12
STR-024,2,2024-01-13
STR-024,3,2024-01-14
STR-024,7,2024-01-15
STR-024,3,2024-01-16
STR-024,2,2024-01-17
STR-024,1,2024-01-18
STR-024,7,2024-01-19
STR-024,2,2024-01-20
STR-024,6,2024-01-21
STR-024,5,2024-01-22
STR-024,2,2024-01-23
STR-024,7,2024-01-24
STR-024,1,2024-01-25
STR-024,4,2024-01-27
STR-024,6,2024-01-28
STR-024,2,2024-01-29
STR-024,2,2024-01-30
STR-024,2,2024-01-31
STR-024,2,2024-02-01
STR-024,2,2024-02-02
STR-024,4,2024-02-03
STR-024,3,2024-02-04
STR-024,1,2024-02-05
STR-024,1,2024-02-06
STR-024,2,2024-02-07
STR-024,5,2024-02-08
STR-024,2,2024-02-09
STR-024,2,2024-02-10
STR-024,5,2024-02-11
STR-024,1,2024-02-12
STR-024,3,2024-02-13
STR-024,1,2024-02-14
STR-024,6,2024-02-15
STR-024,2,2024-02-16
STR-024,2,2024-02-17
STR-024,3,2024-02-18
STR-024,4,2024-02-19
STR-024,1,2024-02-20
STR-024,3,2024-02-21
STR-024,4,2024-02-22
STR-024,3,2024-02-23
STR-024,5,2024-02-24
STR-024,5,2024-02-25
STR-024,2,2024-02-26
STR-024,4,2024-02-27
STR-024,5,2024-02-28
STR-024,2,2024-02-29
STR-024,3,2024-03-01
STR-024,1,2024-03-02
STR-024,2,2024-03-03
STR-024,2,2024-03-04
STR-024,5,2024-03-05
STR-024,8,2024-03-06
STR-024,5,2024-03-07
STR-024,5,2024-03-08
STR-024,3,2024-03-09
STR-024,5,2024-03-10
STR-024,2,2024-03-11
STR-024,2,2024-03-12
STR-024,2,2024-03-13
STR-024,3,2024-03-14
STR-024,2,2024-03-15
STR-024,3,2024-03-16
STR-024,6,2024-03-17
STR-024,2,2024-03-18
STR-024,1,2024-03-19
STR-024,2,2024-03-20
STR-024,5,2024-03-21
STR-024,1,2024-03-22
STR-024,5,2024-03-23
STR-024,2,2024-03-24
STR-024,1,2024-03-25
STR-024,1,2024-03-27
STR-024,3,2024-03-28
STR-024,1,2024-03-29
STR-024,3,2024-03-30
STR-024,2,2024-03-31
STR-024,3,2024-04-01
STR-024,2,2024-04-02
STR-024,3,2024-04-03
STR-024,1,2024-04-04
STR-024,1,2024-04-05
STR-024,4,2024-04-06
STR-024,4,2024-04-07
STR-024,2,2024-04-08
STR-024,2,2024-04-09
STR-024,1,2024-04-10
STR-024,6,2024-04-11
STR-024,3,2024-04-12
STR-024,2,2024-04-13
STR-024,6,2024-04-14
STR-024,4,2024-04-15
STR-024,3,2024-04-16
STR-024,3,2024-04-17
STR-024,4,2024-04-18
STR-024,4,2024-04-19
STR-024,1,2024-04-20
STR-024,4,2024-04-21
STR-024,3,2024-04-22
STR-024,2,2024-04-23
STR-024,3,2024-04-24
STR-024,2,2024-04-26
STR-024,4,2024-04-27
STR-024,2,2024-04-28
STR-024,2,2024-04-29
STR-024,1,2024-04-30
STR-024,7,2024-05-01
STR-024,1,2024-05-02
STR-024,4,2024-05-03
STR-024,6,2024-05-04
STR-024,3,2024-05-05
STR-024,1,2024-05-06
STR-024,3,2024-05-07
STR-024,3,2024-05-08
STR-024,1,2024-05-09
STR-024,1,2024-05-10
STR-024,2,2024-05-11
STR-024,2,2024-05-12
STR-024,2,2024-05-13
STR-024,4,2024-05-14
STR-024,4,2024-05-15
STR-024,4,2024-05-16
STR-024,1,2024-05-17
STR-024,2,2024-05-18
STR-024,3,2024-05-19
STR-024,7,2024-05-20
STR-024,1,2024-05-21
STR-024,1,2024-05-22
STR-024,2,2024-05-23
STR-024,4,2024-05-24
STR-024,4,2024-05-25
STR-024,2,2024-05-26
STR-024,4,2024-05-27
STR-024,1,2024-05-28
STR-024,4,2024-05-29
STR-024,3,2024-05-30
STR-024,1,2024-05-31
STR-024,2,2024-06-01
STR-024,6,2024-06-02
STR-024,8,2024-06-03
STR-024,2,2024-06-04
STR-024,4,2024-06-05
STR-024,5,2024-06-07
STR-024,5,2024-06-09
STR-024,4,2024-06-10
STR-024,5,2024-06-11
STR-024,1,2024-06-13
STR-024,3,2024-06-14
STR-024,3,2024-06-15
STR-024,4,2024-06-16
STR-024,1,2024-06-17
STR-024,5,2024-06-18
STR-024,4,2024-06-19
STR-024,2,2024-06-20
STR-024,4,2024-06-22
STR-024,3,2024-06-23
STR-024,4,2024-06-24
STR-024,2,2024-06-25
STR-024,4,2024-06-26
STR-024,3,2024-06-27
STR-024,3,2024-06-28
STR-024,7,2024-06-29
STR-024,3,2024-06-30
STR-024,3,2024-07-01
STR-024,1,2024-07-02
STR-024,2,2024-07-03
STR-024,3,2024-07-04
STR-024,4,2024-07-05
STR-024,4,2024-07-06
STR-024,6,2024-07-07
STR-024,1,2024-07-08
STR-024,3,2024-07-10
STR-024,4,2024-07-11
STR-024,2,2024-07-12
STR-024,2,2024-07-13
STR-024,3,2024-07-14
STR-024,6,2024-07-15
STR-024,5,2024-07-16
STR-024,2,2024-07-17
STR-024,4,2024-07-18
STR-024,1,2024-07-19
STR-024,2,2024-07-20
STR-024,3,2024-07-22
STR-024,4,2024-07-23
STR-024,3,2024-07-24
STR-024,1,2024-07-25
STR-024,4,2024-07-26
STR-024,6,2024-07-27
STR-024,1,2024-07-28
STR-024,4,2024-07-29
STR-024,3,2024-07-30
STR-024,2,2024-08-01
STR-024,6,2024-08-02
STR-024,1,2024-08-03
STR-024,1,2024-08-04
STR-024,4,2024-08-05
STR-024,2,2024-08-06
STR-024,3,2024-08-07
STR-024,2,2024-08-08
STR-024,2,2024-08-09
STR-024,4,2024-08-10
STR-024,4,2024-08-11
STR-024,3,2024-08-12
STR-024,2,2024-08-13
STR-024,3,2024-08-14
STR-024,1,2024-08-15
STR-024,9,2024-08-16
STR-024,5,2024-08-17
STR-024,5,2024-08-18
STR-024,5,2024-08-20
STR-024,4,2024-08-21
STR-024,3,2024-08-22
STR-024,4,2024-08-23
STR-024,1,2024-08-24
STR-024,2,2024-08-25
STR-024,3,2024-08-26
STR-024,2,2024-08-27
STR-024,4,2024-08-28
STR-024,4,2024-08-29
STR-024,3,2024-08-30
STR-024,2,2024-08-31
STR-024,6,2024-09-01
STR-024,2,2024-09-02
STR-024,1,2024-09-03
STR-024,2,2024-09-04
STR-024,8,2024-09-05
STR-024,3,2024-09-06
STR-024,1,2024-09-07
STR-024,5,2024-09-08
STR-024,4,2024-09-09
STR-024,3,2024-09-10
STR-024,5,2024-09-11
STR-024,2,2024-09-12
STR-024,2,2024-09-13
STR-024,4,2024-09-14
STR-024,3,2024-09-15
STR-024,5,2024-09-16
STR-024,3,2024-09-17
STR-024,2,2024-09-18
STR-024,2,2024-09-19
STR-024,3,2024-09-20
STR-024,3,2024-09-21
STR-024,3,2024-09-22
STR-024,5,2024-09-23
STR-024,2,2024-09-25
STR-024,3,2024-09-27
STR-024,1,2024-09-28
STR-024,1,2024-09-29
STR-024,2,2024-09-30
STR-024,1,2024-10-01
STR-024,2,2024-10-03
STR-024,1,2024-10-04
STR-024,5,2024-10-05
STR-024,1,2024-10-06
STR-024,4,2024-10-07
STR-024,1,2024-10-08
STR-024,2,2024-10-09
STR-024,5,2024-10-10
STR-024,1,2024-10-11
STR-024,4,2024-10-13
STR-024,1,2024-10-14
STR-024,3,2024-10-15
STR-024,2,2024-10-17
STR-024,5,2024-10-18
STR-024,1,2024-10-19
STR-024,5,2024-10-20
STR-024,3,2024-10-21
STR-024,3,2024-10-22
STR-024,3,2024-10-23
STR-024,4,2024-10-24
STR-024,1,2024-10-25
STR-024,4,2024-10-26
STR-024,4,2024-10-27
STR-024,1,2024-10-28
STR-024,3,2024-10-29
STR-024,3,2024-10-30
STR-024,2,2024-10-31
STR-024,5,2024-11-01
STR-024,6,2024-11-03
STR-024,5,2024-11-04
STR-024,4,2024-11-05
STR-024,3,2024-11-07
STR-024,3,2024-11-08
STR-024,2,2024-11-09
STR-024,4,2024-11-10
STR-024,6,2024-11-11
STR-024,2,2024-11-12
STR-024,1,2024-11-13
STR-024,4,2024-11-14
STR-024,5,2024-11-15
STR-024,5,2024-11-16
STR-024,2,2024-11-17
STR-024,1,2024-11-18
STR-024,5,2024-11-19
STR-024,3,2024-11-20
STR-024,3,2024-11-21
STR-024,2,2024-11-22
STR-024,6,2024-11-23
STR-024,6,2024-11-24
STR-024,3,2024-11-25
STR-024,3,2024-11-27
STR-024,4,2024-11-28
STR-024,3,2024-11-29
STR-024,6,2024-11-30
STR-024,4,2024-12-01
STR-024,4,2024-12-02
STR-024,6,2024-12-03
STR-024,4,2024-12-04
STR-024,1,2024-12-05
STR-024,1,2024-12-06
STR-024,9,2024-12-07
STR-024,3,2024-12-08
STR-024,3,2024-12-09
STR-024,2,2024-12-10
STR-024,4,2024-12-11
STR-024,5,2024-12-12
STR-024,4,2024-12-13
STR-024,1,2024-12-14
STR-024,4,2024-12-15
STR-024,3,2024-12-16
STR-024,1,2024-12-17
STR-024,3,2024-12-18
STR-024,6,2024-12-19
STR-024,4,2024-12-20
STR-024,4,2024-12-21
STR-024,3,2024-12-22
STR-024,1,2024-12-23
STR-024,4,2024-12-24
STR-024,7,2024-12-25
STR-024,3,2024-12-26
STR-024,3,2024-12-27
STR-024,7,2024-12-28
STR-024,6,2024-12-29
STR-024,1,2024-12-30
STR-024,3,2024-12-31
STR-024,3,2025-01-01
STR-024,7,2025-01-02
STR-024,7,2025-01-03
STR-024,7,2025-01-04
STR-024,1,2025-01-05
STR-024,4,2025-01-06
STR-024,3,2025-01-07
STR-024,2,2025-01-08
STR-024,3,2025-01-09
STR-024,3,2025-01-10
STR-024,3,2025-01-11
STR-024,5,2025-01-12
STR-024,3,2025-01-13
STR-024,1,2025-01-14
STR-024,6,2025-01-15
STR-024,3,2025-01-16
STR-024,4,2025-01-17
STR-024,2,2025-01-18
STR-024,2,2025-01-19
STR-024,4,2025-01-20
STR-024,2,2025-01-21
STR-024,3,2025-01-22
STR-024,3,2025-01-23
STR-024,3,2025-01-24
STR-024,5,2025-01-25
STR-024,3,2025-01-26
STR-024,1,2025-01-27
STR-024,2,2025-01-28
STR-024,4,2025-01-29
STR-024,4,2025-01-30
STR-024,6,2025-01-31
STR-024,5,2025-02-01
STR-024,3,2025-02-02
STR-024,2,2025-02-03
STR-024,4,2025-02-04
STR-024,5,2025-02-05
STR-024,6,2025-02-06
STR-024,3,2025-02-07
STR-024,1,2025-02-08
STR-024,3,2025-02-09
STR-024,5,2025-02-10
STR-024,5,2025-02-11
STR-024,2,2025-02-12
STR-024,4,2025-02-13
STR-024,3,2025-02-14
STR-024,4,2025-02-15
STR-024,4,2025-02-17
STR-024,1,2025-02-19
STR-024,4,2025-02-20
STR-024,5,2025-02-21
STR-024,1,2025-02-22
STR-024,3,2025-02-23
STR-024,4,2025-02-24
STR-024,6,2025-02-25
STR-024,2,2025-02-26
STR-024,5,2025-02-27
STR-024,6,2025-02-28
STR-024,4,2025-03-01
STR-024,3,2025-03-02
STR-024,3,2025-03-03
STR-024,1,2025-03-04
STR-024,1,2025-03-05
STR-024,2,2025-03-06
STR-024,5,2025-03-07
STR-024,4,2025-03-08
STR-024,2,2025-03-09
STR-024,3,2025-03-10
STR-024,5,2025-03-11
STR-024,8,2025-03-12
STR-024,2,2025-03-13
STR-024,5,2025-03-14
STR-024,4,2025-03-15
STR-024,3,2025-03-16
STR-024,4,2025-03-17
STR-024,1,2025-03-18
STR-024,3,2025-03-20
STR-024,3,2025-03-21
STR-024,4,2025-03-22
STR-024,3,2025-03-23
STR-024,3,2025-03-24
STR-024,2,2025-03-25
STR-024,1,2025-03-26
STR-024,3,2025-03-27
STR-024,5,2025-03-28
STR-024,1,2025-03-29
STR-024,2,2025-03-30
STR-024,4,2025-03-31
STR-024,4,2025-04-01
STR-024,5,2025-04-02
STR-024,2,2025-04-03
STR-024,3,2025-04-04
STR-024,2,2025-04-05
STR-024,3,2025-04-06
STR-024,3,2025-04-07
STR-024,1,2025-04-08
STR-024,2,2025-04-09
STR-024,1,2025-04-10
STR-024,3,2025-04-12
STR-024,1,2025-04-13
STR-024,4,2025-04-14
STR-024,3,2025-04-15
STR-024,1,2025-04-16
STR-024,3,2025-04-17
STR-024,3,2025-04-18
STR-024,2,2025-04-19
STR-024,4,2025-04-20
STR-024,2,2025-04-21
STR-024,9,2025-04-22
STR-024,7,2025-04-23
STR-024,4,2025-04-24
STR-024,1,2025-04-25
STR-024,3,2025-04-26
STR-024,3,2025-04-27
STR-024,5,2025-04-28
STR-024,2,2025-04-29
STR-024,5,2025-04-30
STR-024,10,2025-05-01
STR-024,5,2025-05-02
STR-024,3,2025-05-03
STR-024,3,2025-05-04
STR-024,5,2025-05-05
STR-024,1,2025-05-06
STR-024,1,2025-05-07
STR-024,2,2025-05-08
STR-024,2,2025-05-09
STR-024,3,2025-05-10
STR-024,7,2025-05-12
STR-024,4,2025-05-13
STR-024,4,2025-05-14
STR-024,2,2025-05-15
STR-024,5,2025-05-16
STR-024,2,2025-05-17
STR-024,2,2025-05-18
STR-024,5,2025-05-19
STR-024,4,2025-05-20
STR-024,4,2025-05-21
STR-024,2,2025-05-23
STR-024,1,2025-05-24
STR-024,6,2025-05-25
STR-024,3,2025-05-27
STR-024,1,2025-05-29
STR-024,4,2025-05-30
STR-024,2,2025-05-31
STR-024,6,2025-06-01
STR-024,2,2025-06-02
STR-024,2,2025-06-03
STR-024,3,2025-06-04
STR-024,2,2025-06-05
STR-024,4,2025-06-07
STR-024,1,2025-06-08
STR-024,4,2025-06-09
STR-024,7,2025-06-10
STR-024,5,2025-06-11
STR-024,4,2025-06-12
STR-024,3,2025-06-13
STR-024,3,2025-06-14
STR-024,2,2025-06-15
STR-024,2,2025-06-16
STR-024,3,2025-06-17
STR-024,7,2025-06-18
STR-024,1,2025-06-19
STR-024,3,2025-06-20
STR-024,4,2025-06-21
STR-024,5,2025-06-22
STR-024,5,2025-06-23
STR-024,2,2025-06-24
STR-024,5,2025-06-25
STR-024,2,2025-06-26
STR-024,3,2025-06-27
STR-024,1,2025-06-28
STR-024,4,2025-06-29
STR-024,4,2025-06-30
STR-024,3,2025-07-01
STR-024,1,2025-07-02
STR-024,2,2025-07-03
STR-024,5,2025-07-04
STR-024,3,2025-07-05
STR-024,2,2025-07-06
STR-024,5,2025-07-07
STR-024,3,2025-07-08
STR-024,3,2025-07-09
STR-024,5,2025-07-10
STR-024,5,2025-07-11
STR-024,2,2025-07-12
STR-024,5,2025-07-13
STR-024,2,2025-07-14
STR-024,4,2025-07-15
STR-024,3,2025-07-16
STR-024,7,2025-07-17
STR-024,4,2025-07-18
STR-024,1,2025-07-19
STR-024,6,2025-07-20
STR-024,1,2025-07-21
STR-024,6,2025-07-22
STR-024,1,2025-07-23
STR-024,3,2025-07-24
STR-024,2,2025-07-25
STR-024,6,2025-07-26
STR-024,5,2025-07-27
STR-024,3,2025-07-28
STR-024,2,2025-07-29
STR-024,2,2025-07-30
STR-024,4,2025-07-31
STR-024,4,2025-08-01
STR-024,3,2025-08-02
STR-024,3,2025-08-03
STR-024,7,2025-08-04
STR-024,2,2025-08-05
STR-024,4,2025-08-07
STR-024,3,2025-08-08
STR-024,3,2025-08-09
STR-024,3,2025-08-10
STR-024,8,2025-08-11
STR-024,3,2025-08-12
STR-024,3,2025-08-13
STR-024,5,2025-08-14
STR-024,4,2025-08-15
STR-024,3,2025-08-16
STR-024,5,2025-08-17
STR-024,5,2025-08-18
STR-024,6,2025-08-20
STR-024,2,2025-08-21
STR-024,7,2025-08-22
STR-024,1,2025-08-23
STR-024,6,2025-08-24
STR-024,2,2025-08-25
STR-024,2,2025-08-26
STR-024,1,2025-08-27
STR-024,3,2025-08-28
STR-024,1,2025-08-29
STR-024,3,2025-08-30
STR-024,5,2025-08-31
STR-024,4,2025-09-01
STR-024,4,2025-09-02
STR-024,3,2025-09-03
STR-024,3,2025-09-04
STR-024,6,2025-09-05
STR-024,2,2025-09-06
STR-024,3,2025-09-07
STR-024,4,2025-09-08
STR-024,2,2025-09-09
STR-024,3,2025-09-10
STR-024,1,2025-09-12
STR-024,3,2025-09-13
STR-024,2,2025-09-14
STR-024,3,2025-09-15
STR-024,2,2025-09-16
STR-024,3,2025-09-17
STR-024,2,2025-09-18
STR-024,3,2025-09-19
STR-024,5,2025-09-20
STR-024,4,2025-09-21
STR-024,6,2025-09-22
STR-024,1,2025-09-23
STR-024,5,2025-09-24
STR-024,4,2025-09-25
STR-024,5,2025-09-26
STR-024,3,2025-09-27
STR-024,1,2025-09-28
STR-024,1,2025-09-29
STR-024,1,2025-09-30
STR-024,1,2025-10-01
STR-024,2,2025-10-02
STR-024,3,2025-10-03
STR-024,6,2025-10-04
STR-024,1,2025-10-06
STR-024,1,2025-10-08
STR-024,3,2025-10-09
STR-024,1,2025-10-10
STR-024,3,2025-10-11
STR-024,2,2025-10-12
STR-024,1,2025-10-13
STR-024,3,2025-10-14
STR-024,2,2025-10-15
STR-024,5,2025-10-16
STR-024,4,2025-10-17
STR-024,7,2025-10-18
STR-024,1,2025-10-19
STR-024,2,2025-10-20
STR-024,3,2025-10-21
STR-024,2,2025-10-22
STR-024,6,2025-10-23
STR-024,1,2025-10-25
STR-024,5,2025-10-26
STR-024,2,2025-10-27
STR-024,2,2025-10-28
STR-024,3,2025-10-29
STR-024,4,2025-10-30
STR-024,1,2025-10-31
STR-024,2,2025-11-01
STR-024,1,2025-11-02
STR-024,4,2025-11-03
STR-024,2,2025-11-04
STR-024,7,2025-11-05
STR-024,2,2025-11-07
STR-024,3,2025-11-08
STR-024,2,2025-11-10
STR-024,3,2025-11-11
STR-024,5,2025-11-12
STR-024,3,2025-11-13
STR-024,2,2025-11-14
STR-024,5,2025-11-15
STR-024,1,2025-11-16
STR-024,7,2025-11-17
STR-024,3,2025-11-18
STR-024,2,2025-11-19
STR-024,7,2025-11-20
STR-024,3,2025-11-21
STR-024,4,2025-11-22
STR-024,4,2025-11-23
STR-024,3,2025-11-24
STR-024,5,2025-11-25
STR-024,3,2025-11-26
STR-024,3,2025-11-27
STR-024,2,2025-11-28
STR-024,5,2025-11-29
STR-024,5,2025-11-30
STR-024,4,2025-12-01
STR-024,1,2025-12-02
STR-024,5,2025-12-03
STR-024,2,2025-12-04
STR-024,4,2025-12-05
STR-024,5,2025-12-06
STR-024,3,2025-12-08
STR-024,4,2025-12-09
STR-024,1,2025-12-10
STR-024,2,2025-12-11
STR-024,1,2025-12-12
STR-024,1,2025-12-13
STR-024,4,2025-12-14
STR-024,4,2025-12-15
STR-024,6,2025-12-16
STR-024,4,2025-12-17
STR-024,3,2025-12-18
STR-024,3,2025-12-19
STR-024,1,2025-12-20
STR-024,1,2025-12-21
STR-024,2,2025-12-22
STR-024,2,2025-12-23
STR-024,4,2025-12-24
STR-024,2,2025-12-25
STR-024,3,2025-12-27
STR-024,2,2025-12-28
STR-024,1,2025-12-29
STR-024,2,2025-12-30
STR-024,4,2025-12-31
STR-024,4,2026-01-01
STR-024,1,2026-01-02
STR-024,1,2026-01-03
STR-024,5,2026-01-04
STR-024,3,2026-01-05
STR-024,4,2026-01-06
STR-024,4,2026-01-07
STR-024,3,2026-01-08
STR-024,3,2026-01-09
STR-024,4,2026-01-10
STR-024,5,2026-01-11
STR-024,8,2026-01-12
STR-024,2,2026-01-13
STR-024,6,2026-01-14
STR-024,4,2026-01-15
STR-024,2,2026-01-16
STR-024,5,2026-01-17
STR-024,3,2026-01-18
STR-024,1,2026-01-19
STR-024,6,2026-01-20
STR-024,4,2026-01-21
STR-024,5,2026-01-23
STR-024,6,2026-01-24
STR-024,1,2026-01-25
